0.17,0.17,0.05,-0.00,-0.00
0.17,0.17,0.05,-0.00,-0.00
0.17,0.17,0.05,-0.00,-0.00
0.17,0.17,0.05,-0.00,-0.00
0.17,0.17,0.05,-0.00,-0.00
0.17,0.17,0.05,-0.00,-0.00
0.17,0.17,0.05,-0.00,-0.00
0.17,0.17,0.05,-0.00,-0.00
0.17,0.17,0.05,-0.00,-0.00
0.17,0.17,0.05,-0.00,-0.00
0.17,0.17,0.05,-0.00,-0.00
0.17,0.17,0.05,-0.00,-0.00
0.17,0.17,0.05,-0.00,-0.00
0.17,0.17,0.05,-0.00,-0.00
0.17,0.17,0.05,-0.00,-0.00
0.17,0.17,0.05,-0.00,-0.00
0.17,0.17,0.05,-0.00,-0.00
0.17,0.17,0.05,-0.00,-0.00
0.17,0.17,0.05,-0.00,-0.00
0.17,0.17,0.05,-0.00,-0.00
0.17,0.17,0.05,-0.00,-0.00
0.17,0.17,0.05,-0.00,-0.00
0.17,0.17,0.05,-0.00,-0.00
0.17,0.17,0.05,-0.00,-0.00
0.17,0.17,0.05,-0.00,-0.00
0.17,0.17,0.05,-0.00,-0.00
0.17,0.17,0.05,-0.00,-0.00
0.17,0.17,0.05,-0.00,-0.00
0.17,0.17,0.05,-0.00,-0.00
0.17,0.17,0.05,-0.00,-0.00
0.17,0.17,0.05,-0.00,-0.00
0.17,0.17,0.05,-0.00,-0.00
0.17,0.17,0.05,-0.00,-0.00
0.17,0.17,0.05,-0.00,-0.00
0.29,0.29,0.05,0.84,1.16
4.37,4.37,2.43,12.92,11.28
15.07,15.07,16.86,28.88,28.44
19.87,19.87,22.36,34.06,30.86
24.34,24.34,31.16,37.84,37.81
23.70,23.70,29.48,35.90,37.08
27.66,27.66,34.13,40.06,37.75
26.87,26.87,30.70,43.60,39.54
29.83,29.83,32.62,40.50,43.75
31.03,31.03,34.52,43.16,44.40
28.75,28.75,38.33,38.53,46.45
30.83,30.83,40.22,45.68,49.79
29.93,29.93,39.08,42.49,43.46
30.39,30.39,38.16,41.33,44.44
31.85,31.85,42.03,40.92,50.47
33.32,33.32,39.12,40.91,47.98
33.29,33.29,37.76,45.71,46.49
35.25,35.25,36.57,44.25,41.29
28.87,28.87,34.28,40.58,44.80
32.81,32.81,39.90,43.33,46.18
30.08,30.08,35.96,44.66,48.67
28.98,28.98,44.85,43.93,48.04
31.59,31.59,42.77,42.55,44.97
31.22,31.22,38.22,41.21,45.18
31.18,31.18,40.63,35.50,44.12
33.55,33.55,39.65,39.52,43.93
31.85,31.85,44.11,41.92,43.97
30.36,30.36,39.63,41.41,44.01
30.53,30.53,44.71,41.82,46.31
29.18,29.18,38.91,41.93,48.84
28.10,28.10,56.22,38.84,49.57
22.75,22.75,58.71,26.00,37.98
8.72,8.72,75.48,13.22,34.08
11.41,11.41,70.12,9.48,36.78
25.81,25.81,57.85,22.76,38.82
28.46,28.46,56.26,28.91,41.25
28.59,28.59,47.73,32.74,39.68
25.99,25.99,39.78,38.08,38.87
25.48,25.48,36.66,38.03,42.38
24.80,24.80,36.21,42.26,38.29
25.93,25.93,39.61,39.28,40.88
25.41,25.41,37.05,35.39,39.01
23.91,23.91,33.31,37.41,37.73
26.67,26.67,33.36,37.90,36.71
25.15,25.15,34.12,36.30,35.10
27.49,27.49,40.31,31.04,36.06
26.87,26.87,36.25,35.42,35.61
26.15,26.15,35.85,40.71,42.52
24.22,24.22,34.95,36.10,33.79
15.36,15.36,40.65,35.47,28.16
11.74,11.74,39.19,24.87,22.12
11.25,11.25,54.23,15.40,14.64
10.92,10.92,81.91,1.35,6.81
8.84,8.84,77.47,5.18,10.37
11.10,11.10,71.23,9.38,19.67
20.32,20.32,67.87,25.33,28.24
25.75,25.75,63.59,25.83,33.06
21.45,21.45,38.86,21.63,25.29
13.26,13.26,31.42,9.92,17.33
7.68,7.68,26.76,9.99,10.65
6.34,6.34,26.06,19.66,18.00
8.56,8.56,40.17,32.30,25.93
11.20,11.20,69.30,40.18,28.99
10.66,10.66,66.00,29.25,24.97
16.17,16.17,65.15,29.23,26.09
21.07,21.07,62.84,27.09,28.20
17.01,17.01,42.58,13.97,21.63
13.22,13.22,31.54,5.38,17.95
14.09,14.09,25.97,3.25,14.20
10.96,10.96,27.10,10.15,12.82
8.87,8.87,30.36,22.97,20.31
9.91,9.91,39.42,30.00,30.86
10.50,10.50,73.23,42.68,33.52
6.62,6.62,68.71,34.27,30.24
9.60,9.60,66.47,28.87,31.83
16.80,16.80,63.35,24.52,30.76
23.34,23.34,53.15,18.87,30.29
17.21,17.21,36.10,10.13,22.37
15.00,15.00,30.62,2.99,14.55
11.08,11.08,29.32,10.93,10.84
12.09,12.09,27.96,18.83,17.04
12.10,12.10,36.10,30.80,20.42
11.53,11.53,71.62,45.48,24.00
9.89,9.89,62.07,29.22,22.29
18.86,18.86,55.83,26.73,24.07
22.40,22.40,44.08,16.88,23.04
17.28,17.28,30.03,4.06,18.20
15.96,15.96,23.04,1.28,15.06
6.06,6.06,15.67,0.99,7.61
0.91,0.91,18.81,3.20,13.44
2.46,2.46,19.19,3.96,18.04
11.45,11.45,41.49,11.96,21.05
13.16,13.16,92.87,19.27,17.37
9.89,9.89,88.84,20.64,12.35
6.35,6.35,85.09,18.45,18.88
5.82,5.82,81.25,14.47,17.93
3.99,3.99,76.43,9.48,18.61
3.23,3.23,73.64,3.98,22.34
3.31,3.31,73.78,13.29,23.87
2.61,2.61,71.23,6.80,26.17
4.84,4.84,67.97,15.50,27.35
11.91,11.91,64.87,24.07,28.42
8.43,8.43,42.53,27.07,22.18
5.35,5.35,28.24,13.44,12.10
1.21,1.21,26.13,4.50,11.69
0.17,0.17,23.40,0.31,11.16
0.17,0.17,20.79,0.01,11.01
0.17,0.17,17.50,-0.00,9.81
0.17,0.17,12.76,-0.00,6.72
0.31,0.31,9.99,-0.00,1.81
1.17,1.17,14.48,-0.00,2.20
6.54,6.54,37.15,-0.00,4.23
16.80,16.80,81.43,-0.00,7.37
15.42,15.42,76.73,1.65,9.81
22.29,22.29,71.45,9.36,16.03
25.48,25.48,66.08,22.88,25.37
25.37,25.37,65.35,29.41,29.35
28.70,28.70,60.32,39.59,34.92
26.21,26.21,62.77,38.55,36.30
23.03,23.03,64.64,41.58,41.13
27.31,27.31,66.02,38.05,44.26
30.29,30.29,61.63,39.44,40.83
21.94,21.94,38.98,21.02,27.41
14.85,14.85,24.21,11.25,14.55
6.53,6.53,23.41,2.30,10.48
5.48,5.48,13.74,0.14,9.45
3.41,3.41,9.15,-0.00,5.25
0.17,0.17,16.84,0.38,9.95
0.17,0.17,17.60,3.95,11.69
0.18,0.18,19.06,9.76,9.20
1.25,1.25,21.40,14.52,10.04
5.14,5.14,45.34,24.70,11.65
11.30,11.30,74.37,25.16,11.13
8.51,8.51,68.21,16.87,11.16
9.64,9.64,66.94,18.01,14.01
18.86,18.86,62.70,21.41,26.11
26.47,26.47,51.64,17.65,23.55
13.93,13.93,29.34,9.89,16.00
9.13,9.13,18.45,0.35,5.95
10.36,10.36,9.69,-0.00,2.56
3.63,3.63,6.81,-0.00,0.88
0.49,0.49,5.91,-0.00,0.21
0.17,0.17,4.88,-0.00,0.01
0.17,0.17,3.93,-0.00,0.00
0.17,0.17,3.99,-0.00,0.34
0.17,0.17,5.61,-0.00,1.57
0.17,0.17,4.70,-0.00,1.10
0.52,0.52,1.54,-0.00,0.80
3.32,3.32,2.31,0.13,3.28
7.48,7.48,10.39,6.50,10.74
15.52,15.52,27.08,19.00,27.21
34.60,34.60,46.09,32.83,39.49
36.79,36.79,70.52,37.58,42.47
28.93,28.93,70.20,31.86,34.10
31.14,31.14,66.07,29.24,33.63
29.96,29.96,60.66,27.45,30.38
24.69,24.69,43.26,14.46,20.77
12.28,12.28,24.96,4.90,11.61
8.68,8.68,20.50,-0.00,8.37
5.28,5.28,12.04,-0.00,2.87
11.00,11.00,16.46,0.69,5.52
27.99,27.99,35.18,7.31,17.02
38.95,38.95,54.70,15.35,24.72
34.53,34.53,53.89,13.94,23.61
30.84,30.84,47.42,14.22,23.13
26.03,26.03,36.77,12.86,19.70
11.57,11.57,17.74,7.25,10.01
2.35,2.35,6.49,0.22,3.02
2.36,2.36,8.83,0.41,3.19
2.22,2.22,13.93,0.61,10.78
4.37,4.37,19.84,9.10,18.31
11.99,11.99,42.79,20.54,19.09
14.68,14.68,93.01,19.53,17.63
11.38,11.38,88.78,17.03,12.03
7.34,7.34,84.72,17.14,18.87
7.41,7.41,81.39,10.19,21.88
4.29,4.29,75.79,2.38,19.23
5.28,5.28,73.16,1.71,21.15
4.22,4.22,73.92,1.84,21.95
4.42,4.42,70.60,2.70,21.22
5.35,5.35,67.93,10.33,22.49
11.69,11.69,65.14,20.20,25.70
11.02,11.02,43.75,16.30,18.15
4.39,4.39,30.10,10.32,12.34
1.86,1.86,25.03,1.29,10.19
0.17,0.17,22.18,0.17,9.67
0.17,0.17,18.87,-0.00,8.53
0.18,0.18,15.12,-0.00,7.23
2.60,2.60,10.77,0.25,6.00
8.30,8.30,13.02,6.16,11.26
18.38,18.38,25.51,19.59,26.02
32.04,32.04,49.41,35.42,40.78
25.08,25.08,69.23,39.05,41.65
23.71,23.71,69.15,34.85,36.66
27.50,27.50,65.34,25.36,33.82
25.64,25.64,58.65,23.09,28.89
21.35,21.35,39.66,9.09,20.36
9.45,9.45,21.67,3.13,8.81
2.72,2.72,13.40,-0.00,4.74
4.06,4.06,9.40,-0.00,3.49
11.17,11.17,13.09,0.13,7.84
29.82,29.82,35.72,5.91,19.22
38.44,38.44,53.79,11.79,25.21
33.86,33.86,52.15,11.44,27.10
29.95,29.95,46.13,13.23,25.36
22.99,22.99,34.58,11.89,21.72
10.48,10.48,15.85,6.99,10.20
2.42,2.42,7.15,0.71,4.12
1.92,1.92,12.17,6.38,8.65
4.49,4.49,14.48,5.60,12.41
9.16,9.16,21.45,13.34,16.38
10.20,10.20,42.66,12.68,15.73
8.50,8.50,82.74,2.82,10.24
11.17,11.17,77.73,0.90,17.19
19.81,19.81,72.68,9.83,22.34
30.32,30.32,67.41,21.10,31.43
32.33,32.33,64.76,21.46,30.30
19.63,19.63,44.62,16.98,20.36
7.94,7.94,19.17,14.21,14.43
2.06,2.06,25.28,14.66,12.44
2.75,2.75,27.71,27.03,22.84
5.72,5.72,42.29,33.03,30.23
9.91,9.91,66.60,41.68,38.84
17.71,17.71,59.68,34.67,32.02
26.94,26.94,55.63,28.14,33.25
30.36,30.36,50.95,21.42,27.92
21.85,21.85,32.23,12.80,17.71
7.96,7.96,14.41,2.21,6.39
1.58,1.58,9.90,5.60,3.14
2.04,2.04,17.11,14.79,9.03
4.28,4.28,25.89,24.93,21.55
6.94,6.94,49.01,32.45,25.55
7.98,7.98,72.19,41.38,29.00
10.51,10.51,68.53,23.85,25.46
15.59,15.59,67.09,27.48,26.61
23.14,23.14,62.73,24.71,31.97
28.00,28.00,53.18,18.83,26.17
16.87,16.87,28.54,5.66,17.70
8.13,8.13,14.82,4.76,7.37
3.90,3.90,14.63,12.27,11.04
6.27,6.27,26.51,20.02,22.73
8.49,8.49,41.61,33.39,29.99
12.19,12.19,70.08,43.51,35.77
12.64,12.64,70.14,33.67,28.74
14.96,14.96,68.64,31.39,32.32
17.72,17.72,69.55,23.73,30.09
20.19,20.19,57.02,18.44,27.89
17.90,17.90,39.71,9.61,21.15
7.05,7.05,20.83,0.48,9.59
1.31,1.31,14.69,0.03,3.65
1.33,1.33,28.67,0.00,8.05
11.02,11.02,49.44,1.07,15.39
10.04,10.04,90.95,2.67,24.84
8.71,8.71,87.73,2.72,27.80
6.65,6.65,83.28,0.04,17.41
7.39,7.39,78.82,-0.00,22.12
6.91,6.91,74.64,-0.00,23.46
5.47,5.47,72.47,-0.00,24.12
4.94,4.94,73.18,0.58,24.84
5.41,5.41,70.97,5.29,22.99
8.24,8.24,68.77,12.61,23.95
18.88,18.88,65.52,21.84,23.07
14.99,14.99,46.93,20.69,17.53
8.72,8.72,36.01,12.52,12.57
2.98,2.98,26.68,5.24,11.51
0.17,0.17,23.44,0.47,10.06
0.17,0.17,20.39,-0.00,8.60
2.95,2.95,18.20,0.17,7.47
9.97,9.97,16.43,6.10,8.23
20.02,20.02,22.02,4.21,9.60
36.36,36.36,36.58,8.36,14.89
54.69,54.69,57.10,7.62,16.23
64.88,64.88,82.32,2.25,15.85
76.46,76.46,75.48,0.30,14.21
77.34,77.34,69.42,2.43,15.39
76.63,76.63,68.26,4.88,15.55
74.74,74.74,62.08,13.15,15.93
72.05,72.05,55.49,22.59,14.75
68.36,68.36,54.74,29.59,16.92
61.39,61.39,58.71,31.23,19.66
60.97,60.97,58.20,31.64,22.47
53.63,53.63,50.15,35.31,22.56
44.43,44.43,37.83,31.59,30.82
50.08,50.08,34.60,33.06,34.61
49.84,49.84,39.73,37.93,35.84
50.43,50.43,41.05,43.06,40.65
49.98,49.98,39.36,35.41,40.80
52.89,52.89,35.79,37.68,37.12
54.83,54.83,28.95,41.23,38.65
53.91,53.91,22.60,35.33,30.72
51.04,51.04,25.26,30.85,23.83
60.03,60.03,52.65,36.00,22.66
77.51,77.51,59.81,39.50,28.69
82.14,82.14,53.98,28.33,34.27
80.76,80.76,50.03,33.35,28.93
79.98,79.98,47.01,23.98,23.63
80.11,80.11,50.42,22.38,21.99
80.51,80.51,52.94,18.06,21.47
80.01,80.01,53.55,21.18,23.32
80.43,80.43,53.23,25.41,20.67
80.00,80.00,53.87,20.88,23.13
79.35,79.35,53.91,18.46,24.91
79.72,79.72,54.93,24.65,31.64
80.30,80.30,53.22,31.63,27.14
80.85,80.85,52.33,31.15,34.15
80.16,80.16,53.12,32.12,30.62
79.84,79.84,53.54,25.21,26.06
79.42,79.42,52.52,32.60,26.96
79.43,79.43,52.93,32.64,25.53
79.09,79.09,53.29,31.06,29.07
78.98,78.98,57.62,32.36,32.18
79.15,79.15,66.00,36.23,25.38
78.70,78.70,71.53,44.72,33.87
78.95,78.95,69.74,34.20,28.05
79.03,79.03,64.96,29.10,26.98
80.11,80.11,60.13,26.60,30.20
79.24,79.24,53.60,27.61,26.32
79.28,79.28,48.61,22.57,21.03
80.75,80.75,45.63,25.70,18.52
80.42,80.42,47.80,25.21,20.98
81.20,81.20,48.78,28.79,25.56
80.33,80.33,47.06,35.90,28.66
73.78,73.78,47.52,43.67,29.40
61.95,61.95,45.95,44.76,33.81
60.89,60.89,39.81,43.74,37.50
63.44,63.44,32.09,43.69,40.50
62.09,62.09,26.70,44.14,45.89
60.32,60.32,28.74,45.23,51.35
59.52,59.52,45.00,43.72,50.35
56.73,56.73,52.79,36.94,43.23
56.56,56.56,60.42,27.30,34.86
58.75,58.75,75.32,15.20,29.60
68.00,68.00,90.45,12.90,34.63
78.44,78.44,87.07,16.68,30.40
79.83,79.83,82.34,16.44,38.26
78.34,78.34,78.43,8.02,35.46
78.34,78.34,76.29,0.08,46.36
77.30,77.30,72.28,0.01,45.09
77.99,77.99,73.00,2.26,40.35
78.90,78.90,70.45,6.45,47.30
79.05,79.05,67.50,11.84,48.42
78.89,78.89,64.40,18.81,42.30
80.35,80.35,56.98,21.83,36.00
80.45,80.45,53.87,19.89,36.18
79.61,79.61,50.40,18.09,34.61
79.53,79.53,46.82,20.94,37.83
79.76,79.76,42.24,23.25,40.37
80.53,80.53,38.20,21.76,38.24
80.64,80.64,37.85,21.97,34.84
80.78,80.78,36.36,17.24,32.50
80.85,80.85,34.93,17.56,32.94
81.13,81.13,32.24,20.41,36.19
80.64,80.64,34.33,19.09,38.06
79.09,79.09,33.19,19.35,38.07
77.99,77.99,33.32,16.97,38.60
77.00,77.00,33.73,18.95,37.74
77.27,77.27,32.49,18.23,37.86
77.64,77.64,32.08,15.85,38.47
78.57,78.57,32.66,14.60,35.42
79.72,79.72,33.88,16.32,40.14
80.58,80.58,35.16,18.31,41.89
81.24,81.24,38.41,22.41,37.42
81.67,81.67,44.63,19.15,36.16
81.68,81.68,50.91,25.26,39.06
79.92,79.92,55.35,24.65,38.81
70.01,70.01,51.48,35.32,42.35
72.25,72.25,47.58,32.19,48.54
69.75,69.75,38.74,28.85,50.17
65.86,65.86,42.23,27.20,49.71
65.82,65.82,51.88,27.59,46.22
66.78,66.78,63.19,19.46,47.72
75.41,75.41,75.23,16.19,55.01
74.35,74.35,92.51,24.78,61.99
80.58,80.58,89.15,33.19,66.69
80.19,80.19,91.30,35.54,74.30
80.69,80.69,92.00,29.88,73.85
81.31,81.31,90.66,10.91,72.85
79.75,79.75,91.03,-0.00,73.26
79.14,79.14,87.79,-0.00,75.71
77.69,77.69,87.81,-0.00,75.11
76.58,76.58,83.94,-0.00,77.74
75.84,75.84,79.08,0.34,78.76
76.64,76.64,83.95,8.86,77.35
77.40,77.40,93.04,15.43,75.71
77.43,77.43,86.68,18.11,76.59
76.77,76.77,92.97,23.45,78.51
77.42,77.42,86.31,28.90,77.93
79.44,79.44,78.34,26.49,76.69
80.55,80.55,78.77,25.10,78.05
79.82,79.82,73.10,21.00,74.84
80.53,80.53,57.40,30.36,77.11
79.14,79.14,63.22,30.87,78.70
78.50,78.50,69.55,40.07,76.84
78.87,78.87,68.27,41.01,75.85
76.21,76.21,67.75,44.52,75.16
74.27,74.27,68.43,43.82,77.46
77.21,77.21,68.75,46.53,76.47
76.75,76.75,66.07,45.70,76.46
75.65,75.65,56.96,50.39,76.27
75.65,75.65,53.46,49.81,77.93
67.09,67.09,62.01,48.92,77.16
68.22,68.22,65.12,46.70,76.24
65.28,65.28,70.74,51.92,76.06
63.73,63.73,65.47,44.67,74.70
63.07,63.07,60.28,51.65,71.09
63.23,63.23,55.75,49.00,73.44
63.45,63.45,46.86,52.05,71.81
62.17,62.17,45.91,50.29,70.83
65.52,65.52,50.76,51.13,72.82
70.22,70.22,60.28,47.21,69.60
72.72,72.72,66.80,38.74,72.51
72.19,72.19,77.42,30.71,73.04
67.42,67.42,92.14,31.87,68.22
67.28,67.28,87.26,22.16,73.86
65.14,65.14,82.78,27.47,71.02
56.21,56.21,78.81,28.80,66.69
63.77,63.77,77.22,29.66,72.47
67.51,67.51,73.22,32.27,73.82
68.06,68.06,74.41,32.09,76.76
67.26,67.26,72.41,34.46,76.06
67.99,67.99,67.69,32.41,78.10
67.89,67.89,68.91,36.41,79.13
65.23,65.23,65.84,33.61,77.96
66.36,66.36,64.73,37.03,77.93
67.18,67.18,60.20,34.24,77.83
67.89,67.89,54.54,29.46,76.12
69.23,69.23,45.42,28.60,75.68
69.71,69.71,38.74,27.88,72.96
70.49,70.49,46.68,33.37,72.18
68.17,68.17,57.12,24.64,70.97
61.73,61.73,62.78,24.86,68.73
51.05,51.05,67.38,23.27,64.23
55.46,55.46,92.08,19.35,67.23
58.79,58.79,89.56,7.70,68.06
59.03,59.03,91.12,0.71,71.83
59.78,59.78,91.45,4.33,74.53
56.95,56.95,91.14,5.18,75.79
59.54,59.54,89.35,12.85,79.16
60.31,60.31,90.61,14.38,78.53
60.22,60.22,87.68,12.59,77.73
57.82,57.82,79.56,11.59,77.19
59.01,59.01,72.81,17.80,79.03
56.80,56.80,89.66,24.51,78.05
54.30,54.30,90.97,25.50,79.19
57.93,57.93,90.92,16.54,78.60
59.01,59.01,81.52,11.07,80.92
56.65,56.65,91.29,17.88,78.84
56.61,56.61,88.73,20.81,77.49
56.77,56.77,87.03,21.39,78.08
52.42,52.42,83.28,19.94,76.10
46.09,46.09,84.87,16.69,74.15
52.57,52.57,73.46,6.09,72.58
48.13,48.13,74.19,4.69,72.32
57.34,57.34,69.19,13.57,74.30
59.61,59.61,68.13,25.41,76.30
54.07,54.07,66.76,21.12,74.92
51.31,51.31,62.38,27.81,74.38
50.71,50.71,55.42,31.94,73.55
46.28,46.28,54.87,29.43,75.12
53.44,53.44,62.80,37.11,74.44
55.16,55.16,64.00,34.16,75.81
54.90,54.90,61.10,40.09,75.37
52.08,52.08,60.76,41.87,73.57
53.80,53.80,57.65,40.48,73.75
57.52,57.52,47.62,42.04,69.92
59.49,59.49,41.23,47.09,73.15
58.43,58.43,45.63,47.19,75.04
54.87,54.87,41.88,47.14,75.61
51.45,51.45,40.61,47.55,75.75
52.97,52.97,42.94,48.48,72.88
49.74,49.74,43.31,48.83,70.41
52.27,52.27,48.29,47.27,72.61
53.77,53.77,70.77,47.45,70.55
51.01,51.01,71.35,49.84,72.30
49.63,49.63,65.51,47.65,72.77
44.95,44.95,60.97,49.67,73.95
41.36,41.36,48.94,50.63,73.47
46.51,46.51,31.89,49.58,73.43
50.05,50.05,31.65,51.83,71.54
50.46,50.46,26.71,49.80,72.65
47.11,47.11,26.39,52.44,71.09
46.69,46.69,44.67,51.11,70.16
49.00,49.00,62.71,54.01,68.85
46.03,46.03,62.97,51.23,74.56
41.01,41.01,52.46,53.93,73.62
49.23,49.23,44.87,54.65,73.07
47.40,47.40,39.04,49.48,74.76
45.88,45.88,38.12,54.17,74.33
51.86,51.86,48.53,50.29,73.49
41.69,41.69,59.91,45.59,70.71
38.20,38.20,66.18,38.23,63.62
34.64,34.64,70.64,36.69,56.75
26.81,26.81,92.58,39.97,57.36
32.48,32.48,87.82,35.37,50.62
40.68,40.68,83.40,31.87,49.89
48.55,48.55,80.16,25.03,53.97
48.48,48.48,75.76,29.67,56.34
41.80,41.80,72.16,29.04,53.24
40.93,40.93,74.69,26.92,50.46
40.76,40.76,70.65,22.30,54.28
42.96,42.96,67.82,33.37,51.47
42.99,42.99,66.27,29.28,52.47
45.05,45.05,62.67,25.82,51.59
46.31,46.31,62.53,34.28,52.51
46.20,46.20,54.41,38.85,50.10
45.92,45.92,47.73,41.00,50.34
47.07,47.07,43.37,40.09,49.06
45.95,45.95,37.93,40.45,47.68
43.73,43.73,30.56,41.87,48.08
43.42,43.42,34.35,37.73,45.06
34.56,34.56,43.93,25.03,44.92
27.48,27.48,59.28,18.58,56.16
23.21,23.21,82.43,22.00,68.27
31.01,31.01,84.53,21.06,72.23
33.29,33.29,83.26,23.73,71.63
33.54,33.54,81.37,27.23,72.82
33.12,33.12,75.04,34.52,73.88
35.03,35.03,62.43,38.79,73.59
30.75,30.75,45.63,40.23,74.85
33.50,33.50,49.89,35.55,69.93
34.27,34.27,49.56,25.88,60.38
31.66,31.66,52.08,17.92,53.79
28.61,28.61,78.54,18.08,51.87
23.90,23.90,84.96,19.22,42.24
24.74,24.74,84.22,23.93,35.38
35.30,35.30,82.05,20.80,41.44
38.46,38.46,75.70,24.36,42.47
36.62,36.62,62.07,16.72,42.03
39.83,39.83,45.06,24.12,42.33
35.55,35.55,41.71,12.54,41.51
20.85,20.85,47.47,10.77,39.99
10.67,10.67,59.54,8.37,52.99
10.24,10.24,92.56,6.49,61.40
12.99,12.99,89.99,11.13,55.45
19.79,19.79,92.13,16.52,52.68
23.79,23.79,93.10,19.81,54.55
22.76,22.76,91.64,15.76,62.01
25.10,25.10,90.08,12.07,79.24
31.85,31.85,90.44,15.63,78.83
24.34,24.34,84.18,16.68,79.42
21.77,21.77,87.84,21.65,78.43
23.10,23.10,87.06,25.98,76.96
21.09,21.09,90.24,20.35,76.75
15.74,15.74,94.63,7.96,75.14
18.15,18.15,79.40,3.57,77.65
20.53,20.53,93.35,16.60,77.08
23.61,23.61,87.17,21.02,75.92
22.10,22.10,91.22,23.36,74.73
26.91,26.91,75.89,20.48,74.87
23.19,23.19,77.00,17.48,75.25
29.44,29.44,69.56,26.48,73.66
37.05,37.05,76.13,34.85,74.56
34.18,34.18,75.05,34.06,73.64
24.29,24.29,70.92,31.61,75.20
31.60,31.60,67.48,27.71,79.26
33.60,33.60,68.18,30.82,79.60
39.35,39.35,71.56,38.25,81.35
42.38,42.38,69.32,38.79,78.43
37.70,37.70,66.46,40.39,76.47
51.46,51.46,66.21,43.75,78.42
41.64,41.64,63.74,43.28,81.69
39.00,39.00,61.77,42.78,79.86
44.85,44.85,69.66,41.74,79.38
52.66,52.66,69.20,39.18,79.21
48.89,48.89,68.88,39.02,78.52
46.59,46.59,68.03,42.76,80.70
50.77,50.77,62.80,42.26,79.22
49.05,49.05,58.71,46.54,78.11
51.70,51.70,54.08,45.74,77.64
49.12,49.12,57.83,42.92,75.96
40.63,40.63,65.92,35.93,76.49
40.65,40.65,73.13,42.65,79.34
41.47,41.47,88.96,44.20,75.54
39.21,39.21,86.34,37.32,73.71
52.72,52.72,82.28,30.92,74.73
60.14,60.14,77.67,28.69,77.95
57.75,57.75,73.16,26.26,77.01
59.87,59.87,69.43,24.97,76.03
59.14,59.14,70.59,29.45,75.26
61.71,61.71,68.92,32.53,74.21
60.02,60.02,65.58,32.13,75.70
53.28,53.28,64.49,29.84,76.15
55.02,55.02,61.44,29.26,74.30
57.18,57.18,58.34,36.40,74.05
60.46,60.46,50.78,41.17,76.67
58.32,58.32,44.89,41.55,76.63
62.83,62.83,47.21,42.35,73.83
58.34,58.34,48.99,43.83,74.90
60.59,60.59,48.85,42.79,74.18
61.62,61.62,55.58,40.91,74.87
54.86,54.86,62.28,29.25,72.63
38.54,38.54,71.83,34.16,71.70
35.06,35.06,91.44,28.38,78.70
43.45,43.45,88.60,16.84,79.32
51.05,51.05,89.47,13.01,80.72
55.64,55.64,90.95,17.26,80.67
56.40,56.40,89.28,9.77,80.66
54.60,54.60,84.72,6.85,81.21
52.22,52.22,86.78,12.39,79.59
50.20,50.20,90.12,20.46,77.01
48.70,48.70,91.22,22.64,77.03
47.30,47.30,88.32,28.18,77.42
48.42,48.42,79.67,25.44,77.88
53.14,53.14,83.97,17.96,76.51
53.30,53.30,90.04,11.39,77.78
50.69,50.69,81.15,14.65,76.28
49.10,49.10,89.84,13.43,80.24
50.84,50.84,90.95,16.08,78.71
51.44,51.44,79.52,13.67,78.96
51.23,51.23,82.78,23.77,78.16
54.30,54.30,76.44,22.43,79.77
68.52,68.52,61.36,28.85,82.16
76.54,76.54,62.53,34.43,82.80
77.26,77.26,56.13,35.46,81.27
78.22,78.22,58.40,36.04,79.91
78.43,78.43,65.44,30.95,79.81
78.78,78.78,64.56,25.71,78.46
79.16,79.16,60.51,36.39,79.09
76.50,76.50,47.57,35.56,77.52
77.11,77.11,45.73,35.90,76.32
77.26,77.26,51.34,40.43,76.44
79.03,79.03,53.90,41.80,76.56
79.70,79.70,56.00,43.41,76.54
79.18,79.18,52.63,45.67,74.76
77.99,77.99,48.87,45.40,73.69
77.66,77.66,46.79,45.80,76.43
77.26,77.26,44.75,49.05,74.08
79.27,79.27,43.96,46.81,75.91
80.87,80.87,45.59,47.67,77.25
80.80,80.80,49.36,50.17,76.07
80.56,80.56,54.22,52.04,76.08
80.45,80.45,63.24,53.87,76.13
80.64,80.64,72.49,50.53,76.64
80.61,80.61,72.25,53.66,84.82
80.48,80.48,65.93,56.73,84.69
80.50,80.50,61.70,56.04,81.69
80.77,80.77,58.99,56.78,75.69
80.67,80.67,56.08,55.58,70.07
80.99,80.99,53.27,57.66,71.83
81.66,81.66,50.93,54.59,71.74
81.10,81.10,49.61,56.73,68.84
81.13,81.13,54.34,54.16,71.04
80.88,80.88,63.74,54.62,69.89
79.48,79.48,59.91,51.25,69.75
73.44,73.44,51.60,51.34,67.26
68.40,68.40,46.50,45.99,68.91
62.92,62.92,49.24,43.95,69.14
64.37,64.37,47.69,42.61,71.17
61.67,61.67,48.50,40.06,71.48
60.13,60.13,58.61,35.75,69.63
61.99,61.99,65.05,28.68,66.58
63.06,63.06,72.31,35.55,68.21
68.77,68.77,90.66,36.33,63.59
74.79,74.79,87.12,33.67,70.63
75.60,75.60,82.76,29.07,68.90
74.17,74.17,77.65,24.17,73.15
74.57,74.57,73.58,13.90,73.97
75.07,75.07,71.79,17.91,72.24
75.46,75.46,70.64,12.09,71.88
75.73,75.73,69.57,15.45,72.56
75.36,75.36,67.37,8.90,70.96
74.93,74.93,61.66,3.61,72.76
74.37,74.37,78.20,-0.00,74.50
75.96,75.96,74.71,1.89,81.25
76.56,76.56,69.91,11.16,82.84
76.78,76.78,63.00,20.17,80.13
77.07,77.07,63.78,21.74,77.04
77.09,77.09,52.69,32.55,74.29
76.70,76.70,54.86,35.28,72.87
76.86,76.86,57.62,37.03,71.50
76.68,76.68,50.41,29.94,72.40
75.40,75.40,60.43,29.24,73.40
75.54,75.54,76.94,25.90,75.58
77.65,77.65,78.36,27.50,78.01
77.52,77.52,73.88,17.10,79.96
78.51,78.51,79.07,11.86,80.46
81.16,81.16,73.32,6.70,77.25
81.70,81.70,73.56,9.70,79.29
80.59,80.59,76.28,9.47,79.62
78.55,78.55,73.97,16.94,81.21
76.71,76.71,78.94,15.70,79.04
74.42,74.42,73.88,20.29,79.48
72.27,72.27,74.39,22.28,73.83
70.65,70.65,77.45,20.26,78.05
71.53,71.53,74.95,19.82,79.30
71.15,71.15,71.79,17.91,79.55
70.52,70.52,73.88,20.67,77.73
69.37,69.37,72.19,25.81,78.83
68.32,68.32,67.45,30.95,79.80
66.26,66.26,68.14,30.13,77.98
63.47,63.47,70.31,28.70,77.17
60.87,60.87,76.51,24.49,76.20
59.91,59.91,91.89,16.21,75.37
59.50,59.50,89.01,9.64,72.73
62.52,62.52,91.34,9.79,74.99
62.93,62.93,91.56,17.81,76.13
63.93,63.93,92.93,24.80,75.31
68.61,68.61,90.69,30.54,76.47
71.52,71.52,82.39,33.48,76.88
71.74,71.74,86.96,37.44,77.27
76.25,76.25,87.71,45.41,75.01
77.64,77.64,80.60,47.63,77.46
75.53,75.53,91.37,47.98,76.72
73.33,73.33,79.56,45.92,74.55
74.61,74.61,93.18,42.23,77.81
75.83,75.83,77.47,31.44,78.27
77.11,77.11,80.35,29.75,75.20
77.56,77.56,92.08,26.72,75.56
74.95,74.95,87.99,27.15,76.81
76.81,76.81,88.90,41.90,78.04
78.24,78.24,81.50,45.03,78.75
76.84,76.84,78.63,41.80,75.41
77.75,77.75,70.51,42.51,78.07
78.60,78.60,67.89,30.79,79.29
77.67,77.67,67.29,28.31,75.39
78.38,78.38,60.85,29.75,74.97
79.61,79.61,55.24,29.79,77.43
78.80,78.80,50.62,26.89,73.20
79.62,79.62,51.83,34.65,77.07
79.09,79.09,51.43,38.07,74.00
79.60,79.60,54.54,30.71,76.38
78.96,78.96,56.19,35.39,75.74
78.00,78.00,70.94,34.90,75.72
79.17,79.17,61.41,28.67,76.07
79.82,79.82,55.82,30.50,73.96
80.95,80.95,50.05,31.81,74.04
79.99,79.99,45.92,27.23,72.15
80.67,80.67,49.56,29.75,73.81
80.35,80.35,53.61,31.22,69.84
79.88,79.88,58.50,29.09,70.66
78.65,78.65,69.42,25.19,71.98
78.33,78.33,76.30,29.12,76.81
78.14,78.14,92.16,30.05,71.50
76.96,76.96,87.42,29.08,70.87
76.63,76.63,84.97,22.59,71.35
75.22,75.22,77.77,14.53,72.79
70.33,70.33,76.75,12.35,69.73
69.16,69.16,72.66,9.93,73.03
68.25,68.25,75.31,12.83,72.86
68.61,68.61,68.20,15.52,72.16
70.02,70.02,71.10,15.32,71.26
70.61,70.61,66.26,13.00,74.46
71.60,71.60,64.50,13.63,72.79
71.22,71.22,61.64,15.95,71.00
70.65,70.65,53.53,16.31,75.29
66.06,66.06,47.01,23.43,71.22
64.07,64.07,42.07,22.78,74.44
60.10,60.10,32.70,25.70,72.54
63.48,63.48,38.76,37.78,70.38
69.04,69.04,59.72,31.46,71.25
65.97,65.97,68.50,20.58,65.73
62.76,62.76,71.71,25.90,67.60
62.06,62.06,92.11,30.60,70.90
63.43,63.43,88.97,33.81,69.28
64.59,64.59,90.69,33.25,76.53
54.51,54.51,91.08,26.11,79.25
57.76,57.76,92.09,27.94,79.71
57.07,57.07,92.47,27.92,76.59
57.27,57.27,77.78,28.68,78.31
56.72,56.72,86.04,28.19,75.67
58.15,58.15,87.16,33.70,77.48
57.77,57.77,88.04,32.46,77.95
56.08,56.08,80.23,28.63,79.59
55.58,55.58,80.22,37.66,77.75
52.03,52.03,84.15,44.17,77.04
48.40,48.40,88.25,44.17,76.66
45.21,45.21,87.37,48.08,77.07
47.26,47.26,87.48,52.47,78.40
50.24,50.24,82.30,52.79,77.41
56.07,56.07,72.70,43.90,77.01
58.53,58.53,73.69,39.52,76.60
57.74,57.74,71.15,31.39,78.50
61.72,61.72,69.96,23.09,79.82
60.44,60.44,63.85,24.95,75.55
54.01,54.01,63.04,28.98,75.98
65.72,65.72,59.62,30.02,75.94
65.73,65.73,62.11,23.78,77.38
57.13,57.13,65.79,26.79,79.66
59.67,59.67,65.29,31.41,79.37
63.70,63.70,59.67,32.22,77.27
63.09,63.09,46.05,26.69,77.13
63.43,63.43,50.55,34.14,78.53
58.93,58.93,57.87,32.59,77.77
59.34,59.34,57.76,26.50,73.58
56.58,56.58,56.22,28.20,75.10
52.82,52.82,54.24,26.20,76.55
53.04,53.04,47.23,28.50,74.72
54.93,54.93,37.48,26.95,76.19
56.84,56.84,35.84,27.17,76.63
57.29,57.29,36.16,26.84,78.19
58.37,58.37,38.18,21.78,77.76
60.29,60.29,51.81,25.22,76.83
60.17,60.17,71.02,26.89,76.85
61.85,61.85,68.47,32.62,76.25
59.69,59.69,65.13,26.75,76.63
56.93,56.93,59.13,24.92,77.03
51.40,51.40,48.22,25.99,76.73
47.45,47.45,33.40,32.26,77.59
43.60,43.60,28.38,34.89,76.59
48.10,48.10,28.79,41.63,75.47
43.27,43.27,31.63,43.42,74.72
40.18,40.18,45.78,40.44,73.67
46.44,46.44,63.72,34.33,73.22
46.01,46.01,61.88,34.66,76.97
41.17,41.17,53.86,31.73,74.82
42.87,42.87,47.49,34.88,74.83
36.41,36.41,42.57,30.47,76.58
41.68,41.68,36.32,30.72,72.84
33.57,33.57,44.52,26.82,73.94
30.85,30.85,61.44,16.19,73.13
22.93,22.93,67.24,18.03,70.76
18.12,18.12,70.74,25.34,73.25
18.68,18.68,92.21,32.62,72.33
22.68,22.68,87.68,34.00,71.35
27.30,27.30,83.50,29.36,72.21
26.08,26.08,79.62,24.48,75.18
30.44,30.44,74.20,26.61,76.55
30.43,30.43,73.34,23.02,76.54
32.51,32.51,72.40,18.90,76.67
27.73,27.73,71.45,16.04,77.68
33.25,33.25,66.90,18.49,76.83
31.14,31.14,64.66,24.14,77.82
33.41,33.41,65.07,28.68,78.44
30.99,30.99,62.71,33.07,77.68
29.11,29.11,59.26,39.48,76.79
31.78,31.78,58.53,41.77,75.51
30.33,30.33,53.96,41.53,74.07
28.91,28.91,46.97,43.58,73.27
27.07,27.07,37.76,44.17,72.93
29.56,29.56,37.32,49.40,73.02
27.30,27.30,47.67,43.74,73.63
27.50,27.50,57.79,30.81,74.44
28.53,28.53,82.55,27.41,76.74
22.66,22.66,83.60,25.30,79.39
23.52,23.52,83.05,22.09,75.84
24.10,24.10,81.06,24.41,79.74
23.37,23.37,74.72,24.65,78.96
32.74,32.74,61.95,35.45,75.20
35.94,35.94,43.72,32.28,78.95
34.85,34.85,52.91,31.43,75.80
27.38,27.38,54.65,24.71,72.82
18.13,18.13,52.62,17.86,73.18
16.82,16.82,79.73,15.14,70.40
15.95,15.95,84.75,13.13,68.23
19.93,19.93,83.74,15.38,70.56
19.16,19.16,81.89,24.67,72.87
24.32,24.32,75.62,21.53,72.80
28.60,28.60,62.35,23.71,72.38
27.13,27.13,43.21,15.38,72.94
27.00,27.00,40.98,20.08,73.81
20.07,20.07,46.18,23.72,73.63
22.23,22.23,59.71,25.53,71.73
15.67,15.67,92.05,17.53,69.27
10.41,10.41,90.04,20.41,69.94
15.97,15.97,91.81,22.78,70.16
20.69,20.69,92.63,25.47,72.22
22.55,22.55,90.37,29.11,72.04
24.32,24.32,91.34,29.52,74.42
23.72,23.72,94.10,27.04,72.80
18.90,18.90,83.92,27.63,73.60
18.30,18.30,86.00,31.10,73.46
22.53,22.53,83.63,26.34,73.32
34.86,34.86,81.89,32.43,74.37
36.71,36.71,89.54,28.73,73.21
28.17,28.17,91.82,24.05,71.95
23.20,23.20,82.57,27.25,70.84
26.52,26.52,84.62,27.15,71.85
27.01,27.01,89.20,29.53,69.55
33.27,33.27,86.40,25.80,69.20
32.29,32.29,83.96,29.14,68.53
35.50,35.50,90.52,33.83,68.20
39.83,39.83,81.85,36.53,67.72
45.49,45.49,77.34,38.44,72.83
45.19,45.19,70.43,41.46,78.32
45.43,45.43,64.04,37.94,79.74
44.88,44.88,62.04,33.04,78.04
45.66,45.66,56.92,29.01,79.50
41.39,41.39,56.19,29.01,77.97
47.68,47.68,58.02,31.75,79.59
47.12,47.12,59.90,33.96,78.64
49.08,49.08,53.18,37.64,79.29
50.73,50.73,57.96,35.24,79.17
52.19,52.19,68.60,36.58,79.00
50.97,50.97,68.85,34.14,78.05
52.34,52.34,67.85,35.35,78.76
51.31,51.31,68.54,30.10,78.82
47.61,47.61,58.29,30.66,74.39
48.06,48.06,50.24,24.57,75.75
48.48,48.48,51.96,28.53,75.09
46.32,46.32,60.97,22.95,74.24
42.46,42.46,71.14,35.81,73.36
40.75,40.75,77.33,49.82,74.58
45.09,45.09,88.67,53.45,73.32
49.32,49.32,85.76,49.57,71.73
48.99,48.99,80.36,41.47,72.43
45.34,45.34,79.12,42.18,73.10
47.17,47.17,72.78,32.83,74.90
46.09,46.09,73.09,27.48,74.47
43.05,43.05,72.77,26.84,77.49
44.36,44.36,71.85,28.54,78.29
46.72,46.72,74.13,32.90,77.34
44.25,44.25,68.45,31.26,72.50
42.73,42.73,69.14,33.98,73.17
45.86,45.86,65.91,33.94,71.92
50.13,50.13,63.25,33.04,74.39
55.55,55.55,58.76,36.37,73.61
59.35,59.35,52.06,35.12,74.21
62.92,62.92,39.61,33.88,73.53
64.19,64.19,40.52,33.67,72.21
63.72,63.72,57.27,33.67,71.78
60.76,60.76,66.97,30.24,69.09
53.48,53.48,71.31,36.78,69.76
38.91,38.91,92.47,37.95,68.11
29.80,29.80,88.55,31.13,73.30
33.00,33.00,89.62,30.30,75.45
33.70,33.70,91.43,28.63,76.22
37.38,37.38,90.55,28.42,75.71
40.26,40.26,88.08,21.11,76.52
42.90,42.90,73.59,24.09,78.10
41.17,41.17,89.23,19.14,81.22
40.55,40.55,79.44,19.35,80.29
42.74,42.74,84.85,17.57,78.73
44.65,44.65,82.95,24.17,77.15
44.06,44.06,86.84,23.91,78.71
45.26,45.26,88.04,24.17,79.52
43.82,43.82,85.71,25.32,80.33
45.15,45.15,85.65,24.12,77.76
50.53,50.53,89.22,27.54,76.12
56.56,56.56,85.68,29.37,75.07
59.20,59.20,82.65,27.06,76.09
61.66,61.66,84.89,28.99,78.58
60.58,60.58,80.48,37.33,78.79
54.53,54.53,73.89,39.93,78.40
49.68,49.68,57.40,38.50,78.27
48.23,48.23,46.45,36.43,78.81
47.59,47.59,44.53,33.96,78.38
49.46,49.46,51.70,35.34,79.91
51.63,51.63,58.33,36.85,77.49
53.00,53.00,62.16,36.51,78.31
56.71,56.71,60.85,32.23,76.90
59.32,59.32,51.04,33.33,79.69
62.32,62.32,52.58,33.01,78.60
63.76,63.76,57.69,32.69,76.28
65.19,65.19,57.00,34.31,76.66
65.90,65.90,55.32,29.61,73.97
64.61,64.61,50.68,30.57,74.36
64.84,64.84,37.19,30.73,73.45
63.87,63.87,32.82,29.08,72.49
62.89,62.89,44.57,26.58,72.11
62.34,62.34,45.05,29.13,71.86
61.77,61.77,47.80,27.21,72.22
61.61,61.61,56.49,30.87,71.89
63.17,63.17,70.81,38.17,72.71
62.24,62.24,71.40,36.22,82.65
58.78,58.78,66.55,37.69,82.31
58.50,58.50,62.74,36.90,80.11
54.31,54.31,57.90,37.56,75.21
61.50,61.50,53.78,36.24,72.67
66.08,66.08,50.02,34.77,69.44
69.91,69.91,46.83,37.91,67.26
70.66,70.66,45.80,37.52,67.27
72.88,72.88,51.11,41.60,67.41
70.21,70.21,64.39,41.59,67.79
71.43,71.43,61.90,50.22,66.56
72.79,72.79,52.07,58.60,66.73
71.08,71.08,41.45,63.89,66.81
70.20,70.20,30.15,65.75,66.84
69.89,69.89,35.07,64.47,67.15
66.74,66.74,47.36,61.70,64.92
60.61,60.61,57.54,56.07,65.00
49.27,49.27,64.47,44.91,61.38
36.65,36.65,72.33,42.22,64.57
32.39,32.39,90.22,40.99,67.51
34.03,34.03,86.55,32.22,76.75
37.21,37.21,81.17,27.11,80.15
37.39,37.39,78.74,29.30,80.24
38.96,38.96,73.81,24.16,78.77
41.96,41.96,73.03,24.60,79.18
44.05,44.05,72.47,19.55,77.66
43.89,43.89,71.04,24.53,79.65
44.31,44.31,69.90,20.33,78.49
45.39,45.39,69.91,16.73,80.92
48.41,48.41,78.92,7.80,81.69
45.19,45.19,75.42,9.87,85.39
37.59,37.59,70.35,17.69,85.11
38.38,38.38,63.30,24.69,83.38
44.29,44.29,63.80,30.58,82.36
48.36,48.36,52.18,35.40,81.65
49.87,49.87,54.42,38.91,78.94
48.02,48.02,55.40,42.42,79.54
43.08,43.08,58.20,45.79,76.89
36.28,36.28,65.61,49.94,79.92
31.94,31.94,77.61,45.81,78.79
32.08,32.08,79.33,33.71,77.28
35.68,35.68,80.74,23.95,78.05
38.18,38.18,79.00,10.88,78.12
39.32,39.32,79.33,12.76,78.50
37.64,37.64,79.61,12.38,79.20
37.80,37.80,80.02,23.11,80.09
37.46,37.46,79.48,23.82,77.90
34.04,34.04,80.16,25.68,81.40
28.97,28.97,78.23,19.92,81.28
31.19,31.19,78.49,14.40,80.05
33.29,33.29,78.64,17.56,84.07
33.37,33.37,77.04,26.93,78.74
33.91,33.91,74.28,26.65,77.36
33.17,33.17,75.34,24.30,77.24
28.65,28.65,71.87,20.46,77.43
32.62,32.62,71.32,21.55,76.92
37.62,37.62,70.92,23.71,76.73
33.69,33.69,72.05,23.51,74.08
28.84,28.84,78.82,22.62,72.06
25.04,25.04,91.90,24.99,72.97
38.83,38.83,89.01,29.96,75.85
50.03,50.03,91.12,38.62,79.04
55.77,55.77,90.72,41.39,81.76
49.63,49.63,92.85,45.19,78.17
52.93,52.93,91.31,45.53,79.31
53.94,53.94,90.95,40.55,80.23
58.02,58.02,84.16,31.14,80.57
64.25,64.25,82.77,30.86,78.25
64.02,64.02,84.71,36.94,78.35
59.34,59.34,88.70,41.16,77.52
49.55,49.55,92.03,45.57,81.37
36.26,36.26,84.89,48.61,80.22
36.86,36.86,90.59,46.76,81.93
39.58,39.58,81.48,47.69,81.34
44.95,44.95,86.40,48.96,80.30
46.86,46.86,90.01,54.46,80.09
54.87,54.87,81.28,56.24,81.44
53.37,53.37,87.34,54.11,80.89
51.85,51.85,76.57,52.62,81.46
50.23,50.23,74.13,54.36,79.24
49.16,49.16,72.54,54.51,79.18
48.11,48.11,70.42,56.67,76.75
47.34,47.34,70.10,57.55,74.73
47.98,47.98,67.09,60.88,75.72
52.15,52.15,64.26,62.69,74.02
54.17,54.17,63.78,61.96,75.14
49.47,49.47,66.86,64.29,74.97
41.97,41.97,68.43,62.55,74.56
41.08,41.08,69.39,62.40,74.42
38.97,38.97,71.21,61.57,73.88
28.68,28.68,62.88,62.47,74.85
27.89,27.89,57.31,65.48,74.66
34.28,34.28,60.12,67.09,74.61
37.44,37.44,65.25,67.95,74.60
37.04,37.04,64.99,67.93,75.10
35.93,35.93,62.00,67.68,76.23
30.90,30.90,64.63,65.79,70.67
22.55,22.55,64.85,63.76,72.57
18.90,18.90,76.47,59.69,70.32
14.99,14.99,92.03,56.48,66.89
13.64,13.64,87.67,56.22,64.28
10.89,10.89,81.79,56.67,69.63
9.29,9.29,77.82,56.85,69.69
12.71,12.71,75.65,53.46,66.41
18.56,18.56,72.91,51.67,71.98
22.89,22.89,73.97,55.04,72.97
25.61,25.61,71.55,56.04,76.33
29.57,29.57,69.70,54.63,78.49
32.58,32.58,66.82,56.09,79.90
30.80,30.80,64.64,54.36,80.15
30.92,30.92,62.79,54.81,79.29
35.90,35.90,60.74,56.21,81.87
33.65,33.65,57.74,55.09,81.88
30.94,30.94,59.05,55.48,81.08
27.03,27.03,57.24,55.02,81.17
25.51,25.51,54.06,51.32,78.70
28.75,28.75,55.72,45.95,78.89
24.81,24.81,57.86,39.11,77.78
24.79,24.79,63.51,37.14,76.61
18.14,18.14,92.16,45.37,73.48
11.88,11.88,89.20,45.52,68.17
18.01,18.01,91.52,48.64,72.83
19.10,19.10,91.42,54.06,77.92
16.92,16.92,90.46,52.39,75.89
12.96,12.96,85.09,51.31,75.65
10.83,10.83,81.08,49.76,77.47
11.48,11.48,82.52,50.27,79.55
13.74,13.74,89.30,51.88,78.88
16.49,16.49,79.99,51.21,79.61
15.40,15.40,87.69,46.95,77.05
16.28,16.28,93.00,50.35,78.04
16.99,16.99,89.80,54.33,78.85
15.62,15.62,90.03,55.60,76.95
18.55,18.55,87.44,54.22,74.52
19.85,19.85,83.89,54.89,73.92
15.52,15.52,91.48,58.27,73.58
12.41,12.41,82.39,63.70,75.60
13.07,13.07,82.59,65.35,75.61
11.86,11.86,74.33,64.48,78.29
12.43,12.43,74.02,66.02,76.94
18.17,18.17,72.23,66.97,75.43
21.69,21.69,68.51,67.18,75.99
19.84,19.84,69.90,68.41,72.19
22.54,22.54,68.33,67.85,75.06
26.22,26.22,57.37,68.27,73.22
24.69,24.69,55.16,68.86,74.51
25.59,25.59,65.88,68.74,75.84
25.58,25.58,69.10,68.64,74.99
23.77,23.77,68.97,66.25,76.08
20.96,20.96,66.30,66.30,76.92
18.54,18.54,60.88,65.85,74.66
17.97,17.97,52.63,66.71,69.87
20.33,20.33,44.74,62.17,67.93
24.60,24.60,54.98,61.82,71.71
25.03,25.03,56.68,61.10,73.41
24.50,24.50,55.81,62.59,71.08
22.78,22.78,53.06,62.65,68.90
22.83,22.83,51.06,61.88,70.30
25.65,25.65,50.36,62.45,67.34
26.94,26.94,71.16,61.11,69.62
24.04,24.04,70.52,58.92,69.77
24.03,24.03,66.01,58.46,68.77
25.25,25.25,60.83,57.94,69.33
21.74,21.74,47.57,58.41,68.51
19.28,19.28,31.63,55.22,69.36
17.36,17.36,20.89,55.70,67.73
18.15,18.15,16.92,54.73,65.18
16.66,16.66,24.75,53.60,64.68
17.79,17.79,42.07,51.95,63.34
20.37,20.37,63.28,48.18,69.47
17.13,17.13,61.82,45.10,74.09
15.29,15.29,49.89,45.37,73.34
19.17,19.17,42.11,45.52,73.25
20.86,20.86,35.74,41.71,73.51
21.26,21.26,35.26,41.13,73.19
22.06,22.06,44.63,42.56,73.14
20.93,20.93,60.68,40.25,69.63
11.74,11.74,65.32,29.88,59.97
11.09,11.09,68.97,23.42,51.91
14.88,14.88,92.24,30.44,46.90
12.52,12.52,87.88,32.46,44.81
6.49,6.49,83.74,30.84,50.64
6.09,6.09,80.17,31.21,54.77
3.42,3.42,75.45,30.90,50.09
2.74,2.74,73.05,30.00,53.27
1.69,1.69,74.22,33.50,54.62
1.98,1.98,70.66,36.84,54.46
7.55,7.55,68.01,37.16,53.55
14.97,14.97,64.92,36.19,51.62
17.14,17.14,62.56,38.69,52.43
21.11,21.11,61.19,40.31,51.31
21.18,21.18,53.17,41.58,50.72
23.67,23.67,48.97,44.34,49.45
24.54,24.54,49.79,46.66,48.45
22.69,22.69,49.79,47.86,46.90
22.18,22.18,47.75,47.39,43.77
18.40,18.40,47.71,44.16,40.25
18.21,18.21,48.29,40.36,42.94
20.37,20.37,57.41,28.16,53.33
11.50,11.50,82.37,27.24,67.53
11.95,11.95,83.79,30.62,71.81
14.77,14.77,83.28,29.55,70.44
17.19,17.19,81.02,28.28,72.39
19.42,19.42,74.17,29.97,74.75
24.47,24.47,61.49,25.59,73.15
27.80,27.80,42.23,29.28,74.91
29.92,29.92,46.88,28.01,70.35
25.87,25.87,51.08,22.60,58.12
15.29,15.29,52.98,15.13,46.85
8.58,8.58,79.69,13.11,50.29
6.77,6.77,85.15,20.63,41.74
13.03,13.03,83.82,22.23,40.07
16.71,16.71,81.56,20.64,44.78
19.58,19.58,75.79,22.38,42.70
22.11,22.11,61.75,23.93,39.76
21.75,21.75,45.04,19.16,43.14
15.20,15.20,41.47,16.10,41.40
8.28,8.28,43.68,16.48,42.71
7.62,7.62,59.88,33.53,57.95
5.88,5.88,92.50,36.95,62.96
2.67,2.67,89.97,35.09,63.35
8.89,8.89,91.62,38.18,71.61
14.07,14.07,92.81,40.03,73.01
16.88,16.88,90.36,34.89,76.24
22.86,22.86,89.24,35.23,76.19
20.31,20.31,90.89,38.35,76.73
26.27,26.27,88.74,37.40,77.19
37.56,37.56,90.45,36.25,75.34
43.91,43.91,87.37,36.90,73.76
37.35,37.35,83.76,40.38,73.66
27.77,27.77,91.67,40.26,76.05
19.81,19.81,76.34,44.32,74.51
23.79,23.79,83.70,44.53,76.46
26.54,26.54,91.63,37.66,74.23
24.62,24.62,72.90,44.84,74.31
22.56,22.56,73.14,52.40,75.78
20.88,20.88,88.16,54.61,73.63
19.91,19.91,82.37,54.99,75.60
23.16,23.16,76.80,48.24,75.63
22.42,22.42,74.53,50.86,74.89
15.62,15.62,73.27,46.80,78.85
10.31,10.31,71.55,54.77,78.72
13.88,13.88,69.48,55.85,79.81
16.52,16.52,65.20,58.57,78.87
17.87,17.87,57.92,59.19,80.64
24.64,24.64,60.53,60.57,79.56
24.95,24.95,64.74,59.43,80.79
24.03,24.03,63.30,57.62,78.82
27.70,27.70,62.42,55.38,78.29
24.64,24.64,69.30,53.97,77.21
26.31,26.31,67.77,52.38,77.73
31.14,31.14,66.55,52.22,78.19
30.54,30.54,67.49,56.70,81.03
28.60,28.60,59.36,56.99,79.96
28.25,28.25,47.90,58.63,76.80
28.13,28.13,47.97,58.81,78.94
22.04,22.04,56.63,59.34,77.95
16.92,16.92,65.03,60.56,76.73
14.76,14.76,71.24,58.09,76.31
14.01,14.01,89.63,58.85,70.73
10.63,10.63,86.74,57.46,68.90
14.34,14.34,82.73,55.91,68.52
20.52,20.52,76.47,56.86,70.74
18.84,18.84,73.87,58.57,71.48
27.48,27.48,70.60,61.07,70.99
24.49,24.49,70.55,61.72,70.93
21.57,21.57,68.01,61.65,72.81
24.32,24.32,66.59,62.32,72.37
27.13,27.13,62.98,64.26,70.35
25.95,25.95,61.81,65.85,67.93
29.58,29.58,56.95,65.93,71.35
28.48,28.48,48.20,66.83,72.12
21.20,21.20,36.48,67.24,71.33
18.27,18.27,31.78,67.63,68.12
21.55,21.55,30.05,66.03,66.64
23.63,23.63,37.19,66.78,69.35
20.52,20.52,49.07,63.33,68.98
15.21,15.21,61.91,58.33,71.06
22.28,22.28,76.15,52.05,70.21
31.86,31.86,90.49,46.46,84.97
33.46,33.46,88.19,44.76,82.59
34.24,34.24,89.65,48.48,83.35
39.81,39.81,90.43,52.49,85.68
35.99,35.99,90.70,51.35,80.85
34.64,34.64,88.95,50.71,82.77
33.49,33.49,93.46,57.71,80.20
37.35,37.35,90.73,58.29,77.57
34.21,34.21,86.68,53.65,82.33
27.90,27.90,80.63,53.94,79.67
28.90,28.90,87.68,53.35,77.57
27.29,27.29,82.85,51.83,77.42
28.71,28.71,85.66,51.75,77.04
30.84,30.84,89.72,54.90,77.01
32.23,32.23,83.02,56.87,81.64
35.08,35.08,75.47,56.01,75.98
43.73,43.73,75.81,57.57,77.85
51.26,51.26,81.62,60.55,76.27
58.08,58.08,87.51,61.61,78.30
75.54,75.54,69.70,59.69,78.17
84.64,84.64,77.94,60.76,78.15
84.79,84.79,77.86,62.30,76.90
84.28,84.28,76.92,62.79,75.65
84.15,84.15,75.34,65.01,73.88
84.33,84.33,67.07,66.51,74.82
84.43,84.43,59.86,67.52,74.09
84.39,84.39,73.36,67.07,75.69
84.49,84.49,76.13,66.64,74.19
84.59,84.59,76.10,67.31,73.72
84.37,84.37,73.66,65.95,74.85
84.20,84.20,66.78,65.36,71.68
84.19,84.19,54.56,65.16,71.70
83.99,83.99,63.93,65.02,72.89
83.99,83.99,66.70,63.81,73.24
84.21,84.21,65.65,62.62,72.65
83.98,83.98,62.11,59.17,74.99
83.82,83.82,57.88,57.84,70.37
83.66,83.66,53.73,57.31,69.64
83.81,83.81,54.54,55.08,72.14
84.88,84.88,63.67,55.57,70.72
85.10,85.10,70.60,54.94,69.52
84.58,84.58,70.36,58.76,82.22
84.22,84.22,66.17,56.95,82.97
84.80,84.80,62.62,51.99,80.42
84.44,84.44,60.10,50.47,76.84
84.63,84.63,56.78,50.97,72.40
84.67,84.67,52.42,49.38,71.04
84.41,84.41,50.07,51.03,70.84
84.95,84.95,51.31,48.83,70.64
85.06,85.06,55.36,49.38,70.02
84.48,84.48,63.50,50.49,68.48
83.74,83.74,61.55,46.58,66.52
83.24,83.24,52.16,46.97,68.95
78.23,78.23,44.56,47.19,65.72
69.91,69.91,39.11,48.78,63.35
62.77,62.77,38.87,49.09,64.68
65.16,65.16,45.06,48.02,64.25
69.08,69.08,55.19,44.92,61.64
63.01,63.01,61.92,41.19,62.61
66.38,66.38,73.68,43.48,66.64
72.60,72.60,91.31,41.16,65.11
77.25,77.25,86.36,33.12,71.78
80.02,80.02,83.35,33.29,75.52
78.36,78.36,78.36,31.17,75.30
78.82,78.82,73.46,29.64,74.37
79.13,79.13,71.21,35.53,74.94
79.34,79.34,71.35,38.07,72.58
80.01,80.01,68.48,38.01,73.25
81.96,81.96,66.60,32.85,71.33
76.67,76.67,63.07,28.43,76.19
73.02,73.02,78.31,27.58,77.52
75.55,75.55,75.09,22.04,82.13
79.05,79.05,68.41,25.10,82.74
80.21,80.21,64.49,34.48,79.87
80.60,80.60,63.23,39.08,74.51
80.55,80.55,54.04,40.81,69.22
81.40,81.40,52.37,41.89,63.78
82.01,82.01,56.42,45.13,67.16
82.00,82.00,51.71,42.01,67.65
81.16,81.16,59.08,33.58,66.67
79.09,79.09,74.67,43.18,73.82
76.51,76.51,78.14,42.12,78.53
75.32,75.32,78.04,44.43,79.51
79.47,79.47,78.40,49.92,77.91
81.96,81.96,72.42,50.14,77.66
84.08,84.08,74.89,50.72,78.73
83.64,83.64,78.19,51.09,77.19
82.09,82.09,76.38,52.64,77.54
81.54,81.54,78.51,54.24,77.92
80.54,80.54,76.31,49.85,74.48
77.15,77.15,77.27,44.68,74.32
72.50,72.50,75.36,46.49,77.43
69.54,69.54,70.36,48.71,76.68
67.50,67.50,73.06,48.54,77.44
64.67,64.67,74.54,46.81,78.47
67.48,67.48,72.86,45.42,78.48
67.77,67.77,70.14,48.55,77.90
69.56,69.56,69.84,53.86,79.41
71.76,71.76,72.18,50.54,80.03
69.32,69.32,78.19,47.72,79.40
63.71,63.71,90.72,38.69,76.90
61.52,61.52,90.02,43.56,77.36
62.12,62.12,91.05,46.28,77.86
61.92,61.92,91.94,49.90,76.46
63.44,63.44,87.52,46.25,81.21
63.63,63.63,89.11,43.92,79.51
62.04,62.04,88.63,49.20,82.15
61.03,61.03,93.03,52.74,79.34
61.55,61.55,87.20,56.94,82.17
71.36,71.36,87.62,58.26,82.23
80.98,80.98,84.86,58.95,79.14
82.86,82.86,90.12,62.13,76.99
82.74,82.74,88.30,60.90,78.98
82.62,82.62,93.63,58.86,78.26
82.72,82.72,77.91,54.85,78.29
83.78,83.78,82.95,59.59,79.88
83.81,83.81,87.71,58.81,78.30
83.51,83.51,68.32,59.04,79.32
83.27,83.27,75.27,59.53,76.76
82.47,82.47,69.87,59.46,78.52
82.02,82.02,71.34,58.64,77.93
82.78,82.78,66.24,57.60,73.02
83.83,83.83,64.49,59.22,77.05
83.82,83.82,63.48,57.98,76.43
84.00,84.00,66.61,58.78,75.37
84.08,84.08,68.91,58.50,75.26
84.07,84.07,66.41,55.26,74.53
84.31,84.31,56.29,53.84,72.62
83.40,83.40,54.42,56.22,73.98
83.10,83.10,65.21,55.36,74.67
82.50,82.50,70.98,58.92,75.93
77.03,77.03,65.78,60.52,78.86
63.89,63.89,63.59,58.11,78.29
57.22,57.22,61.64,55.32,78.84
57.41,57.41,52.59,55.58,79.87
57.82,57.82,44.45,60.68,79.58
59.06,59.06,51.82,60.66,81.65
56.89,56.89,63.43,58.54,80.78
53.60,53.60,70.04,52.21,78.92
63.20,63.20,77.31,54.58,82.45
64.84,64.84,91.51,58.29,77.89
55.46,55.46,87.98,59.13,79.10
55.07,55.07,83.43,58.18,78.34
64.77,64.77,81.03,57.29,80.58
66.75,66.75,73.83,55.15,80.88
67.79,67.79,74.14,56.96,76.04
69.48,69.48,71.78,54.25,76.06
69.13,69.13,70.35,55.33,73.01
69.53,69.53,71.18,57.11,75.28
71.10,71.10,62.17,56.39,77.34
70.67,70.67,63.50,54.80,77.94
71.00,71.00,59.89,58.56,77.75
71.59,71.59,52.42,63.59,77.27
71.15,71.15,45.85,61.80,77.17
71.21,71.21,43.79,60.11,76.20
71.28,71.28,39.95,60.85,77.05
70.62,70.62,45.79,59.04,75.35
69.95,69.95,58.87,55.58,74.48
67.16,67.16,67.13,49.16,75.99
63.79,63.79,74.51,49.33,72.14
61.91,61.91,91.69,51.91,70.14
65.65,65.65,87.99,52.08,76.82
66.40,66.40,90.35,54.42,77.76
65.28,65.28,92.33,52.00,79.68
65.38,65.38,90.89,52.63,81.74
66.47,66.47,89.21,53.59,81.84
65.88,65.88,90.02,54.69,81.42
66.23,66.23,85.33,53.62,80.46
63.56,63.56,78.60,49.32,80.74
61.78,61.78,89.41,49.63,80.39
64.43,64.43,89.46,53.59,80.30
62.22,62.22,92.49,54.45,80.77
62.69,62.69,84.30,55.29,81.51
57.91,57.91,92.93,54.33,81.60
54.77,54.77,84.82,51.73,81.58
54.38,54.38,90.79,47.56,79.75
58.02,58.02,83.31,47.27,79.11
59.09,59.09,82.14,45.53,77.48
61.20,61.20,69.00,48.96,77.27
60.83,60.83,74.32,54.52,75.36
60.03,60.03,72.77,51.45,75.65
57.04,57.04,72.67,50.82,75.41
60.66,60.66,69.47,46.57,74.89
56.26,56.26,69.74,47.72,76.44
58.93,58.93,65.59,51.61,78.63
62.36,62.36,69.44,51.24,80.72
58.20,58.20,71.02,55.72,82.37
56.89,56.89,70.37,58.32,80.33
57.40,57.40,66.19,59.60,79.67
55.12,55.12,55.37,60.62,76.90
56.24,56.24,58.00,60.60,73.61
58.36,58.36,62.84,59.37,73.24
59.17,59.17,66.46,58.84,75.67
57.44,57.44,66.29,57.92,76.34
56.22,56.22,63.89,59.53,75.94
56.54,56.54,58.66,59.86,74.98
58.64,58.64,49.12,58.59,72.32
57.22,57.22,33.90,57.56,71.67
56.12,56.12,45.39,57.57,72.88
55.40,55.40,55.60,56.40,72.11
57.44,57.44,70.78,55.81,72.66
55.61,55.61,68.52,54.83,72.30
54.91,54.91,64.82,52.44,70.04
54.01,54.01,59.33,51.33,68.76
50.77,50.77,47.70,54.69,68.90
54.03,54.03,27.43,55.75,72.50
53.66,53.66,20.08,56.24,73.91
54.08,54.08,18.48,55.10,72.98
54.36,54.36,28.89,55.38,73.82
56.89,56.89,43.08,56.42,73.95
59.12,59.12,60.90,55.82,73.81
59.46,59.46,60.46,54.69,76.14
58.35,58.35,51.02,51.86,73.25
56.71,56.71,40.06,55.05,72.49
54.00,54.00,32.91,54.52,75.14
51.86,51.86,31.89,53.24,73.40
51.46,51.46,44.90,53.18,76.77
49.43,49.43,55.98,51.41,68.14
41.83,41.83,63.54,46.64,64.86
48.20,48.20,69.62,41.86,62.29
50.84,50.84,92.80,50.80,60.89
49.61,49.61,87.97,53.54,59.40
50.53,50.53,83.90,46.69,63.45
54.07,54.07,80.80,37.73,69.18
53.81,53.81,74.61,39.80,69.21
51.99,51.99,73.04,31.83,67.51
51.74,51.74,72.46,32.02,63.13
50.96,50.96,71.34,33.28,60.18
44.92,44.92,67.37,36.90,52.51
48.35,48.35,65.54,38.36,51.83
49.83,49.83,64.18,40.58,48.33
50.54,50.54,63.22,39.32,48.69
52.26,52.26,53.68,42.96,45.58
51.36,51.36,47.77,42.15,48.15
50.30,50.30,46.74,41.39,48.34
47.11,47.11,45.46,41.97,45.92
41.50,41.50,43.01,47.37,45.86
39.41,39.41,44.26,47.16,46.43
32.61,32.61,48.65,42.28,41.55
35.61,35.61,57.95,37.52,53.83
30.08,30.08,82.57,34.07,69.33
19.66,19.66,84.16,29.25,72.26
21.41,21.41,83.20,29.61,71.67
21.11,21.11,80.69,37.50,73.20
30.87,30.87,72.87,35.62,74.61
32.69,32.69,59.61,34.95,73.88
30.82,30.82,43.38,32.24,75.07
30.77,30.77,47.60,27.30,70.40
29.08,29.08,46.69,20.82,59.94
40.27,40.27,54.73,21.47,49.81
41.13,41.13,80.49,26.04,52.91
36.77,36.77,84.73,36.00,46.57
32.45,32.45,83.67,26.53,40.87
34.79,34.79,81.55,24.52,38.45
32.91,32.91,75.82,28.06,37.27
34.83,34.83,60.77,27.77,40.36
32.20,32.20,41.73,25.61,37.45
24.16,24.16,40.32,22.99,36.22
24.00,24.00,46.68,27.50,44.59
26.56,26.56,62.62,36.64,60.34
20.40,20.40,91.75,44.48,67.03
17.40,17.40,89.51,42.49,61.83
20.57,20.57,91.74,46.01,66.58
29.91,29.91,93.76,48.26,70.28
36.34,36.34,92.25,45.03,71.02
36.04,36.04,91.71,39.93,71.21
35.06,35.06,87.48,40.13,71.65
28.97,28.97,91.32,39.47,70.83
28.32,28.32,94.00,40.69,71.59
32.58,32.58,89.90,42.71,73.30
41.73,41.73,86.73,44.07,72.34
48.52,48.52,89.98,36.07,73.02
45.11,45.11,84.57,39.93,72.99
34.42,34.42,89.50,41.58,73.41
22.69,22.69,81.32,40.70,73.70
23.38,23.38,86.47,44.39,74.48
26.94,26.94,92.38,45.03,73.11
30.73,30.73,87.02,40.02,72.10
26.02,26.02,85.44,39.62,72.17
29.23,29.23,85.90,49.80,73.34
30.14,30.14,79.36,54.42,75.12
27.73,27.73,73.89,58.88,77.15
26.65,26.65,67.00,58.06,78.06
23.56,23.56,65.02,58.38,78.66
21.55,21.55,62.40,56.07,79.33
20.05,20.05,57.65,54.41,79.30
20.09,20.09,50.76,52.31,81.92
19.71,19.71,52.63,53.41,81.32
22.64,22.64,56.90,56.12,81.87
25.08,25.08,58.71,56.17,81.86
25.77,25.77,67.83,57.61,80.31
25.59,25.59,66.19,56.32,77.00
28.62,28.62,65.80,54.43,78.08
29.83,29.83,65.58,54.03,75.82
29.09,29.09,57.69,54.62,76.68
19.96,19.96,44.16,51.61,76.20
21.82,21.82,44.04,53.31,75.56
21.14,21.14,58.61,51.33,74.08
13.80,13.80,67.70,50.92,73.21
12.17,12.17,76.18,49.21,71.05
13.45,13.45,88.59,48.73,74.41
15.86,15.86,86.11,51.03,67.75
20.49,20.49,82.21,52.80,68.67
22.94,22.94,76.92,48.03,66.78
16.09,16.09,73.67,47.52,64.84
19.18,19.18,69.47,46.53,70.10
17.62,17.62,71.34,50.15,70.10
20.03,20.03,68.14,53.10,74.49
17.31,17.31,66.97,53.66,72.20
12.64,12.64,63.23,50.76,72.14
15.47,15.47,62.11,49.59,71.66
15.33,15.33,57.27,50.89,72.44
15.36,15.36,46.99,50.77,71.18
15.00,15.00,37.64,50.42,71.16
18.46,18.46,33.19,50.44,73.85
19.42,19.42,27.62,48.45,74.61
20.51,20.51,36.96,48.42,72.57
17.74,17.74,48.90,45.37,72.29
15.65,15.65,63.26,48.57,70.53
12.81,12.81,72.86,50.50,67.08
10.04,10.04,92.52,51.09,69.71
10.18,10.18,88.57,49.82,69.42
14.49,14.49,89.97,49.69,75.82
15.50,15.50,91.85,50.98,78.77
20.16,20.16,90.45,52.81,77.20
24.12,24.12,89.34,59.53,76.23
25.19,25.19,83.20,60.27,76.29
29.07,29.07,91.08,55.77,78.41
36.36,36.36,88.08,56.80,77.69
32.90,32.90,79.25,56.45,77.04
37.36,37.36,89.31,51.75,75.67
36.46,36.46,83.99,55.67,75.94
34.71,34.71,92.87,48.78,71.85
25.34,25.34,73.85,50.84,72.36
25.26,25.26,80.24,50.45,72.74
27.24,27.24,92.44,47.30,76.22
33.98,33.98,88.40,50.79,74.38
37.67,37.67,86.95,55.27,73.53
38.92,38.92,86.57,56.79,72.96
35.54,35.54,83.69,56.86,73.65
24.61,24.61,68.24,55.61,75.24
22.78,22.78,68.01,50.45,75.37
24.40,24.40,68.75,47.55,74.66
26.93,26.93,61.85,51.87,74.83
29.50,29.50,54.38,52.34,75.33
30.43,30.43,35.31,52.30,76.82
29.48,29.48,49.47,52.68,76.41
29.44,29.44,55.96,54.40,75.47
29.73,29.73,60.17,55.84,74.62
31.31,31.31,59.31,57.30,75.44
32.54,32.54,58.71,54.04,75.23
29.02,29.02,54.80,54.74,75.16
28.65,28.65,46.96,53.80,73.83
22.54,22.54,41.41,53.90,74.43
24.23,24.23,50.18,53.85,75.21
21.39,21.39,50.45,56.39,76.56
23.15,23.15,50.88,56.35,75.63
23.89,23.89,50.43,57.74,75.41
21.15,21.15,48.77,58.42,75.81
19.57,19.57,56.65,59.12,73.17
26.48,26.48,69.46,56.04,75.96
26.90,26.90,68.52,58.54,84.09
16.81,16.81,63.78,57.50,83.91
27.54,27.54,60.37,55.96,79.79
26.77,26.77,56.10,57.59,77.37
20.56,20.56,51.10,56.06,75.95
17.36,17.36,46.40,55.12,73.69
15.84,15.84,43.03,56.26,72.13
20.88,20.88,40.80,54.41,71.23
24.57,24.57,49.05,53.08,67.08
26.60,26.60,63.65,52.74,64.88
28.42,28.42,62.19,55.70,64.20
26.59,26.59,52.83,54.01,63.69
26.59,26.59,41.28,53.19,65.53
28.49,28.49,26.96,54.10,67.85
25.95,25.95,26.48,52.88,67.89
21.09,21.09,40.68,50.73,65.59
14.50,14.50,54.03,51.26,65.84
3.38,3.38,63.01,45.29,61.90
8.83,8.83,74.17,51.60,67.83
14.07,14.07,90.55,55.94,62.80
11.65,11.65,84.61,50.01,68.62
6.96,6.96,81.40,46.26,65.47
8.00,8.00,80.90,47.95,68.86
11.03,11.03,76.67,54.59,69.88
13.01,13.01,72.17,58.04,73.51
16.73,16.73,73.19,54.23,75.21
16.98,16.98,76.24,54.92,77.77
16.96,16.96,74.14,58.30,74.26
16.64,16.64,72.09,54.70,72.49
19.01,19.01,78.29,55.82,74.98
21.80,21.80,78.56,54.22,82.30
31.27,31.27,69.15,54.37,81.32
33.11,33.11,64.30,53.19,80.23
27.40,27.40,62.14,55.67,80.94
28.37,28.37,51.96,59.17,79.45
32.29,32.29,55.59,60.18,78.59
28.54,28.54,54.81,61.01,78.22
26.04,26.04,51.32,59.55,74.53
24.18,24.18,60.61,59.27,73.08
23.48,23.48,75.60,59.04,75.02
30.79,30.79,76.82,61.65,77.38
37.65,37.65,74.45,59.10,76.84
41.60,41.60,76.00,64.37,75.27
42.90,42.90,75.08,61.17,74.61
38.88,38.88,75.65,61.60,75.87
35.26,35.26,76.82,60.90,76.68
35.60,35.60,74.70,59.97,78.07
29.97,29.97,77.81,63.50,78.13
26.87,26.87,74.21,61.15,75.65
26.30,26.30,73.35,60.11,75.14
31.73,31.73,75.82,63.69,77.12
41.93,41.93,71.57,64.06,76.21
39.47,39.47,61.28,63.56,75.36
37.12,37.12,65.88,65.10,77.18
37.72,37.72,63.50,68.07,75.28
40.89,40.89,65.08,67.96,78.37
45.37,45.37,61.70,67.38,74.20
51.63,51.63,68.04,64.87,69.32
62.14,62.14,75.01,57.97,69.03
78.09,78.09,91.43,54.40,69.16
77.50,77.50,87.81,54.97,68.11
77.85,77.85,90.31,55.77,71.84
79.26,79.26,91.86,57.12,72.06
81.06,81.06,90.34,58.28,70.81
81.50,81.50,88.08,65.90,72.79
81.67,81.67,88.62,67.08,74.44
80.14,80.14,85.88,65.46,75.91
76.90,76.90,92.12,68.83,74.93
78.23,78.23,93.13,71.28,75.15
80.39,80.39,80.21,70.46,75.35
81.22,81.22,85.91,71.26,75.35
79.16,79.16,88.62,72.27,75.64
78.16,78.16,84.77,74.72,77.36
77.23,77.23,84.99,75.99,77.91
75.18,75.18,91.08,76.96,78.18
71.29,71.29,85.15,76.25,76.00
72.86,72.86,91.59,75.61,75.00
72.47,72.47,83.41,78.37,75.46
72.60,72.60,86.45,77.92,77.06
76.76,76.76,74.90,76.69,75.35
77.79,77.79,52.62,79.50,72.25
82.07,82.07,57.05,75.18,75.57
82.39,82.39,65.00,77.57,72.47
80.31,80.31,69.68,77.48,75.42
81.59,81.59,71.08,75.01,72.35
81.86,81.86,70.86,76.59,75.19
82.07,82.07,64.03,73.79,76.74
81.78,81.78,55.37,74.49,76.64
80.84,80.84,64.13,77.23,77.26
76.20,76.20,67.21,73.17,79.02
77.10,77.10,65.43,78.04,74.41
71.43,71.43,63.87,75.45,74.94
72.47,72.47,57.91,77.89,74.06
74.25,74.25,44.33,79.06,72.28
75.53,75.53,38.93,76.78,74.49
75.28,75.28,48.38,81.10,71.73
74.74,74.74,61.04,77.95,73.05
75.12,75.12,70.65,76.50,72.36
73.10,73.10,77.53,74.51,73.23
73.43,73.43,91.12,70.09,71.10
74.59,74.59,84.43,72.50,69.59
82.77,82.77,81.11,72.59,71.80
82.60,82.60,80.66,73.66,72.34
84.52,84.52,73.21,73.92,73.45
82.61,82.61,68.67,72.55,76.45
81.97,81.97,69.85,76.17,76.62
81.61,81.61,69.44,74.45,73.09
82.27,82.27,64.70,74.59,73.99
83.05,83.05,56.45,74.74,74.62
82.64,82.64,56.25,74.47,73.25
81.59,81.59,52.82,79.60,69.35
81.63,81.63,44.87,76.94,70.99
82.53,82.53,40.46,77.05,72.59
79.44,79.44,37.02,79.89,73.43
82.19,82.19,34.04,76.60,71.92
80.39,80.39,42.59,81.14,73.07
79.17,79.17,61.10,76.83,74.13
75.15,75.15,66.27,75.89,72.83
73.21,73.21,75.84,70.47,68.03
73.20,73.20,91.43,65.32,67.39
81.59,81.59,88.51,58.79,65.85
80.73,80.73,90.16,57.23,68.82
79.67,79.67,90.11,65.09,70.63
82.01,82.01,90.18,65.68,74.37
81.05,81.05,87.62,68.09,74.81
81.93,81.93,89.04,68.36,76.98
83.11,83.11,87.29,67.75,74.86
81.62,81.62,80.04,68.47,74.71
82.03,82.03,73.49,71.02,77.54
79.20,79.20,89.53,72.38,76.36
78.35,78.35,90.02,70.80,76.62
77.74,77.74,90.16,73.16,76.47
75.99,75.99,79.85,72.31,75.85
76.08,76.08,91.19,71.99,76.17
76.15,76.15,88.26,73.58,75.28
76.17,76.17,87.05,70.74,74.30
76.74,76.74,81.58,72.95,72.50
74.19,74.19,83.46,73.93,74.36
77.34,77.34,73.73,73.07,74.17
73.22,73.22,72.48,76.51,74.15
74.48,74.48,70.89,74.18,74.31
74.99,74.99,68.47,74.66,75.98
77.69,77.69,64.15,73.19,77.34
75.80,75.80,60.99,75.51,76.42
77.10,77.10,53.68,74.74,75.38
77.45,77.45,49.24,77.48,74.35
76.66,76.66,60.52,75.59,75.21
76.24,76.24,63.60,76.18,76.19
76.33,76.33,63.17,80.21,73.08
74.73,74.73,56.50,76.54,75.74
73.62,73.62,49.71,78.44,75.92
69.87,69.87,41.28,78.94,73.62
69.31,69.31,36.17,76.96,74.75
69.99,69.99,50.63,80.66,73.93
70.86,70.86,51.39,77.71,73.33
70.32,70.32,47.57,77.99,73.17
67.11,67.11,43.88,80.14,73.78
67.49,67.49,40.20,76.19,70.01
67.74,67.74,48.02,78.56,74.68
74.67,74.67,59.55,76.20,71.28
84.62,84.62,57.00,75.74,73.45
84.37,84.37,52.76,79.62,71.21
81.11,81.11,48.22,75.65,72.58
80.93,80.93,41.15,78.38,74.44
82.85,82.85,36.67,78.92,73.10
82.90,82.90,38.63,75.38,74.19
82.19,82.19,44.47,80.98,73.48
80.09,80.09,52.79,75.80,73.66
80.09,80.09,57.40,78.27,69.22
80.67,80.67,62.12,77.87,72.69
77.47,77.47,61.36,74.76,72.80
70.89,70.89,50.67,79.44,71.61
67.59,67.59,39.75,72.11,75.05
69.43,69.43,35.13,77.75,73.43
65.66,65.66,31.82,73.05,75.47
68.85,68.85,45.30,75.28,76.27
71.81,71.81,60.18,74.48,73.89
78.31,78.31,66.99,72.53,72.45
79.87,79.87,75.01,75.72,69.49
72.99,72.99,90.96,72.38,67.34
74.62,74.62,85.88,74.14,66.54
79.43,79.43,85.23,72.79,67.30
83.63,83.63,78.54,73.32,64.53
80.24,80.24,72.06,75.37,63.16
79.00,79.00,72.01,74.69,61.21
79.13,79.13,71.18,75.88,60.88
78.92,78.92,64.61,76.09,63.91
80.35,80.35,64.69,73.57,63.92
81.14,81.14,64.53,78.27,64.19
74.32,74.32,60.48,72.12,64.54
65.68,65.68,56.05,74.55,64.51
63.28,63.28,48.71,76.42,62.87
60.46,60.46,41.18,71.67,64.61
65.94,65.94,38.93,77.48,66.12
69.02,69.02,35.09,68.87,65.98
68.87,68.87,33.31,73.02,70.30
69.67,69.67,43.81,75.17,72.37
67.58,67.58,59.36,70.35,70.71
62.17,62.17,67.46,76.34,71.29
63.50,63.50,79.61,70.57,73.60
65.58,65.58,83.91,72.50,75.76
60.95,60.95,81.63,74.18,72.29
61.18,61.18,79.81,71.37,76.02
68.75,68.75,73.28,74.10,79.49
64.20,64.20,59.54,71.94,76.83
61.61,61.61,45.18,70.73,75.29
61.90,61.90,48.54,71.64,72.60
63.46,63.46,55.06,68.44,69.35
60.51,60.51,62.55,71.54,69.65
58.48,58.48,78.38,70.71,72.65
54.02,54.02,84.95,70.51,68.80
52.49,52.49,83.59,70.48,68.39
55.71,55.71,81.61,72.01,71.13
58.19,58.19,75.16,68.33,70.76
59.12,59.12,62.98,72.48,72.27
60.27,60.27,59.56,71.60,73.16
68.40,68.40,58.86,75.16,74.61
79.26,79.26,66.18,74.06,73.31
81.48,81.48,73.72,67.95,67.32
79.67,79.67,91.05,62.33,65.89
78.43,78.43,88.95,67.53,67.85
75.12,75.12,90.69,65.44,67.63
79.32,79.32,91.53,65.82,67.69
80.82,80.82,90.62,61.08,66.71
80.89,80.89,88.81,67.61,78.36
78.00,78.00,88.31,66.96,78.36
78.38,78.38,84.92,69.88,79.15
79.13,79.13,85.93,72.96,79.22
81.07,81.07,85.77,69.52,76.72
80.88,80.88,89.48,71.05,77.28
77.66,77.66,93.40,66.85,74.57
79.64,79.64,75.03,70.90,77.45
77.29,77.29,92.50,71.51,75.15
77.35,77.35,84.68,68.21,74.96
78.03,78.03,89.50,73.72,76.24
74.48,74.48,76.25,69.55,74.38
72.90,72.90,77.47,69.72,73.04
72.78,72.78,69.11,75.39,74.34
74.57,74.57,77.21,70.93,74.69
76.90,76.90,78.17,75.53,73.10
80.99,80.99,71.55,75.14,76.11
84.15,84.15,59.45,72.73,75.05
85.05,85.05,59.36,72.33,79.26
83.80,83.80,70.44,73.13,79.04
81.71,81.71,72.60,75.57,76.20
82.60,82.60,71.85,75.12,75.57
80.97,80.97,69.56,73.33,76.88
80.69,80.69,63.27,76.33,78.27
82.29,82.29,61.61,77.34,77.48
81.29,81.29,68.01,74.88,73.94
80.53,80.53,67.07,75.46,75.27
79.00,79.00,66.05,76.38,75.04
72.55,72.55,65.97,78.10,73.67
66.98,66.98,62.62,77.00,75.59
72.11,72.11,58.84,78.13,72.32
74.57,74.57,48.16,77.97,75.84
72.24,72.24,57.73,77.26,75.40
71.05,71.05,71.59,77.41,71.07
72.02,72.02,80.76,72.71,70.58
76.15,76.15,87.75,70.47,70.38
80.58,80.58,83.38,67.24,68.68
83.04,83.04,83.27,69.54,68.37
80.09,80.09,74.51,69.57,70.74
79.85,79.85,66.59,69.27,73.24
81.00,81.00,70.17,68.52,74.58
81.44,81.44,67.80,69.99,75.93
81.00,81.00,62.84,72.45,78.59
82.00,82.00,64.44,72.08,75.79
80.96,80.96,60.11,74.18,76.83
80.89,80.89,55.95,71.30,77.20
81.46,81.46,51.94,73.12,79.70
74.41,74.41,44.80,75.90,77.03
76.95,76.95,35.50,74.36,78.55
78.34,78.34,29.79,73.75,76.22
75.68,75.68,27.47,70.67,75.47
76.80,76.80,41.78,76.46,73.71
74.30,74.30,58.92,74.64,71.37
75.89,75.89,69.78,75.48,70.31
75.03,75.03,73.01,72.81,66.64
73.07,73.07,91.36,70.15,68.46
79.87,79.87,87.76,73.10,65.72
82.16,82.16,88.54,68.60,68.62
80.66,80.66,90.84,65.36,73.79
80.29,80.29,88.31,67.16,75.49
79.90,79.90,82.59,64.23,75.94
79.71,79.71,86.95,63.26,75.08
79.97,79.97,89.43,66.06,74.19
80.94,80.94,89.03,63.33,72.00
80.04,80.04,84.95,68.51,72.51
81.21,81.21,75.56,71.06,73.01
80.90,80.90,81.64,69.71,70.60
80.88,80.88,90.34,73.62,73.79
77.99,77.99,78.81,74.68,72.63
78.63,78.63,88.47,70.68,75.10
78.79,78.79,90.34,74.98,74.05
76.17,76.17,76.83,68.45,73.37
76.57,76.57,85.15,74.18,75.30
76.60,76.60,79.76,74.33,73.97
79.90,79.90,60.43,74.35,73.33
80.61,80.61,54.80,70.92,74.99
83.53,83.53,50.14,66.78,72.64
80.67,80.67,64.73,73.78,74.14
76.17,76.17,69.23,68.90,74.52
77.10,77.10,69.91,70.43,73.79
79.85,79.85,63.96,72.19,74.06
80.03,80.03,48.10,73.03,73.93
77.79,77.79,48.49,75.37,71.84
74.88,74.88,55.51,70.00,70.89
76.88,76.88,53.35,72.66,72.36
79.97,79.97,48.93,73.24,72.79
81.68,81.68,44.70,73.29,70.11
83.39,83.39,40.83,73.08,71.20
82.62,82.62,39.35,70.10,72.81
82.92,82.92,39.54,73.52,74.98
84.01,84.01,38.45,73.17,77.39
83.63,83.63,40.40,76.74,77.44
78.01,78.01,43.25,74.35,79.55
73.27,73.27,48.62,75.16,78.97
74.17,74.17,59.56,76.52,77.68
76.79,76.79,67.82,77.98,79.34
85.96,85.96,65.83,77.25,79.38
88.09,88.09,62.31,76.60,80.22
86.95,86.95,58.91,77.84,79.16
86.43,86.43,54.35,75.48,80.55
84.94,84.94,51.58,80.66,81.98
83.99,83.99,49.64,77.58,80.75
84.03,84.03,49.89,78.45,82.48
83.52,83.52,50.93,80.67,80.16
83.74,83.74,55.22,76.43,79.86
83.69,83.69,56.82,81.70,80.51
83.53,83.53,57.83,79.31,79.21
80.73,80.73,54.76,79.55,78.55
77.81,77.81,47.69,81.34,78.18
74.23,74.23,39.35,76.34,79.43
72.51,72.51,35.98,79.30,79.05
71.48,71.48,44.30,77.35,77.19
70.55,70.55,57.70,74.73,77.23
72.09,72.09,69.86,79.25,74.85
73.00,73.00,76.56,70.10,73.65
71.13,71.13,89.36,73.48,71.36
78.60,78.60,84.80,72.28,73.04
78.56,78.56,81.96,70.52,71.76
77.27,77.27,78.48,75.99,73.08
78.37,78.37,72.82,71.98,74.25
77.59,77.59,64.81,74.11,70.82
79.36,79.36,68.55,74.19,70.63
77.17,77.17,68.63,71.07,69.04
79.77,79.77,60.45,77.25,69.36
75.43,75.43,62.25,71.81,68.04
71.86,71.86,69.35,77.10,66.19
74.95,74.95,73.36,76.35,66.42
79.19,79.19,67.54,74.40,65.41
76.71,76.71,59.81,75.15,66.09
76.12,76.12,53.58,71.24,69.77
73.63,73.63,47.31,72.47,72.15
72.28,72.28,45.58,75.43,73.56
68.92,68.92,42.03,70.69,74.34
70.80,70.80,49.21,72.95,75.95
71.63,71.63,57.77,74.20,74.47
70.21,70.21,70.35,75.68,75.55
73.29,73.29,75.66,70.85,76.73
74.42,74.42,74.43,71.43,76.78
75.78,75.78,71.44,75.29,79.90
73.23,73.23,73.00,73.68,77.35
74.27,74.27,76.75,72.08,77.67
71.03,71.03,75.48,72.40,74.27
70.46,70.46,77.18,74.80,77.43
73.50,73.50,76.85,74.17,75.31
74.79,74.79,75.61,79.99,80.89
70.82,70.82,72.81,74.47,75.59
68.68,68.68,74.16,75.65,76.82
70.56,70.56,71.02,66.74,77.89
70.96,70.96,70.64,65.45,78.69
71.49,71.49,70.05,75.37,79.12
68.60,68.60,68.87,70.20,80.00
69.76,69.76,66.41,76.66,78.80
70.48,70.48,69.37,76.42,79.68
71.30,71.30,71.07,71.27,75.46
75.46,75.46,79.55,71.68,74.34
73.78,73.78,90.41,73.48,72.42
78.05,78.05,87.45,58.63,68.76
78.47,78.47,89.72,66.82,72.52
81.19,81.19,90.38,68.34,71.82
80.58,80.58,91.99,67.65,72.40
80.07,80.07,89.81,68.51,72.90
81.08,81.08,84.40,67.50,76.96
81.62,81.62,85.40,69.67,77.64
78.83,78.83,87.59,74.77,73.81
78.29,78.29,81.57,74.25,76.57
80.42,80.42,90.28,72.94,77.42
79.76,79.76,79.84,73.27,76.11
80.34,80.34,92.73,74.35,77.05
81.86,81.86,74.18,72.05,76.28
82.01,82.01,76.07,71.15,75.60
79.37,79.37,91.26,72.48,74.81
77.55,77.55,88.05,77.87,75.29
78.58,78.58,87.22,72.36,76.49
79.74,79.74,81.08,72.68,77.24
76.91,76.91,77.60,75.12,76.67
74.84,74.84,61.50,75.51,76.94
75.66,75.66,67.49,76.40,75.07
78.51,78.51,63.06,74.15,76.02
78.30,78.30,51.97,75.63,76.84
79.44,79.44,46.54,75.86,76.64
79.51,79.51,49.27,72.54,74.05
79.58,79.58,49.56,74.15,75.84
79.90,79.90,54.47,78.30,72.12
79.73,79.73,55.93,76.62,73.98
79.08,79.08,59.86,73.74,73.33
77.04,77.04,67.49,75.30,73.57
69.70,69.70,61.63,73.38,71.29
67.47,67.47,52.69,75.61,70.21
70.52,70.52,44.31,78.83,71.80
70.78,70.78,39.87,75.59,73.24
69.50,69.50,43.87,75.77,74.81
64.47,64.47,53.86,74.07,74.56
67.32,67.32,62.99,74.55,74.91
70.98,70.98,73.23,74.57,73.63
72.73,72.73,79.56,73.49,74.55
78.76,78.76,90.80,72.19,71.65
79.92,79.92,87.93,70.84,69.38
77.90,77.90,82.24,68.98,69.06
78.76,78.76,77.70,68.67,69.07
77.91,77.91,75.19,72.85,71.00
78.45,78.45,69.38,69.75,68.78
78.95,78.95,67.28,73.60,69.52
79.90,79.90,66.82,70.59,70.52
80.03,80.03,65.03,71.99,71.25
74.50,74.50,59.74,72.23,69.21
72.48,72.48,53.73,70.79,74.67
73.04,73.04,51.43,73.40,72.75
71.86,71.86,47.71,71.18,73.15
72.66,72.66,45.74,69.43,74.38
70.81,70.81,43.25,69.97,74.89
68.60,68.60,41.14,70.51,72.97
65.76,65.76,43.09,70.79,71.06
68.00,68.00,56.25,71.56,69.91
68.56,68.56,67.08,71.63,68.60
71.04,71.04,77.88,72.90,70.14
79.08,79.08,89.40,68.96,71.39
80.10,80.10,87.29,66.12,70.96
81.38,81.38,89.17,64.61,72.61
80.44,80.44,90.52,64.27,72.41
78.66,78.66,91.03,66.39,73.19
77.35,77.35,92.63,62.52,71.44
78.16,78.16,83.84,67.27,73.38
79.34,79.34,82.46,72.21,73.63
78.50,78.50,84.64,73.99,72.42
76.73,76.73,86.81,73.26,74.24
79.74,79.74,76.81,66.60,75.02
80.29,80.29,82.69,69.30,72.67
79.47,79.47,82.86,71.25,72.13
80.39,80.39,88.20,73.17,72.80
77.09,77.09,88.14,69.53,69.61
73.36,73.36,85.96,70.47,72.35
73.86,73.86,82.35,71.43,72.31
70.53,70.53,74.09,71.02,73.53
72.38,72.38,74.51,68.47,71.96
75.25,75.25,72.53,68.25,72.94
77.96,77.96,65.64,66.08,72.92
78.96,78.96,60.17,68.70,75.09
79.95,79.95,58.03,64.45,72.36
80.69,80.69,55.55,66.79,73.68
81.96,81.96,62.10,67.57,75.15
82.78,82.78,66.09,69.62,73.88
82.23,82.23,64.52,66.28,76.37
77.42,77.42,56.88,67.97,76.67
77.17,77.17,37.68,72.33,76.15
76.01,76.01,45.44,72.40,75.48
76.77,76.77,54.44,72.63,74.83
78.98,78.98,57.77,72.39,71.00
78.60,78.60,58.82,72.24,72.24
78.17,78.17,50.51,73.83,72.54
78.84,78.84,46.28,74.73,71.59
78.99,78.99,45.72,72.77,72.89
79.22,79.22,43.57,73.76,75.61
79.40,79.40,48.92,72.71,76.44
78.44,78.44,55.62,70.21,75.76
79.62,79.62,62.74,73.96,75.56
81.63,81.63,66.10,72.60,74.60
82.28,82.28,64.76,72.52,77.41
82.25,82.25,61.50,73.78,77.58
82.42,82.42,56.49,73.65,77.91
81.67,81.67,49.58,75.10,77.59
82.53,82.53,41.51,75.18,78.69
80.64,80.64,37.67,72.87,78.57
78.62,78.62,34.34,69.67,78.48
80.63,80.63,41.76,73.51,77.74
81.60,81.60,49.40,70.52,75.77
82.43,82.43,59.40,70.51,74.83
82.58,82.58,58.32,71.80,71.10
81.46,81.46,51.61,68.96,69.29
80.71,80.71,45.40,71.14,70.47
80.02,80.02,38.61,71.91,71.35
80.43,80.43,36.49,68.74,69.24
81.68,81.68,40.24,70.79,73.80
80.01,80.01,56.46,68.96,69.95
79.36,79.36,65.72,67.93,64.93
78.40,78.40,75.16,69.94,68.05
76.85,76.85,91.12,65.31,67.86
79.68,79.68,86.57,68.83,65.32
78.39,78.39,82.28,67.25,62.56
77.24,77.24,79.37,66.18,65.74
80.06,80.06,72.48,64.63,72.16
80.93,80.93,69.85,66.90,70.04
80.59,80.59,67.54,64.25,72.17
82.12,82.12,67.84,63.99,72.71
82.28,82.28,64.87,64.79,69.76
80.76,80.76,59.09,68.09,68.47
69.11,69.11,59.84,64.49,69.41
70.35,70.35,57.51,68.05,69.35
67.99,67.99,48.60,64.68,70.98
66.39,66.39,42.20,69.00,70.30
68.59,68.59,37.47,69.61,71.00
67.60,67.60,33.59,67.78,69.71
70.98,70.98,30.96,70.38,69.68
73.94,73.94,39.08,68.67,69.30
78.60,78.60,54.44,72.21,69.54
79.55,79.55,68.21,69.93,69.33
74.13,74.13,78.91,71.48,71.83
78.62,78.62,81.37,72.47,71.92
76.45,76.45,80.44,74.06,71.89
73.93,73.93,79.13,74.02,74.36
74.82,74.82,75.29,75.65,74.95
74.32,74.32,68.27,76.41,73.82
80.88,80.88,57.13,76.18,71.19
73.61,73.61,57.57,77.16,72.17
76.43,76.43,59.27,74.36,70.47
77.56,77.56,63.83,77.66,70.42
74.30,74.30,78.79,75.31,69.47
74.11,74.11,83.94,73.77,66.60
76.45,76.45,82.96,74.80,68.93
73.58,73.58,78.96,76.91,70.89
72.65,72.65,70.45,75.67,70.75
72.89,72.89,65.11,77.05,70.02
72.94,72.94,59.45,76.22,69.89
74.13,74.13,55.69,73.03,70.23
71.93,71.93,65.65,74.25,68.39
72.14,72.14,72.38,74.24,66.83
75.84,75.84,90.04,71.80,66.82
77.49,77.49,89.17,69.25,64.72
79.45,79.45,89.26,65.74,69.00
82.86,82.86,90.86,66.93,69.31
81.46,81.46,86.67,67.92,70.43
76.21,76.21,91.19,65.64,70.63
75.26,75.26,93.47,67.12,75.98
77.51,77.51,80.82,70.17,74.80
79.14,79.14,81.20,72.48,75.66
78.95,78.95,72.27,74.49,77.23
78.93,78.93,83.92,69.76,74.67
76.02,76.02,86.96,75.22,77.40
71.55,71.55,92.10,71.38,75.09
74.45,74.45,83.34,74.97,76.22
76.41,76.41,92.11,73.82,77.99
76.80,76.80,85.68,75.17,75.93
75.53,75.53,84.46,70.83,76.19
75.84,75.84,86.70,71.58,70.75
76.74,76.74,82.45,71.82,69.22
76.06,76.06,72.53,71.69,68.66
77.65,77.65,62.99,75.02,72.01
82.97,82.97,66.64,72.63,73.78
81.50,81.50,61.35,73.64,73.46
81.00,81.00,56.06,73.63,76.25
81.20,81.20,54.69,68.56,78.19
80.91,80.91,61.19,68.79,75.34
82.44,82.44,64.68,67.90,76.40
80.91,80.91,67.85,66.29,75.83
81.38,81.38,65.59,69.12,75.19
80.59,80.59,63.02,69.90,73.63
80.81,80.81,65.50,65.64,74.34
77.03,77.03,64.29,69.49,73.53
75.44,75.44,62.83,70.47,77.11
74.91,74.91,61.42,69.15,77.99
74.90,74.90,61.98,71.67,75.37
76.27,76.27,61.80,66.71,73.03
78.52,78.52,57.64,67.99,74.87
78.41,78.41,58.24,70.94,75.61
78.94,78.94,71.29,68.96,75.25
80.13,80.13,78.40,70.27,73.68
79.17,79.17,87.11,69.07,73.58
78.06,78.06,85.85,62.25,71.30
77.81,77.81,82.24,70.79,71.72
78.07,78.07,74.69,67.67,73.45
78.93,78.93,71.76,67.47,72.77
79.85,79.85,69.02,72.74,75.10
81.12,81.12,65.66,69.81,75.83
81.30,81.30,66.09,74.54,76.91
81.65,81.65,63.78,73.00,76.60
74.82,74.82,56.71,71.09,78.08
72.34,72.34,57.83,72.75,79.85
72.01,72.01,53.62,70.91,80.63
75.80,75.80,47.17,72.32,80.72
76.75,76.75,40.66,74.00,79.61
77.63,77.63,37.23,71.54,78.64
77.44,77.44,36.90,74.28,77.55
76.79,76.79,40.38,74.44,73.54
73.50,73.50,54.60,74.25,75.85
77.57,77.57,64.28,74.89,72.45
77.99,77.99,74.40,73.30,73.06
78.24,78.24,89.74,70.42,74.42
79.20,79.20,87.55,70.31,75.06
78.59,78.59,88.77,65.15,76.95
77.03,77.03,92.13,58.56,75.17
76.56,76.56,89.87,64.86,76.38
78.20,78.20,88.67,66.31,74.01
79.55,79.55,83.44,72.52,80.30
77.29,77.29,88.06,73.41,79.06
76.51,76.51,92.24,72.11,77.88
77.12,77.12,86.72,71.20,78.81
75.10,75.10,89.00,73.27,73.83
72.92,72.92,89.20,74.92,79.19
70.08,70.08,76.89,76.08,78.34
71.68,71.68,86.11,76.69,80.48
71.01,71.01,86.87,77.14,76.47
74.15,74.15,82.91,76.72,76.12
72.80,72.80,90.58,76.37,75.61
73.46,73.46,80.63,77.02,77.24
74.31,74.31,87.22,75.52,76.17
77.36,77.36,79.54,78.21,78.34
79.30,79.30,81.65,75.54,75.49
81.53,81.53,74.37,72.29,74.43
79.74,79.74,53.13,74.48,74.01
81.30,81.30,49.24,73.69,74.15
83.51,83.51,56.26,73.13,73.99
84.84,84.84,61.75,70.16,74.39
84.15,84.15,64.46,71.28,74.25
74.54,74.54,65.65,70.98,74.51
71.37,71.37,60.89,73.71,77.55
72.77,72.77,46.80,71.52,77.26
75.86,75.86,51.79,72.02,77.09
79.64,79.64,57.67,73.72,74.36
80.22,80.22,61.55,70.26,73.00
79.21,79.21,57.42,67.00,77.48
79.18,79.18,49.43,64.24,74.66
80.06,80.06,46.12,71.98,75.82
78.99,78.99,50.70,71.90,79.34
77.59,77.59,54.89,73.85,75.92
78.26,78.26,59.69,73.15,78.18
77.89,77.89,63.75,73.20,80.29
79.74,79.74,68.21,71.22,77.77
82.07,82.07,66.82,73.38,80.78
84.03,84.03,63.01,72.65,79.28
84.50,84.50,58.98,74.88,79.75
82.37,82.37,55.26,74.65,81.09
81.91,81.91,50.24,71.59,77.97
82.07,82.07,48.02,69.40,84.88
81.33,81.33,45.72,67.12,77.00
80.98,80.98,47.34,71.41,82.56
80.63,80.63,51.41,71.25,79.51
81.05,81.05,59.45,73.30,78.72
81.15,81.15,57.92,70.65,82.33
82.22,82.22,49.13,70.64,75.45
82.32,82.32,44.07,70.97,79.93
82.27,82.27,39.78,70.58,77.85
81.97,81.97,35.44,72.67,77.66
80.59,80.59,40.83,72.14,78.04
80.76,80.76,55.14,72.42,76.65
81.03,81.03,65.94,71.44,75.50
80.48,80.48,75.08,70.13,71.94
77.59,77.59,87.76,68.01,69.23
77.66,77.66,85.27,68.77,69.34
77.94,77.94,79.82,73.72,73.95
78.93,78.93,76.10,71.79,76.26
77.46,77.46,71.55,71.57,74.63
76.93,76.93,68.38,69.86,76.29
77.52,77.52,66.73,74.01,77.62
79.28,79.28,67.40,72.92,75.97
79.48,79.48,56.63,72.59,76.15
74.31,74.31,60.90,72.20,74.95
71.98,71.98,72.42,72.52,76.17
79.70,79.70,71.17,75.24,76.60
79.43,79.43,66.37,71.52,76.92
77.54,77.54,60.66,73.00,75.93
74.57,74.57,54.86,72.11,75.91
71.48,71.48,45.79,71.55,74.02
74.73,74.73,43.15,69.49,74.97
75.07,75.07,46.67,72.84,75.09
70.65,70.65,55.27,72.96,76.08
69.90,69.90,65.33,74.31,75.13
73.03,73.03,73.89,69.68,78.79
74.88,74.88,75.04,69.64,80.09
74.55,74.55,76.51,72.20,75.89
73.73,73.73,74.73,74.51,77.54
73.55,73.55,76.59,74.76,79.74
72.23,72.23,74.68,73.70,79.48
75.00,75.00,76.00,75.57,81.33
73.31,73.31,74.45,70.52,77.71
71.56,71.56,77.39,74.55,79.16
70.31,70.31,74.51,77.35,78.60
69.50,69.50,76.40,75.63,79.92
68.39,68.39,77.83,72.23,78.66
68.32,68.32,74.94,72.35,79.33
71.71,71.71,70.75,74.84,76.68
73.90,73.90,75.93,75.52,78.54
73.59,73.59,70.72,75.37,75.59
72.03,72.03,70.73,73.90,77.91
71.56,71.56,69.16,69.22,76.81
70.59,70.59,71.79,74.64,77.01
73.01,73.01,79.19,69.80,75.24
72.16,72.16,88.36,55.39,73.72
78.33,78.33,88.40,59.47,73.60
79.09,79.09,90.23,59.08,70.96
77.72,77.72,90.06,56.43,74.71
75.33,75.33,92.30,60.19,72.14
76.71,76.71,90.12,59.69,72.87
76.52,76.52,89.50,62.56,73.43
77.04,77.04,83.76,64.05,74.05
77.43,77.43,80.94,65.90,74.27
79.53,79.53,83.13,69.89,73.93
78.73,78.73,87.38,66.98,75.25
77.67,77.67,90.73,69.53,72.98
78.48,78.48,86.39,70.78,73.52
75.12,75.12,87.61,69.02,72.33
71.79,71.79,85.86,68.81,73.36
72.72,72.72,80.63,64.94,75.49
68.87,68.87,89.66,70.52,74.51
66.88,66.88,77.52,69.16,76.07
69.65,69.65,86.00,74.56,77.40
72.33,72.33,73.88,71.23,73.69
74.58,74.58,64.92,74.82,75.46
77.84,77.84,71.87,73.06,73.56
78.68,78.68,70.10,74.38,71.97
77.51,77.51,67.39,76.52,69.80
77.16,77.16,65.11,70.36,72.25
77.60,77.60,58.75,71.25,70.37
76.85,76.85,57.37,75.20,71.30
74.08,74.08,66.70,74.34,71.04
71.33,71.33,68.54,74.02,71.49
73.46,73.46,67.58,77.13,70.61
76.36,76.36,66.54,74.52,72.12
75.48,75.48,58.99,72.50,73.00
74.73,74.73,48.34,73.96,72.19
75.16,75.16,60.26,74.34,72.30
74.50,74.50,64.17,69.33,74.28
76.20,76.20,63.95,71.03,73.09
74.23,74.23,59.45,73.82,72.67
74.88,74.88,59.65,68.87,69.39
73.79,73.79,63.96,67.61,66.52
80.01,80.01,76.19,67.09,65.11
79.56,79.56,90.40,67.32,65.56
80.63,80.63,86.34,70.07,64.11
81.18,81.18,82.03,73.84,65.54
80.72,80.72,76.47,71.18,66.04
82.71,82.71,72.63,75.05,68.69
81.96,81.96,68.93,75.01,69.29
82.26,82.26,69.29,73.76,69.42
80.79,80.79,66.96,74.65,67.46
81.52,81.52,67.12,75.26,68.53
82.33,82.33,64.78,70.74,68.47
83.34,83.34,57.06,73.49,67.74
81.52,81.52,51.98,73.46,64.55
75.48,75.48,53.89,71.61,67.91
80.08,80.08,53.07,70.60,65.92
77.61,77.61,46.70,76.38,69.01
79.02,79.02,37.87,73.11,68.46
75.48,75.48,42.16,71.10,70.44
71.76,71.76,55.06,75.38,71.63
74.92,74.92,65.23,73.73,67.86
75.16,75.16,72.43,64.42,68.83
74.09,74.09,90.69,62.23,67.75
79.06,79.06,88.12,64.12,66.04
79.43,79.43,89.82,55.61,66.90
78.04,78.04,90.12,66.29,66.97
81.31,81.31,89.28,62.36,71.66
79.88,79.88,86.14,63.95,72.15
81.18,81.18,81.02,63.90,75.29
81.47,81.47,79.16,64.28,74.56
78.80,78.80,88.16,63.14,74.38
79.77,79.77,79.18,57.10,74.90
77.41,77.41,86.74,69.18,74.82
76.66,76.66,91.93,63.70,75.36
77.22,77.22,89.34,72.36,74.68
72.98,72.98,87.62,74.84,73.10
72.28,72.28,88.51,75.18,72.35
74.89,74.89,81.19,68.97,73.54
75.90,75.90,90.50,75.01,75.71
75.22,75.22,80.16,72.10,74.98
75.96,75.96,82.79,70.30,74.26
74.32,74.32,70.21,77.15,76.33
73.28,73.28,69.62,75.28,74.75
73.54,73.54,71.07,71.37,74.04
73.70,73.70,71.13,74.13,73.80
74.84,74.84,71.72,75.77,72.91
74.14,74.14,69.15,74.08,76.07
74.36,74.36,62.84,75.89,74.34
75.19,75.19,52.56,76.24,73.65
72.90,72.90,65.06,76.05,73.25
70.81,70.81,66.27,77.53,74.11
70.83,70.83,66.20,78.32,74.47
71.90,71.90,63.18,76.99,74.77
75.71,75.71,56.93,78.88,74.27
78.14,78.14,47.65,79.44,72.52
78.94,78.94,40.63,76.69,70.55
79.88,79.88,47.35,77.80,72.01
80.97,80.97,49.33,80.12,73.04
79.31,79.31,46.68,77.28,70.98
79.99,79.99,41.43,76.21,70.51
77.10,77.10,43.26,77.15,68.17
74.96,74.96,52.50,78.42,69.09
79.08,79.08,65.68,74.86,72.67
80.53,80.53,64.72,75.46,72.18
80.54,80.54,61.76,76.44,71.18
80.72,80.72,57.09,74.75,71.71
80.23,80.23,49.17,71.73,70.76
80.08,80.08,44.70,72.94,71.77
80.26,80.26,39.92,74.39,70.22
80.24,80.24,39.81,71.77,69.77
79.67,79.67,47.10,70.72,67.82
79.85,79.85,55.10,69.24,65.95
80.43,80.43,62.86,66.47,71.48
74.42,74.42,60.35,66.85,71.73
67.42,67.42,54.53,69.94,73.68
64.12,64.12,41.95,69.76,72.86
66.13,66.13,33.03,71.56,74.04
68.65,68.65,32.87,70.41,75.16
68.47,68.47,43.79,67.16,72.41
71.81,71.81,58.86,68.43,75.23
75.16,75.16,64.86,63.59,71.06
76.79,76.79,73.40,63.47,68.40
71.47,71.47,91.29,67.16,66.95
76.63,76.63,86.40,69.04,66.15
80.98,80.98,81.97,66.17,64.91
81.29,81.29,76.50,69.15,65.41
80.08,80.08,71.15,70.71,66.53
78.34,78.34,67.08,71.28,66.31
79.59,79.59,65.60,74.26,63.76
80.97,80.97,66.19,75.87,66.11
81.57,81.57,61.27,76.06,67.06
80.78,80.78,59.36,78.36,67.68
80.35,80.35,57.10,75.99,67.35
79.65,79.65,53.54,78.07,70.03
76.56,76.56,49.31,77.66,66.09
68.45,68.45,45.42,78.42,65.40
66.97,66.97,41.88,77.33,67.51
64.52,64.52,37.48,77.14,67.13
66.39,66.39,36.17,78.60,67.65
74.31,74.31,44.14,75.11,69.99
69.34,69.34,56.17,76.50,69.34
71.65,71.65,66.82,77.90,70.25
75.58,75.58,81.63,74.40,72.61
69.33,69.33,82.05,75.79,75.17
66.81,66.81,81.59,76.06,75.30
70.86,70.86,79.72,75.58,74.97
66.20,66.20,70.65,76.86,74.14
64.58,64.58,57.86,75.56,72.87
74.37,74.37,57.13,76.94,75.57
69.70,69.70,51.94,77.76,71.63
70.21,70.21,55.38,79.42,68.75
72.53,72.53,67.67,77.00,72.71
68.99,68.99,78.62,75.29,66.60
66.20,66.20,83.41,78.50,64.30
68.31,68.31,83.04,75.46,67.82
63.03,63.03,80.12,70.28,66.23
62.64,62.64,74.00,72.90,64.52
63.85,63.85,62.80,74.86,67.93
63.77,63.77,51.94,68.09,69.69
73.29,73.29,57.97,71.83,66.89
79.87,79.87,65.12,74.47,65.94
77.64,77.64,70.36,66.11,68.05
77.96,77.96,90.71,71.03,66.81
75.28,75.28,88.33,69.99,68.07
78.26,78.26,90.31,68.08,69.00
78.14,78.14,90.55,64.85,72.75
78.01,78.01,89.43,65.18,75.49
77.04,77.04,87.51,65.63,74.74
77.28,77.28,91.06,69.47,75.63
76.85,76.85,89.82,67.23,76.85
78.98,78.98,88.27,71.16,75.05
81.44,81.44,85.21,74.56,77.09
78.25,78.25,81.61,71.08,76.84
79.90,79.90,88.60,67.49,76.31
81.55,81.55,78.14,72.29,76.64
81.81,81.81,79.44,74.02,74.15
79.51,79.51,90.59,72.75,75.44
74.57,74.57,69.98,76.59,74.81
72.84,72.84,74.05,77.71,78.43
70.51,70.51,85.73,77.42,76.60
71.25,71.25,84.31,73.94,76.24
72.89,72.89,72.69,71.30,75.66
79.46,79.46,74.09,72.38,73.07
81.76,81.76,69.92,69.45,76.51
81.74,81.74,72.14,68.82,78.17
81.53,81.53,73.07,74.80,80.51
82.22,82.22,69.38,75.58,77.71
81.29,81.29,55.13,75.76,79.34
77.86,77.86,63.34,76.58,77.89
80.46,80.46,66.65,73.91,77.07
80.95,80.95,65.44,75.19,79.02
78.37,78.37,60.64,73.77,79.63
74.40,74.40,65.41,74.51,76.71
74.80,74.80,64.74,74.66,76.27
76.19,76.19,63.85,74.11,75.47
75.44,75.44,63.34,74.37,79.48
72.17,72.17,54.55,74.54,77.88
72.43,72.43,44.62,74.32,73.77
72.92,72.92,41.25,77.15,75.90
70.80,70.80,56.93,74.71,74.95
72.03,72.03,65.72,74.83,73.00
73.31,73.31,73.60,75.39,72.18
76.78,76.78,88.04,66.77,72.36
81.51,81.51,84.49,69.53,67.93
78.53,78.53,78.36,71.67,68.16
79.11,79.11,72.26,67.84,70.19
80.21,80.21,67.50,72.86,71.90
80.00,80.00,64.92,76.49,79.30
80.47,80.47,67.10,72.48,75.62
80.75,80.75,64.90,69.58,77.23
80.95,80.95,61.21,75.79,75.89
80.62,80.62,57.00,72.34,75.76
80.75,80.75,57.35,70.73,79.71
80.85,80.85,53.17,74.20,77.33
81.58,81.58,45.16,74.01,73.18
76.40,76.40,42.18,71.08,71.73
73.31,73.31,37.27,72.68,67.43
72.81,72.81,31.03,72.02,67.64
68.11,68.11,40.28,71.55,69.64
70.03,70.03,54.73,75.62,68.83
73.78,73.78,66.13,71.10,72.73
70.41,70.41,77.60,70.64,72.95
73.21,73.21,90.62,72.97,72.56
81.61,81.61,87.10,68.83,74.01
83.20,83.20,88.28,67.49,76.73
81.15,81.15,89.96,60.93,73.46
82.06,82.06,90.36,67.62,76.65
82.84,82.84,86.63,67.38,72.45
79.87,79.87,92.93,64.76,72.13
80.22,80.22,89.63,68.77,75.67
80.56,80.56,86.79,71.06,74.66
81.85,81.85,77.89,71.71,75.33
82.38,82.38,83.39,76.54,73.10
82.07,82.07,84.68,77.46,74.16
80.89,80.89,82.96,76.47,74.95
82.32,82.32,88.88,75.57,75.17
76.26,76.26,81.19,76.02,77.55
69.42,69.42,74.28,76.55,76.00
72.81,72.81,73.94,76.19,76.71
69.25,69.25,78.91,76.06,76.11
68.51,68.51,86.88,77.98,75.62
71.26,71.26,69.65,76.55,71.78
75.90,75.90,78.63,80.41,75.86
79.38,79.38,78.92,78.57,74.52
81.75,81.75,78.62,76.12,73.13
80.64,80.64,76.19,78.68,72.61
80.63,80.63,65.86,77.94,75.13
80.56,80.56,59.02,75.13,74.72
80.70,80.70,74.02,76.40,73.59
80.58,80.58,76.70,77.25,70.90
75.18,75.18,76.72,74.60,72.92
72.92,72.92,75.03,75.98,72.44
74.73,74.73,68.94,75.53,68.82
79.69,79.69,53.34,74.15,71.02
80.87,80.87,65.70,76.88,71.44
81.64,81.64,70.73,72.71,70.10
82.23,82.23,70.67,70.46,71.26
81.50,81.50,69.02,75.20,72.81
76.71,76.71,66.10,71.59,69.32
71.54,71.54,59.89,73.83,66.82
72.82,72.82,51.69,75.48,71.23
76.15,76.15,61.77,74.53,68.10
80.71,80.71,67.56,75.74,71.96
82.26,82.26,67.46,73.85,74.17
82.13,82.13,62.63,74.46,71.32
83.05,83.05,59.99,75.33,68.47
81.73,81.73,57.15,74.23,72.95
82.31,82.31,55.40,72.14,73.27
82.05,82.05,52.30,74.05,70.65
81.80,81.80,52.02,75.32,74.00
81.21,81.21,53.47,71.77,76.31
80.37,80.37,55.69,73.80,69.87
81.74,81.74,58.56,77.87,74.91
82.24,82.24,56.27,72.95,77.09
81.12,81.12,47.98,74.83,73.02
76.97,76.97,41.27,77.62,77.52
73.46,73.46,35.83,74.65,75.65
73.47,73.47,35.11,74.32,72.37
71.10,71.10,49.24,79.24,77.36
69.59,69.59,57.17,73.07,73.89
72.84,72.84,67.79,72.78,72.56
74.49,74.49,77.59,78.04,72.13
70.83,70.83,88.94,70.04,68.27
76.73,76.73,85.29,67.69,68.37
77.06,77.06,80.32,73.10,73.05
78.28,78.28,74.75,70.68,73.67
77.70,77.70,66.98,67.07,74.52
77.00,77.00,63.61,75.65,73.18
77.31,77.31,63.85,71.21,72.22
77.69,77.69,59.42,70.24,75.73
77.21,77.21,59.19,76.41,76.41
77.58,77.58,60.48,73.74,76.56
76.48,76.48,74.57,73.08,76.20
79.15,79.15,71.14,74.37,77.91
77.93,77.93,65.87,76.55,74.58
74.56,74.56,62.75,68.42,76.97
72.92,72.92,59.39,70.61,76.38
68.45,68.45,55.86,75.14,76.39
64.32,64.32,51.25,70.49,75.58
66.07,66.07,50.11,75.32,75.91
70.68,70.68,51.78,71.76,75.91
70.35,70.35,59.31,74.56,74.52
67.48,67.48,73.36,70.72,73.67
65.75,65.75,76.42,70.06,78.30
68.51,68.51,76.42,69.40,78.82
67.65,67.65,77.85,73.19,77.35
70.03,70.03,73.52,68.54,78.40
72.39,72.39,73.85,71.23,78.77
66.30,66.30,76.06,72.88,76.76
70.26,70.26,73.83,71.58,77.43
72.80,72.80,72.92,74.62,78.10
66.91,66.91,71.39,74.65,76.57
68.14,68.14,74.14,69.25,74.83
69.80,69.80,76.04,73.29,77.66
62.82,62.82,71.11,72.14,79.93
62.83,62.83,67.09,71.01,78.53
66.78,66.78,64.85,75.48,79.86
67.37,67.37,60.88,77.53,81.25
60.00,60.00,61.91,72.04,80.11
61.33,61.33,64.33,72.50,80.83
60.71,60.71,72.54,69.62,80.56
70.84,70.84,76.85,67.40,79.69
70.69,70.69,88.44,64.65,76.92
78.23,78.23,88.42,60.91,75.28
81.39,81.39,89.91,59.20,71.63
80.02,80.02,92.80,62.46,74.23
80.85,80.85,90.12,66.81,74.87
80.16,80.16,90.52,68.34,76.10
80.09,80.09,85.66,67.77,74.92
80.05,80.05,89.47,69.40,75.06
77.38,77.38,85.92,71.12,78.29
80.33,80.33,86.20,67.35,76.02
79.89,79.89,90.36,68.62,76.48
80.32,80.32,80.70,67.78,78.29
79.37,79.37,90.68,67.75,74.79
78.73,78.73,73.59,72.87,78.01
77.92,77.92,80.34,74.14,77.11
77.14,77.14,89.67,73.55,76.14
79.22,79.22,84.57,71.86,77.84
78.52,78.52,88.38,69.78,77.19
77.25,77.25,69.93,70.10,74.71
75.72,75.72,70.59,72.97,78.69
78.24,78.24,65.96,71.23,75.92
78.85,78.85,62.47,71.28,75.16
78.50,78.50,62.91,73.34,75.54
78.73,78.73,61.91,74.38,74.26
78.64,78.64,63.82,75.36,72.94
78.34,78.34,66.61,72.34,74.38
78.06,78.06,65.20,71.74,73.50
77.47,77.47,59.08,70.72,73.02
75.51,75.51,54.08,68.63,73.23
72.40,72.40,60.34,69.10,72.54
70.54,70.54,67.39,68.54,73.55
64.28,64.28,62.48,69.84,73.99
67.33,67.33,63.70,67.18,73.21
66.95,66.95,62.19,67.92,71.96
66.89,66.89,54.82,71.90,74.75
67.84,67.84,39.12,73.22,73.77
71.74,71.74,46.32,73.83,73.98
67.58,67.58,62.58,72.75,72.86
67.76,67.76,70.51,74.15,70.26
73.30,73.30,76.94,74.08,72.31
76.83,76.83,90.01,70.78,72.71
80.58,80.58,86.98,70.46,72.44
79.44,79.44,82.78,66.79,70.89
77.80,77.80,76.79,66.81,68.44
79.52,79.52,71.85,71.84,71.73
78.29,78.29,72.76,72.98,68.65
76.98,76.98,67.39,72.99,69.57
77.00,77.00,66.49,71.78,69.81
78.78,78.78,65.01,71.20,72.08
76.97,76.97,57.57,71.50,72.77
69.69,69.69,53.83,72.81,71.71
71.28,71.28,49.85,71.65,70.92
70.31,70.31,47.42,74.72,73.16
69.07,69.07,47.33,73.69,73.31
70.78,70.78,46.20,72.43,73.73
70.50,70.50,42.20,73.05,74.89
68.31,68.31,47.07,71.83,73.77
66.58,66.58,57.82,72.11,73.84
70.29,70.29,66.37,70.79,66.31
74.94,74.94,74.56,64.27,70.10
79.43,79.43,89.65,58.50,69.19
80.84,80.84,87.58,57.79,67.78
80.85,80.85,89.16,58.83,70.27
79.70,79.70,91.06,63.56,73.97
80.39,80.39,89.43,60.44,73.14
79.18,79.18,88.15,61.03,73.77
77.42,77.42,88.71,66.52,76.62
79.77,79.77,84.60,61.73,76.17
79.09,79.09,75.83,65.73,75.59
79.29,79.29,89.06,65.40,75.31
78.70,78.70,87.77,65.31,74.26
79.39,79.39,92.23,66.14,76.26
80.28,80.28,81.53,69.10,77.00
80.90,80.90,91.42,71.18,74.18
80.17,80.17,75.74,68.70,74.66
75.82,75.82,81.47,70.76,74.11
70.69,70.69,84.65,72.00,75.13
72.44,72.44,91.39,73.80,77.41
70.23,70.23,82.32,75.32,78.79
72.57,72.57,82.27,75.88,77.96
78.23,78.23,72.00,72.55,78.51
83.20,83.20,63.71,74.93,75.26
81.21,81.21,58.76,73.27,75.24
79.85,79.85,64.49,71.18,75.18
82.35,82.35,68.40,67.80,76.33
79.49,79.49,70.48,71.58,76.47
80.85,80.85,69.22,73.22,75.30
75.67,75.67,56.12,72.30,77.14
74.90,74.90,56.74,68.10,76.37
75.29,75.29,65.69,70.74,77.98
76.18,76.18,67.23,69.53,75.90
77.33,77.33,67.69,73.40,71.92
75.84,75.84,63.86,72.17,69.96
78.10,78.10,50.25,70.95,69.81
77.63,77.63,53.80,71.96,72.94
78.22,78.22,58.84,68.31,74.06
77.10,77.10,59.24,69.45,73.26
79.57,79.57,59.19,71.26,72.09
78.71,78.71,59.97,68.67,70.65
77.14,77.14,61.54,72.39,72.53
77.92,77.92,63.54,69.30,69.31
82.48,82.48,63.82,68.98,70.52
82.96,82.96,60.74,73.28,69.20
82.68,82.68,55.61,70.76,65.41
81.91,81.91,49.85,72.82,70.78
81.63,81.63,44.06,71.31,69.65
79.72,79.72,39.95,72.61,69.93
77.53,77.53,37.63,72.30,69.54
80.32,80.32,42.16,74.37,70.52
82.64,82.64,49.34,73.79,71.82
82.63,82.63,59.67,73.05,72.59
81.96,81.96,57.62,73.55,75.16
80.12,80.12,50.69,73.29,71.81
80.62,80.62,45.14,72.11,69.96
80.56,80.56,41.64,71.40,71.83
81.24,81.24,35.35,73.22,71.98
80.11,80.11,41.49,72.60,72.96
78.13,78.13,53.31,74.77,67.52
76.97,76.97,64.02,72.35,67.06
75.92,75.92,70.88,73.43,68.95
79.25,79.25,90.69,72.93,69.70
79.13,79.13,85.29,71.79,67.31
75.79,75.79,83.02,70.33,66.95
80.47,80.47,76.95,68.78,71.30
80.87,80.87,71.63,71.15,70.48
80.76,80.76,70.64,66.30,70.26
80.09,80.09,66.39,71.89,69.62
81.30,81.30,66.09,69.22,71.48
80.83,80.83,63.97,70.64,71.84
81.11,81.11,58.87,71.00,69.46
80.00,80.00,57.41,71.36,68.62
71.00,71.00,55.01,74.38,70.23
66.36,66.36,46.87,73.27,70.16
73.58,73.58,39.58,73.10,70.01
72.29,72.29,39.04,71.29,71.76
71.80,71.80,38.08,74.25,73.17
75.23,75.23,36.23,74.62,73.11
73.34,73.34,48.87,73.92,73.06
74.83,74.83,58.11,73.59,70.93
74.82,74.82,71.96,75.80,70.97
72.19,72.19,76.97,75.49,71.26
67.35,67.35,80.94,75.66,73.14
70.09,70.09,80.43,76.77,73.85
78.22,78.22,78.49,76.33,74.00
75.31,75.31,73.41,75.84,71.97
74.10,74.10,66.08,74.66,70.30
75.27,75.27,59.27,75.28,73.88
71.38,71.38,57.39,77.47,72.96
74.27,74.27,61.30,74.23,69.03
74.39,74.39,63.53,74.69,70.61
73.64,73.64,78.11,74.07,72.96
69.96,69.96,82.41,73.27,73.05
73.22,73.22,81.91,75.96,71.43
70.55,70.55,79.26,75.23,72.00
72.22,72.22,73.09,71.91,74.10
73.10,73.10,60.81,73.40,76.58
72.76,72.76,47.75,73.06,76.63
72.85,72.85,52.83,76.90,74.13
66.84,66.84,63.45,75.34,70.29
67.86,67.86,73.16,69.46,66.95
73.75,73.75,89.76,70.87,69.48
77.84,77.84,88.12,62.63,68.83
82.84,82.84,88.99,59.31,70.33
81.42,81.42,91.18,60.84,74.10
80.37,80.37,90.14,61.92,74.44
80.03,80.03,87.14,62.16,73.87
79.19,79.19,88.90,64.30,76.18
79.19,79.19,90.04,64.15,77.26
78.87,78.87,93.72,59.75,74.78
77.89,77.89,87.29,59.69,77.36
76.47,76.47,88.35,64.05,75.59
72.20,72.20,89.23,66.66,77.34
68.52,68.52,75.47,65.60,79.53
70.67,70.67,86.93,69.61,75.76
72.50,72.50,83.00,72.21,79.21
72.48,72.48,84.20,69.49,80.74
70.63,70.63,91.40,70.07,79.56
71.98,71.98,86.23,74.22,77.59
72.55,72.55,84.07,70.05,73.32
73.72,73.72,82.08,66.62,74.92
77.96,77.96,81.16,69.34,76.04
80.23,80.23,75.00,68.89,76.80
80.55,80.55,57.14,72.98,77.12
78.69,78.69,58.79,74.41,78.12
82.07,82.07,59.87,74.99,76.58
80.24,80.24,55.65,70.87,76.66
79.96,79.96,58.85,68.52,79.45
80.54,80.54,61.37,69.06,81.57
80.17,80.17,57.88,68.29,80.42
79.41,79.41,62.75,69.14,79.67
80.25,80.25,65.80,68.82,78.90
81.66,81.66,64.37,65.28,78.53
79.76,79.76,63.28,64.49,77.79
72.06,72.06,61.09,62.61,74.48
74.58,74.58,52.91,61.73,74.55
75.65,75.65,46.23,62.98,76.09
78.61,78.61,47.18,62.97,73.63
78.62,78.62,56.00,63.05,73.63
76.76,76.76,68.54,62.38,72.52
76.23,76.23,78.75,61.91,72.30
75.73,75.73,87.95,59.94,74.31
77.68,77.68,85.15,57.74,73.96
76.62,76.62,81.18,58.50,74.96
76.56,76.56,74.43,60.66,77.31
76.96,76.96,69.84,59.93,76.35
77.24,77.24,69.98,65.84,76.87
76.75,76.75,65.82,64.99,77.96
77.29,77.29,64.66,66.03,79.01
76.46,76.46,63.32,68.64,78.47
78.06,78.06,57.51,64.96,70.89
78.51,78.51,56.50,65.99,70.61
73.67,73.67,52.03,63.46,72.58
67.88,67.88,43.63,64.30,70.35
75.02,75.02,37.15,68.12,71.03
73.17,73.17,33.09,66.27,70.62
69.85,69.85,32.74,66.78,69.47
72.51,72.51,42.73,67.06,71.33
71.11,71.11,58.06,65.71,73.29
75.00,75.00,62.93,66.70,73.54
73.73,73.73,72.74,66.11,72.38
72.37,72.37,90.38,62.95,72.00
76.44,76.44,86.07,56.25,71.01
80.88,80.88,88.58,57.55,73.06
80.04,80.04,89.88,60.05,76.11
79.76,79.76,88.52,58.15,77.37
79.45,79.45,88.56,58.62,76.37
81.49,81.49,83.84,60.14,76.63
75.71,75.71,90.27,56.64,73.62
77.89,77.89,86.34,59.90,76.47
78.56,78.56,80.68,63.97,75.54
76.59,76.59,86.32,66.74,73.28
77.48,77.48,83.88,62.61,75.43
78.22,78.22,91.32,70.61,75.44
77.95,77.95,75.47,69.74,73.46
77.46,77.46,79.84,69.05,77.79
71.88,71.88,90.76,66.55,75.76
72.03,72.03,86.87,66.39,78.43
73.60,73.60,83.72,66.57,76.44
71.19,71.19,84.59,68.35,75.23
71.60,71.60,81.04,68.18,79.14
75.39,75.39,70.37,69.40,77.91
81.19,81.19,59.48,72.09,76.19
81.44,81.44,67.02,71.49,73.90
79.63,79.63,62.36,71.04,72.31
78.91,78.91,50.12,69.37,74.19
81.35,81.35,40.04,72.98,70.15
81.47,81.47,46.98,73.80,72.13
75.25,75.25,54.80,73.89,72.54
69.11,69.11,59.95,72.00,72.82
69.77,69.77,63.52,72.84,72.95
72.03,72.03,61.74,71.50,73.23
76.96,76.96,55.67,72.36,73.97
78.66,78.66,46.66,73.01,71.47
79.18,79.18,44.38,72.13,74.88
78.11,78.11,48.93,73.69,74.58
78.87,78.87,52.76,72.52,76.26
79.51,79.51,50.17,72.29,76.65
78.54,78.54,50.69,73.71,76.20
78.78,78.78,57.09,73.83,78.86
77.57,77.57,63.62,74.27,76.34
77.40,77.40,65.61,71.71,81.14
80.85,80.85,63.72,75.52,78.38
82.00,82.00,59.62,72.67,77.08
82.26,82.26,54.64,67.49,79.88
83.40,83.40,49.37,71.00,79.70
81.96,81.96,45.71,67.00,79.64
80.03,80.03,42.11,74.58,79.30
80.75,80.75,42.90,77.24,81.50
82.43,82.43,46.46,76.14,78.07
83.04,83.04,49.61,74.11,80.11
82.27,82.27,57.97,69.31,71.55
81.47,81.47,56.08,74.73,68.75
80.40,80.40,47.98,67.68,70.89
80.23,80.23,42.50,69.40,71.86
80.71,80.71,37.94,72.58,71.53
81.59,81.59,35.80,72.66,73.63
78.07,78.07,42.34,74.66,72.34
76.11,76.11,61.57,73.29,70.53
77.81,77.81,69.74,76.70,67.27
76.52,76.52,76.47,71.61,72.42
77.71,77.71,88.16,70.78,68.22
79.56,79.56,84.27,68.40,66.77
79.65,79.65,81.04,67.70,73.79
79.98,79.98,75.11,69.96,72.89
80.50,80.50,74.25,71.22,74.87
78.50,78.50,69.94,68.06,76.55
77.31,77.31,70.36,65.21,79.88
78.46,78.46,68.86,71.56,76.54
77.47,77.47,65.85,70.48,72.29
75.29,75.29,71.74,70.10,77.45
76.77,76.77,69.44,71.80,76.54
80.34,80.34,58.00,70.12,71.11
78.23,78.23,61.93,72.24,74.27
75.57,75.57,58.04,73.33,75.88
73.99,73.99,49.37,71.66,77.03
73.05,73.05,49.51,72.29,79.35
73.05,73.05,44.20,73.13,78.07
73.42,73.42,50.21,73.05,76.67
75.33,75.33,50.76,74.87,78.82
74.22,74.22,55.28,72.13,78.47
72.17,72.17,66.76,71.19,78.03
75.76,75.76,64.16,72.20,79.75
72.14,72.14,60.25,69.77,77.49
71.85,71.85,54.20,68.26,84.33
74.30,74.30,47.19,70.61,81.84
77.95,77.95,50.17,74.85,83.75
70.83,70.83,52.62,73.65,83.11
75.54,75.54,45.82,74.28,81.99
75.03,75.03,52.57,71.03,82.69
73.57,73.57,58.72,77.83,80.17
71.18,71.18,63.90,75.07,81.00
71.84,71.84,60.99,74.09,81.03
73.14,73.14,55.14,72.39,81.16
74.18,74.18,45.86,72.70,79.85
72.71,72.71,39.25,76.18,81.90
75.98,75.98,37.57,73.69,79.04
73.76,73.76,37.39,71.11,81.19
74.36,74.36,37.95,71.04,81.79
74.67,74.67,40.07,69.64,79.23
69.40,69.40,46.06,61.90,72.71
73.20,73.20,63.48,63.55,74.68
80.92,80.92,58.06,68.40,75.41
79.42,79.42,52.21,70.01,76.66
77.26,77.26,46.08,72.61,76.65
77.33,77.33,43.05,69.20,75.60
75.07,75.07,36.01,70.25,74.73
66.99,66.99,31.22,73.18,79.66
68.26,68.26,33.60,72.75,75.01
72.99,72.99,42.85,76.40,75.62
77.02,77.02,45.83,73.46,73.60
80.25,80.25,49.04,71.68,74.41
79.22,79.22,46.89,74.24,74.54
79.23,79.23,41.93,71.75,76.33
79.21,79.21,34.26,75.73,72.61
79.32,79.32,30.28,73.53,75.25
78.44,78.44,31.80,73.05,73.18
78.75,78.75,31.58,75.78,75.71
80.01,80.01,29.93,73.37,73.98
79.67,79.67,36.17,73.38,73.23
78.55,78.55,44.23,74.08,78.67
78.92,78.92,53.43,73.34,78.03
79.56,79.56,54.04,75.42,78.58
79.58,79.58,48.57,72.53,79.17
79.31,79.31,40.72,73.22,80.13
79.31,79.31,32.21,73.48,77.76
77.62,77.62,28.12,72.34,77.68
77.57,77.57,30.27,75.19,79.09
76.34,76.34,37.10,73.62,77.99
78.86,78.86,46.11,72.26,77.56
82.17,82.17,54.56,74.64,73.73
81.08,81.08,65.19,70.32,74.74
74.39,74.39,64.69,73.56,73.83
76.25,76.25,56.39,72.59,75.09
72.85,72.85,46.41,72.26,75.98
68.66,68.66,40.03,74.78,76.79
66.62,66.62,38.65,68.10,76.58
64.55,64.55,36.62,74.07,79.18
63.53,63.53,43.87,66.94,71.27
68.92,68.92,60.76,67.49,73.87
73.60,73.60,66.65,73.86,76.21
82.06,82.06,85.12,65.84,78.91
82.99,82.99,75.48,68.94,76.79
83.21,83.21,63.31,69.04,76.55
78.84,78.84,54.51,65.74,77.54
79.95,79.95,48.11,71.88,76.71
81.15,81.15,41.60,67.75,75.13
81.73,81.73,38.79,69.20,70.02
82.36,82.36,41.33,71.48,66.94
81.43,81.43,49.09,68.61,65.91
80.57,80.57,54.90,70.76,68.67
80.00,80.00,63.10,69.41,69.92
80.36,80.36,60.43,69.27,73.64
82.76,82.76,51.23,71.90,75.78
83.16,83.16,42.93,69.01,74.24
78.22,78.22,37.85,70.33,72.78
75.67,75.67,32.65,69.89,75.74
74.83,74.83,32.46,68.87,73.86
75.31,75.31,37.09,71.81,75.90
73.71,73.71,47.16,68.49,75.92
76.52,76.52,56.68,69.95,77.36
79.06,79.06,69.69,72.61,73.32
79.35,79.35,68.87,68.17,76.42
81.16,81.16,59.76,70.99,77.61
81.48,81.48,53.96,69.53,79.95
81.14,81.14,49.10,70.41,82.24
81.33,81.33,46.55,71.68,82.22
80.73,80.73,40.99,67.84,81.89
80.86,80.86,40.37,70.38,81.04
82.65,82.65,47.36,69.58,80.92
83.82,83.82,50.32,69.97,81.18
81.66,81.66,66.34,67.69,81.41
78.44,78.44,66.84,69.33,78.23
78.87,78.87,59.15,70.68,81.12
78.54,78.54,53.12,70.61,78.03
79.34,79.34,47.36,68.24,78.94
77.45,77.45,44.48,68.70,79.47
79.49,79.49,42.83,70.69,80.08
77.62,77.62,35.18,67.32,79.20
80.01,80.01,38.25,69.07,76.24
75.82,75.82,42.78,67.58,74.73
78.61,78.61,54.46,65.18,75.33
77.76,77.76,54.54,69.69,75.07
78.25,78.25,51.03,65.51,75.10
76.44,76.44,46.45,65.64,77.16
77.18,77.18,43.76,69.14,75.28
76.12,76.12,41.36,67.62,75.88
73.01,73.01,42.41,68.67,77.06
73.57,73.57,48.05,68.13,75.01
79.75,79.75,51.83,65.71,73.79
76.51,76.51,52.47,69.97,73.37
73.40,73.40,52.72,66.58,72.54
74.79,74.79,47.34,65.94,73.84
77.87,77.87,42.02,65.80,75.69
79.29,79.29,37.54,62.15,77.60
79.94,79.94,35.17,68.86,75.12
77.80,77.80,35.95,65.27,74.07
79.38,79.38,34.60,65.66,73.38
78.66,78.66,40.62,68.63,74.64
78.70,78.70,47.95,63.30,74.32
78.39,78.39,55.94,63.84,72.14
78.42,78.42,64.61,69.21,73.99
79.54,79.54,62.72,63.63,75.65
80.82,80.82,58.08,68.83,78.19
80.59,80.59,52.03,67.35,78.45
80.07,80.07,43.34,62.30,77.21
78.38,78.38,35.91,70.30,77.52
78.99,78.99,34.20,64.85,75.61
78.57,78.57,36.80,68.15,75.93
78.76,78.76,44.29,68.02,70.06
79.04,79.04,50.31,66.42,72.96
79.65,79.65,65.36,69.12,72.43
80.90,80.90,65.73,66.94,75.25
77.80,77.80,58.84,67.08,74.92
72.52,72.52,46.40,68.12,76.00
74.77,74.77,38.69,67.92,76.23
76.80,76.80,32.64,68.90,76.19
78.61,78.61,35.96,71.28,73.32
79.82,79.82,46.51,67.78,72.99
75.90,75.90,59.70,71.03,74.86
74.19,74.19,66.97,69.17,72.45
70.64,70.64,84.49,64.15,73.14
71.63,71.63,74.20,66.72,72.44
75.74,75.74,62.04,65.17,72.79
77.08,77.08,56.06,69.85,73.31
78.02,78.02,49.49,68.23,72.11
78.46,78.46,48.25,67.69,74.47
78.76,78.76,44.61,70.77,73.05
77.78,77.78,42.04,66.36,70.76
78.86,78.86,49.85,66.79,70.07
79.29,79.29,54.76,71.51,71.28
78.41,78.41,64.39,65.29,71.53
78.06,78.06,62.53,68.60,74.64
78.72,78.72,56.51,71.18,70.06
75.17,75.17,46.18,64.96,72.74
70.92,70.92,35.85,73.76,73.12
68.12,68.12,28.52,66.01,72.63
63.72,63.72,28.41,70.10,71.88
65.29,65.29,35.38,70.64,69.24
68.29,68.29,56.70,67.33,72.76
70.02,70.02,64.22,73.13,73.39
68.70,68.70,77.86,69.13,75.25
67.31,67.31,83.03,67.54,74.34
67.04,67.04,81.32,69.83,75.04
67.23,67.23,78.79,65.70,74.66
71.98,71.98,73.26,72.01,74.98
67.14,67.14,61.72,69.75,75.22
71.54,71.54,46.04,67.56,73.23
70.49,70.49,45.16,73.29,71.61
69.14,69.14,54.91,68.31,70.78
65.83,65.83,64.79,72.84,69.79
67.61,67.61,77.89,69.13,71.45
64.51,64.51,82.73,67.66,72.89
62.57,62.57,82.04,72.35,73.04
61.52,61.52,79.93,67.50,73.20
64.68,64.68,72.19,71.29,75.42
70.32,70.32,61.40,71.65,72.98
69.87,69.87,55.95,67.10,73.83
65.11,65.11,45.59,70.41,71.62
66.82,66.82,48.78,71.16,72.89
68.07,68.07,49.54,68.51,73.24
73.49,73.49,52.56,69.59,76.05
79.70,79.70,53.79,67.77,76.63
79.08,79.08,48.68,68.93,78.24
78.69,78.69,43.66,71.21,76.66
80.74,80.74,40.62,66.97,76.83
79.87,79.87,39.29,71.80,78.58
78.61,78.61,35.74,69.98,80.40
76.90,76.90,32.14,72.69,80.05
76.05,76.05,34.75,71.18,78.03
76.38,76.38,40.86,66.91,80.55
77.97,77.97,48.39,68.61,79.25
79.09,79.09,48.16,72.77,81.16
78.91,78.91,39.72,66.80,75.84
79.00,79.00,33.56,72.59,80.06
79.37,79.37,29.78,69.66,77.03
77.26,77.26,28.88,71.93,77.47
77.26,77.26,31.39,74.19,76.78
78.48,78.48,30.80,67.10,72.06
78.99,78.99,35.65,71.29,76.94
79.04,79.04,46.64,70.89,72.58
78.27,78.27,60.24,75.21,72.80
79.78,79.78,61.78,70.46,73.71
81.05,81.05,52.09,71.44,74.66
80.14,80.14,47.21,71.29,76.24
80.63,80.63,43.29,72.15,78.05
80.25,80.25,39.93,74.65,74.03
80.24,80.24,37.89,70.87,78.39
79.68,79.68,41.26,70.97,74.82
78.42,78.42,46.02,73.59,75.69
78.49,78.49,52.95,72.35,77.78
78.95,78.95,63.58,74.95,77.14
77.87,77.87,62.05,70.35,76.48
77.90,77.90,55.61,71.09,78.86
80.42,80.42,50.47,75.37,77.26
76.90,76.90,37.89,70.59,77.54
71.35,71.35,27.73,74.56,77.17
68.74,68.74,23.90,71.25,76.57
71.64,71.64,38.45,72.79,77.65
73.75,73.75,56.34,75.26,78.03
74.28,74.28,64.47,69.86,78.46
78.28,78.28,82.38,72.65,80.21
79.26,79.26,75.73,66.90,76.90
79.98,79.98,64.61,73.28,76.82
80.70,80.70,63.07,74.88,76.75
79.63,79.63,52.48,70.76,78.40
80.00,80.00,44.07,74.25,77.84
79.99,79.99,38.73,73.27,77.38
80.67,80.67,40.56,72.37,77.97
79.61,79.61,42.14,74.55,78.24
79.78,79.78,49.67,69.74,79.83
80.51,80.51,62.04,74.14,79.08
74.44,74.44,61.59,73.96,78.48
72.84,72.84,49.98,73.34,78.36
77.39,77.39,42.72,74.73,79.07
76.48,76.48,37.51,71.22,81.44
76.94,76.94,31.60,74.96,78.26
72.17,72.17,28.64,74.83,74.07
74.01,74.01,32.17,73.63,71.91
76.47,76.47,42.89,76.62,73.15
75.20,75.20,49.52,72.31,72.71
76.33,76.33,66.36,75.98,73.29
79.82,79.82,65.90,74.28,74.81
82.39,82.39,59.99,70.07,76.83
81.95,81.95,52.20,74.71,79.01
80.37,80.37,45.96,74.20,76.33
81.77,81.77,36.74,75.93,78.13
82.39,82.39,31.45,75.31,75.78
83.70,83.70,36.39,73.39,75.60
80.89,80.89,46.74,75.90,77.32
76.45,76.45,56.68,74.85,75.04
76.45,76.45,67.63,75.81,74.56
75.65,75.65,65.70,73.26,76.34
72.89,72.89,59.17,73.09,74.04
70.45,70.45,53.12,77.76,74.32
75.56,75.56,47.15,75.86,74.69
73.84,73.84,39.79,74.41,71.94
76.06,76.06,36.71,73.33,74.50
73.56,73.56,33.69,73.38,73.65
73.46,73.46,34.33,75.67,74.44
71.05,71.05,40.99,72.93,75.73
75.88,75.88,53.30,72.98,73.88
81.51,81.51,55.43,74.18,71.84
82.03,82.03,53.42,72.17,71.74
81.41,81.41,51.61,76.18,74.01
81.81,81.81,49.48,71.58,74.87
80.90,80.90,46.81,70.38,73.38
80.17,80.17,47.51,74.09,74.12
80.60,80.60,44.88,73.58,73.77
74.35,74.35,39.22,74.17,73.76
69.91,69.91,39.63,71.79,71.69
71.84,71.84,52.71,71.73,75.60
74.36,74.36,51.87,73.02,70.54
78.04,78.04,47.08,75.92,72.52
81.49,81.49,43.76,71.25,74.57
81.90,81.90,38.30,74.64,74.34
81.00,81.00,34.71,73.02,75.99
79.18,79.18,31.37,72.50,75.70
78.73,78.73,33.78,74.42,74.77
78.93,78.93,45.98,72.67,74.75
79.57,79.57,53.43,76.82,76.49
83.05,83.05,64.73,73.41,78.68
81.51,81.51,62.37,75.47,79.01
83.19,83.19,53.31,75.54,79.08
82.16,82.16,47.42,73.17,79.18
82.57,82.57,39.45,75.86,79.23
82.49,82.49,32.18,77.51,80.70
79.85,79.85,30.32,74.10,79.13
77.95,77.95,35.60,76.07,81.36
79.26,79.26,45.75,73.83,79.78
77.93,77.93,51.66,74.56,78.55
73.59,73.59,65.50,77.14,80.11
73.38,73.38,64.14,73.35,79.51
74.74,74.74,53.79,76.53,78.67
72.93,72.93,42.60,74.59,78.95
68.62,68.62,35.57,74.40,76.94
63.02,63.02,34.75,76.04,77.41
68.94,68.94,40.20,74.31,74.89
72.25,72.25,48.03,76.23,75.33
75.29,75.29,59.57,77.41,75.26
75.47,75.47,67.45,73.25,74.32
80.49,80.49,77.64,76.67,78.24
78.28,78.28,67.89,71.47,77.22
78.22,78.22,58.13,74.61,81.27
81.71,81.71,47.45,76.29,81.80
82.55,82.55,46.50,74.00,78.38
82.20,82.20,41.22,75.17,76.89
81.27,81.27,42.79,73.03,75.15
81.50,81.50,45.83,74.78,76.35
81.71,81.71,49.75,75.13,78.40
80.26,80.26,55.86,73.20,77.24
80.84,80.84,65.49,75.77,76.00
79.90,79.90,62.44,76.05,77.88
79.52,79.52,53.32,73.99,73.07
73.53,73.53,41.78,75.10,76.77
72.03,72.03,33.86,73.35,78.96
78.21,78.21,32.32,74.84,78.04
76.65,76.65,33.15,76.81,77.34
74.45,74.45,37.17,72.45,78.92
70.16,70.16,47.07,75.11,80.52
78.44,78.44,53.43,73.85,80.90
76.48,76.48,67.77,70.17,78.91
75.12,75.12,67.39,74.96,79.98
72.17,72.17,61.02,69.69,81.31
72.46,72.46,52.49,71.69,81.23
75.15,75.15,49.00,71.87,79.88
76.03,76.03,47.17,71.37,79.51
77.96,77.96,50.09,73.52,82.43
75.53,75.53,55.81,71.50,81.88
76.49,76.49,62.20,72.55,80.76
73.28,73.28,62.66,75.65,81.74
76.19,76.19,67.84,72.16,77.99
73.71,73.71,65.83,74.08,78.86
74.01,74.01,55.55,71.97,78.01
74.40,74.40,44.77,72.42,81.72
69.28,69.28,44.72,75.21,78.53
73.76,73.76,42.95,71.70,79.80
74.20,74.20,42.54,74.29,80.83
75.62,75.62,38.08,72.30,79.05
75.88,75.88,36.37,75.59,80.20
74.77,74.77,44.03,74.86,79.13
79.79,79.79,47.57,74.79,73.71
82.29,82.29,45.34,71.23,73.41
80.55,80.55,37.79,72.69,71.12
81.83,81.83,29.82,70.97,78.11
81.07,81.07,24.20,75.43,80.08
75.70,75.70,21.44,73.04,78.01
75.57,75.57,20.54,70.13,78.19
75.42,75.42,22.25,72.15,77.96
78.51,78.51,27.71,72.48,78.53
79.96,79.96,40.04,73.54,79.84
80.71,80.71,51.18,75.78,78.01
80.19,80.19,52.96,73.79,78.23
79.94,79.94,45.91,71.79,77.91
78.34,78.34,37.66,72.37,79.63
76.89,76.89,30.81,70.10,78.55
69.19,69.19,27.10,73.71,79.96
71.65,71.65,35.00,73.47,76.98
72.75,72.75,50.20,69.84,80.16
72.62,72.62,57.05,70.89,79.31
74.29,74.29,60.97,72.83,76.58
74.16,74.16,60.23,69.55,78.10
77.69,77.69,55.52,72.35,76.03
78.62,78.62,47.94,71.08,76.46
77.12,77.12,40.37,68.84,77.18
74.25,74.25,34.76,73.37,75.08
72.47,72.47,23.13,69.82,78.27
68.72,68.72,20.55,69.73,77.54
73.82,73.82,34.43,73.08,75.94
77.71,77.71,47.80,70.30,75.01
82.77,82.77,58.93,70.25,75.78
82.05,82.05,65.53,70.52,74.73
75.55,75.55,62.81,66.72,76.61
71.65,71.65,53.59,73.03,77.53
70.29,70.29,42.12,70.86,78.89
70.30,70.30,39.20,69.23,78.92
68.48,68.48,33.64,69.41,77.86
68.39,68.39,32.62,65.35,78.70
66.67,66.67,47.60,71.05,74.92
67.15,67.15,59.80,73.03,75.36
73.09,73.09,69.27,70.65,72.40
78.93,78.93,82.31,67.26,78.55
81.38,81.38,76.81,70.26,74.87
79.89,79.89,67.25,70.59,73.00
78.67,78.67,60.76,73.42,73.24
79.76,79.76,63.30,72.61,73.38
80.17,80.17,59.41,71.14,74.50
78.14,78.14,52.73,72.90,73.50
72.88,72.88,50.16,71.18,70.80
72.84,72.84,46.39,72.66,71.13
69.20,69.20,48.13,72.47,74.15
72.09,72.09,48.44,73.26,72.56
73.53,73.53,47.06,71.61,75.33
76.66,76.66,40.55,72.57,74.83
73.48,73.48,34.98,71.46,76.67
73.31,73.31,32.83,72.96,72.68
74.72,74.72,31.52,74.31,75.79
78.22,78.22,39.01,72.15,73.93
80.14,80.14,44.54,72.45,73.40
83.01,83.01,51.61,71.82,72.68
80.48,80.48,55.74,71.52,71.76
80.53,80.53,68.54,70.79,70.87
81.24,81.24,67.17,69.68,73.58
81.12,81.12,58.50,69.85,73.95
82.04,82.04,50.52,69.97,74.42
82.65,82.65,39.94,66.37,75.37
81.57,81.57,32.99,68.37,74.30
82.08,82.08,27.59,70.98,73.42
80.49,80.49,31.87,69.00,76.01
78.74,78.74,40.72,66.44,76.76
77.78,77.78,49.81,64.05,75.78
79.89,79.89,67.86,65.71,73.52
79.58,79.58,68.00,67.33,75.69
80.97,80.97,57.23,67.53,75.46
79.24,79.24,47.57,63.04,75.25
79.47,79.47,38.97,64.18,74.66
80.28,80.28,29.65,63.51,75.82
79.80,79.80,27.92,67.46,75.85
77.96,77.96,29.98,67.40,74.31
79.29,79.29,35.84,62.48,77.72
78.13,78.13,45.10,65.98,78.08
79.66,79.66,54.03,66.97,75.91
79.71,79.71,55.06,66.11,77.29
80.71,80.71,51.04,66.85,76.73
81.73,81.73,42.70,67.47,76.05
79.17,79.17,34.90,62.47,76.44
76.94,76.94,29.63,64.98,75.60
77.34,77.34,31.09,68.98,78.12
77.98,77.98,31.37,67.63,76.71
79.38,79.38,35.75,66.42,73.00
79.67,79.67,41.81,64.86,75.39
78.00,78.00,55.51,63.76,75.21
77.50,77.50,53.86,66.50,75.86
77.34,77.34,43.37,67.07,75.80
78.36,78.36,37.17,61.41,74.95
80.43,80.43,32.22,62.85,74.24
81.35,81.35,28.81,62.16,74.03
78.34,78.34,29.87,66.04,69.11
73.54,73.54,32.96,67.40,72.98
73.33,73.33,44.86,65.95,73.97
77.83,77.83,52.70,62.88,72.62
81.07,81.07,63.57,63.12,70.95
80.65,80.65,61.42,62.64,70.80
81.05,81.05,52.59,67.90,72.86
81.91,81.91,46.45,66.28,74.55
82.53,82.53,38.65,63.74,74.08
81.75,81.75,32.55,64.17,74.60
80.82,80.82,32.82,65.05,75.73
80.02,80.02,39.75,67.17,75.02
79.22,79.22,49.52,69.22,77.13
79.47,79.47,55.31,65.78,75.06
76.93,76.93,66.31,65.00,76.31
70.53,70.53,66.85,67.42,71.58
71.19,71.19,60.03,69.55,75.75
72.96,72.96,54.65,70.16,73.75
70.35,70.35,48.53,70.57,78.18
71.94,71.94,42.70,68.89,76.01
75.11,75.11,39.06,69.05,72.95
72.86,72.86,47.02,70.00,73.76
68.68,68.68,60.25,70.10,73.93
70.69,70.69,67.24,68.92,74.88
80.73,80.73,82.16,68.42,73.44
78.40,78.40,75.40,69.04,69.94
79.02,79.02,68.54,70.15,71.13
81.09,81.09,62.38,68.98,72.34
81.56,81.56,59.89,69.22,71.13
81.69,81.69,54.81,71.99,71.93
81.10,81.10,49.86,69.56,73.38
80.48,80.48,46.21,70.68,71.24
81.29,81.29,50.67,71.85,70.50
81.85,81.85,53.65,70.99,71.45
82.25,82.25,64.54,71.76,71.46
78.76,78.76,64.39,73.35,74.40
77.86,77.86,53.03,70.71,76.15
73.24,73.24,46.50,72.32,76.16
69.49,69.49,40.34,70.77,74.94
66.38,66.38,37.06,69.92,74.17
65.08,65.08,33.20,71.62,72.89
66.55,66.55,49.34,68.03,72.21
67.92,67.92,56.37,70.02,73.01
69.12,69.12,63.01,72.71,72.34
69.55,69.55,78.64,70.07,74.13
67.28,67.28,82.34,70.92,78.48
66.79,66.79,80.96,71.46,77.15
67.60,67.60,78.56,70.39,77.79
67.51,67.51,72.15,73.31,78.77
70.65,70.65,62.13,71.35,77.35
69.39,69.39,45.35,69.18,76.83
69.73,69.73,47.96,72.34,75.12
63.45,63.45,57.57,69.40,73.13
63.34,63.34,63.42,72.15,72.88
60.31,60.31,77.28,72.45,73.17
61.26,61.26,82.55,68.58,73.68
62.68,62.68,81.21,69.83,75.81
62.15,62.15,79.08,70.61,76.97
63.63,63.63,73.01,70.05,74.77
68.27,68.27,64.85,73.83,74.37
69.20,69.20,49.08,70.21,73.09
62.50,62.50,39.39,70.47,71.58
66.89,66.89,36.25,73.36,73.10
66.89,66.89,43.38,70.51,72.11
73.87,73.87,49.49,73.31,74.36
79.18,79.18,50.23,75.41,70.95
81.50,81.50,47.29,72.12,70.96
81.36,81.36,45.76,72.70,76.08
79.94,79.94,39.33,73.21,77.91
80.66,80.66,35.21,72.10,80.27
78.18,78.18,32.14,73.56,79.31
71.40,71.40,30.06,73.27,77.36
68.75,68.75,34.28,71.40,78.78
68.54,68.54,40.14,74.62,77.59
70.62,70.62,53.65,71.41,78.53
79.05,79.05,51.73,73.64,81.88
79.97,79.97,43.48,74.72,79.35
78.13,78.13,38.29,70.69,79.69
78.18,78.18,35.53,72.10,78.88
72.68,72.68,32.05,72.70,76.74
76.56,76.56,27.20,71.94,80.78
78.31,78.31,29.23,73.74,76.65
80.00,80.00,36.11,73.49,79.75
76.37,76.37,46.20,70.47,79.49
80.71,80.71,57.26,72.87,80.79
80.32,80.32,59.10,70.04,78.77
79.40,79.40,52.95,72.91,76.65
78.41,78.41,47.75,74.39,78.42
79.45,79.45,41.79,69.96,79.68
78.31,78.31,37.77,68.00,79.03
71.65,71.65,28.86,69.82,78.32
66.88,66.88,27.60,69.47,77.91
65.45,65.45,30.57,73.22,77.97
67.23,67.23,34.49,70.53,79.30
77.64,77.64,39.50,67.11,77.91
77.98,77.98,37.98,72.97,78.13
78.68,78.68,35.08,69.47,80.08
77.22,77.22,35.11,73.33,78.03
76.58,76.58,33.49,72.71,76.63
76.18,76.18,33.10,66.20,77.42
75.40,75.40,34.25,67.82,77.57
72.56,72.56,41.41,70.35,77.96
71.78,71.78,53.66,68.18,73.74
73.34,73.34,65.64,75.70,77.51
75.84,75.84,81.45,70.80,82.99
79.06,79.06,73.46,70.61,77.02
77.65,77.65,65.63,72.96,74.56
82.52,82.52,53.36,67.29,78.44
80.49,80.49,44.98,68.80,78.80
81.16,81.16,39.49,68.84,77.12
81.77,81.77,32.53,70.41,76.03
81.68,81.68,34.15,72.45,77.44
81.06,81.06,41.80,72.04,79.55
81.23,81.23,49.77,68.94,79.80
81.42,81.42,60.27,71.47,79.09
79.93,79.93,59.77,70.95,79.27
82.35,82.35,50.10,71.06,78.62
82.78,82.78,41.92,73.37,79.53
73.97,73.97,35.46,69.10,77.93
71.16,71.16,24.65,69.38,75.94
72.15,72.15,19.30,69.74,72.31
72.61,72.61,22.36,71.04,72.35
74.26,74.26,33.84,71.36,72.30
74.08,74.08,44.16,70.39,75.21
77.31,77.31,60.17,69.04,73.55
81.05,81.05,59.49,70.50,76.29
81.90,81.90,49.93,70.44,73.85
82.44,82.44,43.28,70.52,75.11
80.79,80.79,37.09,71.09,77.85
79.42,79.42,30.72,67.31,78.05
81.23,81.23,28.99,68.60,77.95
82.42,82.42,34.58,66.77,76.34
83.34,83.34,41.45,70.10,77.76
82.95,82.95,48.00,69.45,78.38
76.83,76.83,63.56,68.49,75.23
76.40,76.40,62.65,65.99,78.48
73.38,73.38,55.68,62.42,76.06
70.42,70.42,51.06,65.17,76.96
77.30,77.30,50.23,66.82,78.17
76.39,76.39,41.91,65.97,76.68
74.55,74.55,35.41,63.34,78.03
72.42,72.42,33.48,65.34,79.51
74.62,74.62,32.09,63.91,76.90
76.53,76.53,40.32,66.88,77.54
78.12,78.12,49.78,67.11,77.42
77.05,77.05,50.15,66.51,79.67
79.50,79.50,41.83,64.93,75.19
82.90,82.90,34.23,65.29,75.35
83.27,83.27,29.84,65.74,77.47
80.86,80.86,25.78,67.76,74.62
78.67,78.67,32.17,67.30,74.07
78.70,78.70,40.60,65.56,77.19
79.11,79.11,47.73,66.58,73.58
80.20,80.20,51.44,64.28,71.52
78.05,78.05,55.60,64.54,75.86
75.59,75.59,51.67,66.06,74.94
76.39,76.39,42.18,65.68,75.68
77.80,77.80,32.08,65.12,75.57
79.79,79.79,26.75,64.09,74.40
78.04,78.04,25.33,61.82,75.06
75.89,75.89,24.92,62.44,77.81
75.24,75.24,29.38,65.27,76.61
76.74,76.74,39.68,64.16,79.32
78.48,78.48,49.43,64.89,75.82
80.37,80.37,60.65,61.60,79.45
83.65,83.65,57.54,61.55,77.98
83.98,83.98,51.00,64.42,78.42
78.80,78.80,42.63,64.44,79.10
80.99,80.99,32.89,63.63,78.76
79.87,79.87,21.27,59.73,78.45
80.74,80.74,20.05,60.68,82.06
80.73,80.73,26.51,60.84,78.16
80.14,80.14,39.54,63.90,79.56
78.25,78.25,49.06,64.95,80.29
78.79,78.79,64.68,63.16,77.37
80.35,80.35,63.70,62.55,80.71
78.16,78.16,52.95,62.81,77.35
74.11,74.11,40.69,64.11,78.15
74.91,74.91,31.50,63.32,78.87
70.69,70.69,25.93,66.52,76.54
69.96,69.96,26.49,64.19,78.31
71.03,71.03,36.87,67.85,74.67
72.10,72.10,53.87,65.96,76.16
72.80,72.80,66.79,67.31,73.70
80.38,80.38,75.14,66.53,81.14
76.37,76.37,67.45,67.23,74.53
79.50,79.50,59.20,66.90,72.94
79.30,79.30,50.82,63.33,73.65
79.59,79.59,49.33,65.63,75.88
79.36,79.36,47.75,64.88,77.81
79.56,79.56,47.54,68.32,79.62
78.32,78.32,48.30,70.80,80.76
79.19,79.19,50.04,68.80,79.97
81.22,81.22,52.57,64.99,78.40
82.80,82.80,62.11,66.98,77.48
83.81,83.81,59.54,69.11,76.80
81.84,81.84,49.15,65.88,73.54
82.54,82.54,44.80,71.17,72.19
78.70,78.70,37.34,68.25,70.10
79.56,79.56,32.03,68.17,70.91
75.83,75.83,31.16,66.74,73.68
70.70,70.70,36.79,68.53,75.22
68.06,68.06,46.65,67.58,75.04
67.67,67.67,58.78,70.69,75.70
69.94,69.94,72.42,69.38,78.56
74.76,74.76,71.38,70.80,78.33
75.64,75.64,68.04,71.43,77.58
73.47,73.47,63.95,70.37,79.51
77.47,77.47,65.09,70.04,79.93
74.11,74.11,68.80,70.63,80.35
75.32,75.32,67.61,69.48,80.68
73.86,73.86,58.03,70.21,79.60
74.13,74.13,66.65,73.20,79.76
68.82,68.82,68.93,70.27,77.58
75.19,75.19,69.25,73.87,78.59
74.96,74.96,68.74,66.91,79.18
74.33,74.33,64.89,72.52,81.42
72.46,72.46,58.81,71.38,76.46
72.78,72.78,55.60,69.30,77.66
69.74,69.74,53.13,74.24,78.41
69.68,69.68,49.89,71.25,77.98
73.20,73.20,46.06,73.79,79.67
70.54,70.54,40.98,73.31,77.01
73.04,73.04,26.59,72.64,79.27
78.02,78.02,20.87,66.87,80.14
79.80,79.80,21.67,75.94,80.53
78.99,78.99,21.97,75.86,72.44
78.61,78.61,22.47,76.44,71.24
79.15,79.15,22.13,75.52,71.09
79.28,79.28,24.47,76.58,69.09
79.51,79.51,27.40,75.48,65.92
79.85,79.85,32.73,76.11,69.95
81.75,81.75,39.56,76.14,66.74
82.09,82.09,40.39,74.86,70.12
79.99,79.99,37.74,76.54,71.81
79.24,79.24,30.42,75.68,71.78
79.05,79.05,28.13,74.15,71.91
79.42,79.42,26.31,75.75,70.43
80.13,80.13,26.00,74.59,70.60
79.88,79.88,28.94,75.39,70.32
79.81,79.81,30.45,75.53,68.85
80.13,80.13,31.91,74.68,70.61
80.64,80.64,32.65,75.39,67.47
80.31,80.31,31.04,74.73,67.83
81.21,81.21,26.87,74.35,74.81
81.00,81.00,19.43,74.85,75.51
80.09,80.09,20.63,72.47,73.13
81.21,81.21,26.95,74.04,73.80
82.07,82.07,27.58,71.69,72.39
81.85,81.85,25.54,71.22,70.44
80.56,80.56,26.89,73.08,73.10
79.85,79.85,25.97,68.61,71.71
79.55,79.55,27.21,72.80,71.41
79.14,79.14,27.46,70.75,72.02
79.40,79.40,29.12,68.75,71.90
79.73,79.73,27.52,73.32,73.76
80.42,80.42,25.55,69.92,72.03
80.18,80.18,22.57,70.22,71.99
79.80,79.80,23.67,72.68,70.48
79.15,79.15,26.06,70.22,72.90
79.19,79.19,29.94,71.30,73.48
79.37,79.37,30.61,72.22,72.77
79.53,79.53,29.40,69.00,74.43
78.62,78.62,26.61,71.94,75.70
81.30,81.30,23.84,68.85,76.25
80.09,80.09,18.01,70.65,77.12
79.02,79.02,18.38,71.28,78.25
80.47,80.47,14.97,69.71,78.48
79.59,79.59,17.76,72.34,76.09
78.84,78.84,16.71,70.63,77.37
78.71,78.71,18.84,70.90,78.10
78.51,78.51,23.50,71.84,77.80
78.44,78.44,27.45,69.56,76.77
80.04,80.04,29.38,71.23,74.17
81.29,81.29,27.90,71.19,74.52
80.20,80.20,24.41,68.51,72.00
80.05,80.05,19.30,71.17,74.91
77.87,77.87,17.21,69.29,73.19
79.56,79.56,19.53,70.66,70.44
80.68,80.68,18.31,73.08,72.60
80.87,80.87,17.12,71.57,73.49
80.24,80.24,15.86,73.31,73.60
80.10,80.10,20.07,71.64,72.48
81.71,81.71,25.08,72.01,72.59
81.51,81.51,31.18,72.92,72.38
83.30,83.30,33.29,70.52,76.17
80.12,80.12,28.07,72.25,77.46
80.49,80.49,25.36,67.62,77.84
79.85,79.85,19.86,68.14,76.87
78.32,78.32,14.96,69.27,76.35
78.16,78.16,7.06,67.39,75.95
79.33,79.33,8.58,69.85,76.49
79.24,79.24,6.39,68.22,76.51
78.73,78.73,10.76,67.36,74.88
79.63,79.63,14.44,69.51,75.97
79.61,79.61,20.88,69.37,75.45
81.59,81.59,22.92,69.25,74.52
81.53,81.53,23.80,68.92,75.03
81.42,81.42,20.15,68.01,75.15
80.51,80.51,19.25,71.36,74.86
81.46,81.46,19.86,66.72,75.00
81.56,81.56,14.53,67.96,74.07
82.03,82.03,23.39,70.88,73.88
81.73,81.73,25.10,69.12,73.92
81.87,81.87,25.41,70.34,73.79
81.74,81.74,24.53,69.10,73.30
80.50,80.50,24.58,67.43,73.03
80.81,80.81,22.38,67.49,74.99
81.47,81.47,19.02,67.10,75.50
81.21,81.21,13.80,67.30,74.51
80.86,80.86,18.79,68.01,74.43
80.23,80.23,20.21,66.49,74.27
79.24,79.24,22.51,68.66,73.31
79.88,79.88,25.09,65.85,74.09
79.37,79.37,17.32,69.52,74.88
79.98,79.98,20.69,69.46,73.30
81.19,81.19,19.67,66.83,73.73
80.27,80.27,20.15,69.59,73.52
81.99,81.99,20.50,69.26,73.66
81.50,81.50,15.58,68.35,73.47
81.71,81.71,15.81,69.87,72.80
81.83,81.83,20.52,67.51,73.72
81.81,81.81,24.84,69.57,74.12
81.90,81.90,29.69,69.44,73.93
81.13,81.13,35.67,68.63,76.11
81.80,81.80,38.49,69.37,75.52
81.01,81.01,37.95,67.03,74.66
75.98,75.98,33.64,67.85,74.99
76.88,76.88,28.48,69.21,72.64
77.81,77.81,24.19,65.30,76.78
77.44,77.44,22.11,69.02,73.92
77.26,77.26,26.13,67.17,74.19
78.12,78.12,28.08,66.45,75.44
79.04,79.04,28.03,68.97,75.21
78.84,78.84,25.82,65.77,73.41
79.22,79.22,24.98,67.27,75.35
78.53,78.53,25.32,67.77,73.62
77.54,77.54,21.10,65.25,70.92
78.48,78.48,22.67,66.29,74.47
77.55,77.55,21.42,65.42,73.85
77.38,77.38,27.55,65.90,75.30
76.50,76.50,31.89,64.48,74.88
75.52,75.52,36.29,62.05,74.37
72.18,72.18,35.65,67.07,72.68
70.24,70.24,36.29,65.21,74.62
67.70,67.70,31.78,61.95,74.77
68.21,68.21,26.23,66.10,75.06
66.95,66.95,24.00,62.83,75.73
65.32,65.32,18.01,64.77,76.37
64.74,64.74,15.22,67.17,74.94
63.84,63.84,15.59,63.98,75.56
62.86,62.86,18.81,65.71,75.42
62.55,62.55,22.10,66.19,76.49
62.92,62.92,27.81,67.33,74.33
62.06,62.06,27.74,66.97,74.84
60.76,60.76,27.22,65.93,75.85
63.84,63.84,22.74,69.39,76.72
66.04,66.04,18.78,66.57,75.54
67.24,67.24,14.52,65.71,77.72
65.19,65.19,14.53,69.14,75.14
69.68,69.68,24.37,65.43,75.02
74.57,74.57,30.56,66.29,74.57
76.88,76.88,32.96,67.98,74.63
77.35,77.35,28.11,62.11,72.90
75.52,75.52,21.14,65.27,72.55
79.15,79.15,15.07,66.16,76.84
85.00,85.00,18.64,63.82,75.84
83.77,83.77,22.22,68.28,73.56
82.84,82.84,22.02,65.81,75.20
82.31,82.31,15.59,65.19,73.39
81.80,81.80,13.56,68.21,74.99
80.13,80.13,13.29,67.81,75.41
80.72,80.72,13.86,67.10,73.09
80.96,80.96,16.77,66.59,75.72
80.41,80.41,18.80,69.26,73.07
79.37,79.37,19.91,65.65,73.71
78.69,78.69,21.54,65.72,75.57
78.16,78.16,19.68,67.39,73.78
78.37,78.37,17.19,66.80,75.37
74.17,74.17,18.38,63.70,74.87
70.12,70.12,17.30,67.95,74.78
68.89,68.89,18.92,67.16,75.61
68.71,68.71,28.19,64.56,72.80
70.14,70.14,34.93,67.25,73.99
85.51,85.51,27.53,66.25,74.95
83.29,83.29,26.70,66.33,72.64
83.23,83.23,23.24,65.86,75.90
83.69,83.69,20.51,67.72,75.57
82.76,82.76,19.86,64.23,76.57
83.07,83.07,19.02,67.03,75.85
82.05,82.05,23.48,66.78,76.48
81.21,81.21,22.35,64.58,77.07
80.32,80.32,25.25,66.52,75.86
76.58,76.58,28.95,68.36,78.15
75.88,75.88,29.82,64.99,76.55
82.69,82.69,28.84,65.82,76.83
83.49,83.49,25.94,68.52,76.20
83.09,83.09,23.15,64.67,78.58
83.79,83.79,21.83,65.36,76.37
83.59,83.59,18.72,67.54,79.80
81.46,81.46,19.68,62.46,76.43
77.42,77.42,26.12,65.71,79.06
79.19,79.19,32.01,64.04,77.60
80.18,80.18,32.78,62.72,77.07
82.27,82.27,29.71,70.53,74.63
83.24,83.24,25.14,72.49,73.09
80.32,80.32,18.44,75.71,71.73
77.11,77.11,18.05,74.28,73.20
80.85,80.85,19.27,74.54,76.24
81.42,81.42,21.96,73.94,75.49
81.51,81.51,25.27,74.24,73.19
80.39,80.39,25.08,75.31,74.80
79.76,79.76,26.68,73.13,74.73
78.68,78.68,26.54,73.33,73.01
77.29,77.29,25.12,73.72,73.43
78.72,78.72,21.07,73.52,71.66
82.43,82.43,20.02,74.91,71.41
77.58,77.58,22.40,74.56,70.23
73.18,73.18,34.74,72.87,70.54
72.39,72.39,21.65,74.95,72.03
71.34,71.34,11.15,72.83,72.62
72.33,72.33,8.90,73.75,73.91
72.41,72.41,20.43,75.51,73.01
70.47,70.47,34.26,73.81,74.98
78.02,78.02,37.30,74.89,75.91
83.58,83.58,39.60,74.06,76.48
80.90,80.90,37.89,71.35,75.58
80.65,80.65,32.72,72.73,75.80
79.43,79.43,31.50,72.22,78.01
80.68,80.68,27.41,72.08,76.88
80.40,80.40,30.45,71.76,81.20
79.37,79.37,28.06,72.26,79.98
80.97,80.97,29.74,72.16,78.89
80.82,80.82,24.65,71.09,80.78
81.67,81.67,23.34,71.73,78.11
82.46,82.46,21.53,71.23,82.33
82.56,82.56,25.00,69.99,74.67
82.45,82.45,25.49,71.25,75.48
82.30,82.30,24.12,71.88,74.91
81.42,81.42,20.75,70.03,74.15
80.14,80.14,16.89,70.91,73.13
70.00,70.00,15.97,71.29,74.92
68.14,68.14,16.42,70.53,73.85
65.43,65.43,15.47,71.42,72.43
67.81,67.81,14.37,70.98,75.80
76.80,76.80,12.95,70.28,75.68
83.38,83.38,14.48,70.07,75.43
81.97,81.97,25.25,70.24,75.19
80.55,80.55,26.62,70.58,75.51
79.82,79.82,29.22,68.55,74.46
80.90,80.90,27.83,71.24,74.71
80.81,80.81,24.36,69.51,72.64
81.32,81.32,25.79,68.58,73.71
81.38,81.38,24.49,71.23,73.08
80.42,80.42,28.20,69.43,74.44
80.01,80.01,30.68,68.17,74.34
79.60,79.60,28.95,69.39,76.07
79.69,79.69,31.55,69.21,74.48
81.17,81.17,31.83,68.69,73.26
81.26,81.26,33.34,67.51,75.80
81.72,81.72,30.27,67.19,75.23
81.61,81.61,26.10,68.21,74.49
80.67,80.67,22.56,64.17,72.95
81.26,81.26,27.12,66.06,75.98
81.78,81.78,26.16,67.53,75.38
80.71,80.71,25.92,64.66,73.97
81.27,81.27,24.21,65.21,74.46
81.58,81.58,20.44,60.52,75.90
81.83,81.83,24.26,64.64,74.68
81.73,81.73,27.43,66.26,73.20
82.15,82.15,28.94,61.21,73.77
81.47,81.47,27.56,63.89,73.66
81.35,81.35,28.39,63.22,73.92
81.44,81.44,28.46,65.25,74.45
80.72,80.72,29.82,65.41,72.78
81.46,81.46,28.38,61.48,72.71
82.56,82.56,27.53,62.33,71.85
81.79,81.79,27.60,65.94,73.25
81.36,81.36,25.49,62.51,73.04
82.10,82.10,26.34,63.58,72.83
81.66,81.66,26.74,65.26,71.30
82.01,82.01,29.26,65.23,72.91
81.25,81.25,33.81,64.59,74.57
81.10,81.10,37.48,63.58,73.25
79.69,79.69,40.36,65.29,73.80
77.53,77.53,38.50,66.82,73.90
76.70,76.70,35.22,60.73,76.52
75.92,75.92,36.21,64.84,76.12
76.86,76.86,35.22,64.77,76.24
75.50,75.50,34.44,62.69,73.14
75.51,75.51,34.93,64.82,74.96
74.68,74.68,31.70,64.86,76.97
75.22,75.22,32.50,64.83,77.53
75.54,75.54,30.03,64.67,76.90
72.04,72.04,27.71,64.13,76.93
70.96,70.96,21.75,64.69,76.65
68.02,68.02,17.45,63.42,76.34
70.23,70.23,26.19,65.92,78.84
71.92,71.92,26.27,63.19,76.85
69.50,69.50,25.76,63.91,77.78
68.73,68.73,24.87,65.55,77.73
67.99,67.99,19.61,66.20,73.42
66.89,66.89,18.45,63.30,76.86
65.92,65.92,21.37,66.21,76.69
62.91,62.91,23.88,65.81,77.17
63.56,63.56,17.54,62.68,76.06
65.90,65.90,15.22,66.00,74.39
71.57,71.57,14.11,64.81,76.73
71.09,71.09,15.56,63.60,74.52
71.91,71.91,13.95,64.42,76.52
72.87,72.87,14.01,62.46,74.68
67.40,67.40,13.05,63.36,74.86
75.25,75.25,25.05,61.84,78.26
81.81,81.81,29.08,62.59,77.83
80.99,80.99,22.44,66.09,78.29
78.52,78.52,24.21,62.84,77.61
77.16,77.16,23.17,65.16,75.68
77.42,77.42,23.68,63.71,71.69
76.09,76.09,27.54,63.06,71.80
74.71,74.71,25.90,66.56,73.60
75.22,75.22,23.62,67.17,74.86
76.63,76.63,25.85,64.46,73.22
77.45,77.45,24.10,64.12,71.62
79.23,79.23,19.64,64.33,71.09
80.28,80.28,20.68,64.95,72.21
78.59,78.59,23.37,64.26,73.29
79.87,79.87,15.26,66.15,77.42
80.78,80.78,13.29,66.98,75.76
80.66,80.66,12.77,67.19,77.35
81.23,81.23,13.30,65.75,76.22
79.20,79.20,20.99,66.65,76.82
78.48,78.48,24.23,65.60,76.25
77.63,77.63,23.65,65.86,75.00
79.14,79.14,20.26,64.22,77.24
80.93,80.93,22.35,64.19,76.93
80.76,80.76,20.58,64.99,80.75
80.26,80.26,22.56,64.88,80.30
79.38,79.38,20.27,63.78,80.87
78.80,78.80,24.62,64.78,81.43
78.12,78.12,25.99,64.45,81.35
77.67,77.67,25.01,62.11,81.30
77.93,77.93,24.44,55.67,83.19
79.69,79.69,21.80,46.60,82.04
77.83,77.83,18.97,49.40,81.64
76.06,76.06,15.75,52.26,80.63
77.70,77.70,17.27,59.65,75.49
76.83,76.83,15.97,75.84,73.63
76.38,76.38,13.50,78.34,74.57
81.23,81.23,9.48,78.01,73.52
79.37,79.37,8.63,76.56,71.69
79.67,79.67,6.48,77.57,73.15
79.70,79.70,7.56,77.51,73.44
79.95,79.95,10.02,76.89,69.83
79.06,79.06,8.90,78.54,70.11
77.29,77.29,12.96,76.72,70.25
81.36,81.36,17.60,75.54,67.74
81.77,81.77,21.70,75.85,69.13
81.94,81.94,24.53,73.93,68.92
82.55,82.55,25.00,74.48,66.88
81.58,81.58,25.18,75.32,71.39
80.64,80.64,23.77,74.36,70.53
81.39,81.39,24.42,75.57,71.51
81.42,81.42,23.75,74.29,73.28
81.76,81.76,22.51,74.00,71.71
82.33,82.33,20.08,75.79,72.54
81.82,81.82,20.36,73.75,71.35
80.45,80.45,19.79,71.16,75.23
80.21,80.21,23.20,75.45,75.83
79.86,79.86,23.78,72.78,75.96
79.71,79.71,24.05,72.42,75.51
80.09,80.09,25.32,74.28,73.72
79.37,79.37,26.07,70.75,75.23
79.63,79.63,27.84,72.33,75.04
78.63,78.63,31.14,73.43,75.62
77.80,77.80,31.24,71.44,76.70
78.63,78.63,30.46,71.47,78.44
79.95,79.95,29.30,70.47,76.07
81.48,81.48,28.68,69.98,77.19
81.49,81.49,29.57,73.16,75.47
78.08,78.08,24.19,69.80,76.08
75.73,75.73,21.36,71.01,73.34
83.07,83.07,23.56,74.11,74.94
83.40,83.40,27.12,71.43,73.91
82.75,82.75,31.81,71.14,73.92
83.05,83.05,31.14,73.37,75.17
83.90,83.90,26.34,69.04,74.74
81.20,81.20,24.90,70.96,76.42
81.58,81.58,20.96,73.78,73.73
82.34,82.34,20.92,72.25,76.47
80.61,80.61,17.90,69.68,77.00
78.58,78.58,19.29,69.74,74.18
76.87,76.87,20.82,68.13,75.76
70.44,70.44,20.10,71.92,73.83
71.07,71.07,31.81,69.52,77.17
74.16,74.16,36.88,69.32,76.01
81.93,81.93,41.37,71.30,76.30
80.55,80.55,37.31,69.92,75.45
82.72,82.72,34.97,72.76,74.75
81.19,81.19,32.33,73.36,76.53
79.11,79.11,24.53,72.80,74.99
80.21,80.21,17.85,71.17,75.89
78.00,78.00,19.07,73.46,74.50
76.53,76.53,28.64,71.64,74.73
70.89,70.89,29.13,71.53,72.82
71.64,71.64,28.76,73.05,76.93
80.74,80.74,27.50,71.60,77.20
82.89,82.89,25.01,70.99,75.46
79.98,79.98,24.63,70.76,72.28
80.27,80.27,23.17,71.44,72.70
80.54,80.54,20.23,70.28,73.39
79.87,79.87,19.27,68.51,75.70
79.90,79.90,18.54,70.22,72.68
80.73,80.73,19.30,70.70,72.55
81.09,81.09,19.45,69.42,73.54
81.39,81.39,19.09,68.37,72.43
81.41,81.41,20.01,70.16,71.96
80.51,80.51,23.53,69.66,71.65
80.75,80.75,21.82,69.92,73.52
81.51,81.51,21.33,69.78,72.95
81.73,81.73,24.14,69.51,71.42
80.54,80.54,24.74,69.94,75.40
79.10,79.10,25.34,69.45,72.37
80.66,80.66,24.64,70.85,73.47
81.92,81.92,23.47,70.14,71.75
82.15,82.15,21.53,70.02,73.87
82.07,82.07,21.79,69.21,72.12
81.72,81.72,20.71,70.50,73.13
81.16,81.16,21.30,69.65,73.28
80.83,80.83,18.75,69.07,72.92
80.85,80.85,18.70,69.60,73.63
81.33,81.33,19.66,70.36,72.21
81.54,81.54,17.22,70.37,73.95
82.18,82.18,18.87,68.59,74.85
81.55,81.55,17.52,69.58,75.15
81.37,81.37,18.29,69.59,74.01
81.13,81.13,23.99,67.59,75.62
80.99,80.99,27.26,68.75,75.18
80.91,80.91,27.68,69.77,75.55
81.57,81.57,28.86,69.40,74.76
82.14,82.14,28.39,68.09,73.24
81.65,81.65,27.49,69.34,74.12
81.77,81.77,28.49,70.27,73.71
81.82,81.82,27.81,69.51,72.99
79.19,79.19,27.93,68.73,70.60
77.16,77.16,29.21,68.40,74.72
78.88,78.88,33.28,68.58,77.07
78.78,78.78,34.99,67.83,76.71
78.90,78.90,35.02,67.74,76.60
78.73,78.73,34.61,68.70,76.56
78.44,78.44,33.88,65.92,76.79
78.38,78.38,34.57,65.82,77.05
76.87,76.87,36.86,67.07,76.43
77.03,77.03,38.24,67.19,76.06
75.58,75.58,38.55,68.05,77.09
76.95,76.95,36.74,65.38,75.27
77.11,77.11,32.77,65.02,77.67
76.06,76.06,23.71,66.65,74.96
72.45,72.45,18.00,66.95,78.82
72.29,72.29,17.79,66.22,75.87
73.09,73.09,17.68,67.42,77.42
73.06,73.06,24.40,65.36,75.28
70.47,70.47,18.46,66.08,77.16
65.73,65.73,13.55,66.35,75.54
66.07,66.07,16.91,65.62,75.95
70.41,70.41,25.25,66.74,76.57
66.60,66.60,25.81,64.70,75.65
62.34,62.34,19.61,66.22,75.61
64.94,64.94,23.06,66.57,75.85
66.73,66.73,25.71,66.89,77.38
68.33,68.33,26.89,65.43,75.28
69.02,69.02,26.25,67.07,76.81
71.48,71.48,25.72,66.83,76.26
70.78,70.78,22.81,65.11,74.78
70.35,70.35,21.69,65.48,74.48
70.54,70.54,20.60,66.77,76.43
69.96,69.96,21.83,67.17,74.45
68.69,68.69,22.72,65.93,75.80
68.06,68.06,22.57,66.66,76.92
67.39,67.39,23.02,66.29,76.08
64.36,64.36,23.92,66.46,73.08
64.16,64.16,25.75,65.41,75.46
63.50,63.50,24.53,66.30,75.22
62.72,62.72,22.48,60.07,77.51
67.91,67.91,22.23,62.18,75.08
80.10,80.10,30.77,66.01,76.95
81.06,81.06,24.83,66.93,75.07
80.86,80.86,19.60,65.01,75.03
80.46,80.46,22.60,64.88,73.77
82.48,82.48,17.98,63.40,75.59
80.76,80.76,18.14,65.04,75.37
78.25,78.25,19.95,66.03,75.95
81.41,81.41,21.08,65.45,75.16
83.46,83.46,20.88,64.50,73.57
81.68,81.68,22.56,64.49,73.15
78.55,78.55,21.70,65.30,72.89
80.47,80.47,20.96,64.21,73.13
80.34,80.34,18.63,65.60,74.81
76.67,76.67,17.28,66.17,72.24
79.36,79.36,17.59,64.78,72.77
78.36,78.36,20.00,63.79,74.62
81.01,81.01,21.53,65.06,73.06
82.15,82.15,21.12,65.07,73.97
81.25,81.25,20.45,63.60,75.69
82.14,82.14,17.25,64.03,74.53
82.55,82.55,19.95,66.18,75.85
80.76,80.76,24.66,65.39,77.11
82.00,82.00,29.84,64.31,77.82
81.43,81.43,24.30,64.40,77.33
78.18,78.18,22.85,64.95,77.47
79.00,79.00,21.63,63.64,79.74
81.16,81.16,25.13,62.71,76.58
79.84,79.84,23.25,63.06,78.74
79.24,79.24,23.48,63.22,79.32
79.09,79.09,23.17,63.38,76.34
77.79,77.79,25.46,61.68,79.84
76.48,76.48,28.23,63.24,77.53
77.06,77.06,30.27,63.37,80.57
78.70,78.70,29.31,61.26,77.18
80.33,80.33,28.06,60.23,77.99
78.63,78.63,28.20,61.64,77.25
78.56,78.56,27.35,61.63,77.75
78.74,78.74,28.53,61.37,76.84
77.77,77.77,32.20,60.39,75.14
77.55,77.55,35.68,61.49,74.59
77.54,77.54,36.39,63.27,72.76
79.23,79.23,35.97,62.91,72.95
79.05,79.05,35.80,64.37,74.65
78.41,78.41,35.92,64.30,78.27
78.58,78.58,36.21,63.15,76.25
80.14,80.14,37.18,63.27,77.79
80.14,80.14,36.66,62.38,79.49
80.01,80.01,36.22,63.43,78.13
79.96,79.96,35.40,62.60,76.99
79.10,79.10,36.20,63.35,73.57
77.86,77.86,33.48,63.26,76.42
77.78,77.78,35.83,63.85,78.51
79.80,79.80,36.98,63.43,74.93
79.50,79.50,34.44,63.26,73.70
76.88,76.88,25.67,63.98,74.13
75.07,75.07,22.49,62.86,73.79
73.38,73.38,24.38,62.37,77.80
76.51,76.51,31.37,63.59,76.17
77.92,77.92,25.93,64.78,73.84
78.45,78.45,26.49,62.85,76.67
79.80,79.80,29.18,61.58,78.44
79.10,79.10,29.12,61.81,80.68
80.80,80.80,26.46,64.48,81.64
79.93,79.93,21.56,63.91,79.19
78.24,78.24,17.87,63.11,81.20
77.85,77.85,20.78,64.61,81.51
77.18,77.18,27.53,64.80,81.35
76.67,76.67,32.62,65.09,81.90
78.54,78.54,33.27,61.90,80.86
78.43,78.43,28.79,63.34,72.30
78.64,78.64,22.39,63.71,76.54
79.34,79.34,22.23,63.81,72.02
78.68,78.68,21.49,64.40,71.78
78.73,78.73,23.20,64.86,73.01
80.72,80.72,24.67,63.51,70.62
81.79,81.79,24.82,64.01,71.11
80.39,80.39,24.39,64.87,74.14
78.90,78.90,24.17,64.82,72.44
80.78,80.78,23.64,65.22,70.68
81.87,81.87,22.22,63.93,76.23
76.59,76.59,20.91,64.61,76.64
79.26,79.26,22.90,64.15,74.66
80.42,80.42,25.41,62.34,76.87
79.45,79.45,33.55,62.53,77.35
81.07,81.07,39.69,62.93,78.44
79.78,79.78,44.26,63.62,80.01
79.35,79.35,41.43,63.46,77.20
80.10,80.10,36.35,64.37,79.75
80.31,80.31,33.43,61.89,78.24
80.48,80.48,33.64,64.31,77.16
80.42,80.42,33.62,63.28,78.76
80.80,80.80,34.20,64.61,76.98
80.63,80.63,30.83,62.90,79.00
80.09,80.09,32.98,62.00,77.68
80.94,80.94,33.30,63.36,75.93
80.02,80.02,33.26,62.22,78.39
80.10,80.10,31.89,62.11,76.86
80.88,80.88,30.42,60.74,77.63
80.41,80.41,29.96,62.21,76.08
80.82,80.82,31.25,61.76,76.82
81.41,81.41,28.53,62.19,76.15
79.49,79.49,31.24,61.28,73.28
78.80,78.80,30.93,62.13,74.63
80.36,80.36,30.11,61.36,71.49
79.94,79.94,28.48,62.28,72.06
80.70,80.70,27.49,59.61,72.03
80.92,80.92,28.28,62.19,71.13
81.02,81.02,36.23,59.70,68.56
81.18,81.18,38.46,59.43,70.35
80.76,80.76,37.07,60.59,68.99
79.53,79.53,39.81,62.17,69.33
79.58,79.58,41.75,60.30,71.54
81.29,81.29,46.29,57.78,70.50
81.04,81.04,38.35,55.16,70.44
82.13,82.13,38.41,55.78,76.42
81.92,81.92,37.63,54.48,73.29
81.49,81.49,40.71,55.98,78.93
81.18,81.18,44.32,57.04,78.63
82.18,82.18,50.38,57.24,79.60
81.63,81.63,54.77,57.72,80.57
80.16,80.16,57.66,59.51,79.74
79.31,79.31,60.98,57.29,80.77
77.60,77.60,59.49,56.07,81.20
78.16,78.16,55.68,56.44,80.71
78.95,78.95,53.62,58.17,81.10
78.94,78.94,51.05,58.24,80.90
77.05,77.05,50.10,57.49,81.93
79.42,79.42,51.01,56.76,81.95
79.89,79.89,52.28,59.56,81.54
78.74,78.74,54.42,57.72,82.15
78.18,78.18,58.46,57.82,73.07
78.72,78.72,59.06,56.47,69.31
80.69,80.69,59.86,58.15,68.96
80.22,80.22,59.95,58.11,69.75
79.70,79.70,60.40,56.68,71.00
80.49,80.49,61.09,58.44,70.41
80.52,80.52,62.04,59.02,69.54
80.22,80.22,65.42,59.08,67.12
79.00,79.00,70.39,51.99,65.92
76.61,76.61,76.56,47.68,65.83
74.24,74.24,91.79,37.06,64.30
74.88,74.88,87.99,42.40,61.55
79.07,79.07,83.22,32.30,66.02
82.70,82.70,78.41,33.56,62.95
83.81,83.81,74.10,30.04,66.30
76.11,76.11,71.56,35.33,75.82
77.89,77.89,71.88,39.05,79.09
77.84,77.84,68.86,34.16,77.21
76.79,76.79,66.57,36.93,77.13
79.49,79.49,63.23,39.37,76.65
79.09,79.09,57.55,42.79,75.22
79.58,79.58,54.28,35.60,77.21
79.88,79.88,48.04,37.68,74.56
79.58,79.58,44.53,40.52,71.97
79.44,79.44,43.55,40.54,68.95
80.54,80.54,41.02,38.91,65.35
80.61,80.61,39.60,37.03,67.04
80.71,80.71,39.45,34.21,66.04
79.97,79.97,46.24,42.23,66.74
80.14,80.14,55.06,37.82,72.31
78.78,78.78,72.51,35.34,76.27
80.14,80.14,74.16,46.28,77.61
78.57,78.57,74.69,34.87,78.28
76.83,76.83,74.11,37.91,80.71
78.83,78.83,73.10,40.03,80.34
78.74,78.74,73.57,42.64,79.43
78.67,78.67,76.44,37.46,77.62
80.68,80.68,73.93,38.83,79.96
80.04,80.04,78.81,44.22,77.99
79.10,79.10,74.98,38.71,77.20
76.10,76.10,71.61,35.17,85.12
77.17,77.17,75.30,32.59,83.21
78.03,78.03,71.20,34.04,84.60
76.71,76.71,61.64,37.01,84.51
77.59,77.59,67.88,34.52,85.02
77.33,77.33,62.05,35.78,83.51
74.11,74.11,65.65,35.59,84.42
74.52,74.52,66.40,26.86,84.46
76.87,76.87,74.79,26.16,78.52
75.55,75.55,73.01,30.04,73.58
75.11,75.11,90.03,40.70,73.90
74.67,74.67,90.45,48.61,76.02
75.80,75.80,90.09,57.24,80.84
75.01,75.01,91.85,60.00,80.67
72.38,72.38,86.27,59.27,79.86
72.37,72.37,89.06,60.39,81.03
70.65,70.65,84.75,67.95,81.99
74.71,74.71,86.22,69.67,82.20
75.75,75.75,82.58,70.83,80.64
72.35,72.35,89.63,71.94,78.36
73.27,73.27,93.80,69.76,80.20
73.00,73.00,88.18,71.24,81.44
70.50,70.50,88.94,68.25,79.62
72.19,72.19,89.93,72.17,82.07
79.07,79.07,80.32,78.50,82.42
80.45,80.45,86.56,77.05,80.35
78.85,78.85,89.58,76.97,80.73
73.93,73.93,81.38,77.11,81.05
71.75,71.75,82.00,78.94,81.41
72.50,72.50,74.01,77.66,82.57
71.48,71.48,73.24,79.03,82.49
65.99,65.99,80.83,79.71,81.11
70.56,70.56,78.01,77.50,83.97
72.13,72.13,77.37,81.76,83.78
74.05,74.05,68.13,77.96,83.91
73.18,73.18,61.16,79.90,82.74
70.94,70.94,68.07,78.87,84.38
73.62,73.62,69.71,77.67,81.75
70.28,70.28,67.43,78.24,82.52
69.44,69.44,61.32,79.83,83.32
70.92,70.92,68.77,76.66,81.25
74.52,74.52,63.96,78.69,82.22
71.77,71.77,71.02,79.01,79.19
67.86,67.86,67.21,80.44,79.93
68.63,68.63,66.03,79.91,80.73
68.85,68.85,64.24,76.77,79.49
69.39,69.39,65.31,82.54,81.45
70.54,70.54,62.14,80.23,78.30
69.87,69.87,68.54,78.91,78.96
68.30,68.30,77.87,79.66,80.30
68.62,68.62,89.97,76.88,74.42
70.13,70.13,83.35,75.77,76.29
71.58,71.58,77.95,71.58,79.28
72.67,72.67,80.77,75.45,77.78
71.46,71.46,76.21,73.03,78.83
66.96,66.96,70.86,75.52,76.49
60.94,60.94,71.41,75.47,80.77
61.56,61.56,73.14,78.01,78.17
59.43,59.43,69.08,76.99,76.97
63.39,63.39,62.46,73.46,77.18
61.04,61.04,66.78,76.51,77.44
64.20,64.20,67.48,80.08,76.37
66.07,66.07,71.74,78.08,76.63
65.83,65.83,74.98,77.41,78.91
64.11,64.11,73.23,81.30,78.17
61.71,61.71,63.34,77.93,79.58
65.11,65.11,62.09,80.52,78.43
64.46,64.46,69.66,79.23,77.79
60.54,60.54,64.74,79.61,76.41
67.14,67.14,75.28,75.26,73.74
80.49,80.49,87.16,66.10,76.08
81.38,81.38,84.06,62.08,78.18
80.08,80.08,89.36,67.39,76.69
79.38,79.38,89.65,70.91,76.62
74.49,74.49,88.90,73.53,79.12
74.18,74.18,81.68,72.74,81.38
74.59,74.59,87.68,74.73,80.80
75.03,75.03,88.25,74.92,79.11
80.20,80.20,82.08,72.85,79.15
80.68,80.68,77.20,74.48,79.31
83.63,83.63,88.89,73.84,78.81
80.07,80.07,86.05,73.60,80.57
79.89,79.89,89.31,74.95,81.80
82.08,82.08,79.11,75.51,78.85
81.63,81.63,90.76,73.65,78.40
76.55,76.55,84.80,71.55,77.29
79.29,79.29,88.58,73.52,75.84
81.40,81.40,80.19,72.48,76.29
79.21,79.21,83.11,77.59,76.41
78.04,78.04,71.56,73.55,77.51
81.31,81.31,69.89,74.87,79.03
83.50,83.50,69.05,77.13,80.04
82.95,82.95,66.19,73.78,80.67
82.91,82.91,70.01,75.09,80.38
82.82,82.82,60.99,76.96,79.50
82.34,82.34,60.97,75.89,78.47
81.96,81.96,55.41,77.18,75.30
78.64,78.64,67.61,77.29,75.68
69.24,69.24,67.11,75.92,77.41
68.77,68.77,70.10,80.65,75.32
68.53,68.53,63.29,77.42,78.63
67.53,67.53,58.32,77.75,79.75
68.72,68.72,53.24,79.07,78.37
72.69,72.69,44.70,78.41,80.93
75.07,75.07,53.19,82.90,81.27
75.21,75.21,55.48,77.09,78.69
75.50,75.50,58.09,75.76,79.81
70.59,70.59,57.71,80.68,78.16
71.98,71.98,51.13,73.32,76.91
73.92,73.92,60.52,80.25,76.80
77.36,77.36,66.87,76.13,75.79
81.76,81.76,63.34,75.47,76.50
80.99,80.99,62.76,78.64,77.90
81.37,81.37,57.78,74.93,80.49
80.83,80.83,53.08,78.42,81.23
81.43,81.43,48.91,79.25,80.86
80.63,80.63,45.31,76.83,78.71
81.35,81.35,50.49,80.44,79.98
82.96,82.96,60.97,78.80,79.36
82.47,82.47,52.15,79.93,77.14
81.64,81.64,58.46,77.76,77.98
81.88,81.88,54.97,77.28,78.38
80.66,80.66,52.01,79.92,80.35
82.27,82.27,47.75,67.58,79.13
82.26,82.26,47.31,76.14,78.30
81.69,81.69,45.62,71.06,80.63
81.24,81.24,48.99,74.37,77.76
81.48,81.48,57.52,78.72,78.67
79.89,79.89,67.75,73.09,76.02
79.47,79.47,75.41,74.79,77.92
78.16,78.16,89.22,70.02,76.95
78.57,78.57,85.97,72.85,74.17
79.65,79.65,84.94,74.01,73.51
81.44,81.44,78.12,76.49,74.77
82.85,82.85,70.70,77.68,75.08
82.72,82.72,71.45,77.64,73.77
82.35,82.35,69.21,78.26,74.65
81.85,81.85,63.34,78.84,75.11
82.85,82.85,64.67,71.64,73.20
79.59,79.59,58.88,77.13,74.36
75.21,75.21,58.84,75.48,76.74
71.47,71.47,58.56,72.41,75.24
72.94,72.94,52.80,78.28,75.17
74.20,74.20,50.54,75.20,77.56
74.45,74.45,50.17,76.75,78.23
73.21,73.21,49.12,72.73,77.30
71.01,71.01,44.09,77.27,75.16
74.84,74.84,51.57,77.02,76.12
76.59,76.59,59.83,71.40,75.14
82.12,82.12,67.46,77.16,76.95
82.96,82.96,75.60,71.59,76.29
84.36,84.36,82.31,74.78,77.52
81.05,81.05,79.66,76.24,79.21
83.30,83.30,77.89,76.08,80.21
84.52,84.52,71.57,75.15,80.29
82.08,82.08,64.00,71.54,82.18
83.48,83.48,49.00,72.18,80.33
82.82,82.82,54.10,76.76,81.19
81.25,81.25,61.90,75.01,78.80
82.21,82.21,60.40,73.36,78.13
83.65,83.65,75.12,68.94,77.41
83.54,83.54,82.54,69.21,76.81
83.95,83.95,82.44,71.50,77.14
82.84,82.84,81.09,73.58,78.05
81.07,81.07,73.02,74.59,78.18
79.58,79.58,64.61,69.26,75.33
80.80,80.80,64.60,75.23,76.09
78.78,78.78,57.98,75.69,76.77
75.20,75.20,64.84,71.55,76.48
76.93,76.93,72.49,67.45,75.74
75.08,75.08,89.37,70.77,75.30
75.36,75.36,89.10,68.77,70.66
74.07,74.07,89.72,68.92,70.93
76.23,76.23,91.56,65.59,73.86
78.31,78.31,89.76,68.45,76.31
79.27,79.27,86.88,74.29,79.95
80.45,80.45,82.27,71.74,78.41
80.35,80.35,89.54,72.27,80.66
80.09,80.09,89.64,73.71,80.68
80.89,80.89,87.23,71.48,75.81
78.24,78.24,84.62,76.27,79.04
76.97,76.97,89.58,72.46,78.13
75.87,75.87,93.37,72.95,78.33
72.15,72.15,86.44,76.20,79.96
72.75,72.75,72.90,70.65,77.57
73.15,73.15,90.37,76.01,76.73
73.24,73.24,78.61,73.29,77.64
72.57,72.57,74.52,72.24,75.58
73.06,73.06,67.39,74.24,73.21
73.07,73.07,67.91,73.29,75.82
73.94,73.94,72.93,75.87,74.41
75.02,75.02,67.25,75.52,74.35
75.64,75.64,65.75,76.08,79.79
78.01,78.01,64.44,76.53,82.25
80.51,80.51,62.37,74.30,82.18
79.89,79.89,63.14,75.77,78.87
75.86,75.86,68.06,78.44,77.52
74.21,74.21,66.87,73.82,78.90
76.05,76.05,66.32,76.94,79.89
76.24,76.24,63.47,79.24,79.46
71.62,71.62,68.39,77.74,77.55
64.92,64.92,68.42,78.18,78.57
64.85,64.85,68.06,78.78,75.48
60.69,60.69,67.36,81.17,77.38
65.41,65.41,61.40,79.07,78.88
66.32,66.32,60.87,81.05,74.68
66.25,66.25,59.68,80.54,78.37
64.16,64.16,61.46,80.27,79.37
65.77,65.77,69.35,81.70,77.37
64.00,64.00,78.99,73.95,76.93
61.05,61.05,87.04,73.84,74.10
64.60,64.60,83.14,73.21,72.63
66.51,66.51,84.67,72.94,74.32
64.44,64.44,75.65,72.50,73.95
58.57,58.57,68.09,71.38,74.86
59.31,59.31,71.64,72.02,76.82
60.60,60.60,68.77,70.26,78.73
61.66,61.66,64.70,74.41,82.14
66.31,66.31,60.06,76.56,79.21
79.06,79.06,59.24,76.81,79.88
82.19,82.19,55.72,77.87,79.18
78.94,78.94,52.74,77.35,79.69
79.65,79.65,50.63,79.04,81.15
77.75,77.75,45.48,78.23,81.82
77.39,77.39,42.56,77.93,80.62
76.61,76.61,39.03,77.08,78.55
77.14,77.14,44.62,78.31,75.99
78.82,78.82,54.81,77.73,77.41
79.20,79.20,71.21,77.88,76.49
76.80,76.80,75.79,74.84,71.17
77.21,77.21,89.75,70.68,75.42
76.39,76.39,87.09,72.81,75.45
74.87,74.87,88.74,68.91,77.00
70.60,70.60,93.01,60.02,74.76
71.01,71.01,90.53,57.75,77.22
70.03,70.03,88.58,68.10,75.21
70.88,70.88,68.16,73.77,76.69
73.99,73.99,87.31,73.35,75.06
76.03,76.03,84.80,72.71,75.87
83.57,83.57,82.29,70.06,78.02
79.75,79.75,74.10,72.89,79.12
78.14,78.14,87.95,70.18,79.99
77.58,77.58,92.03,73.35,79.74
72.65,72.65,82.32,72.91,76.16
70.11,70.11,82.57,73.03,79.40
69.03,69.03,90.80,75.35,77.94
64.64,64.64,71.08,73.26,78.97
63.52,63.52,81.03,77.37,78.46
66.82,66.82,77.18,76.18,80.18
70.27,70.27,63.72,72.46,79.78
76.40,76.40,62.67,73.25,78.34
84.14,84.14,59.67,70.71,78.08
84.33,84.33,54.29,76.85,77.60
81.83,81.83,58.41,73.09,77.13
83.06,83.06,62.68,73.20,78.50
82.78,82.78,64.22,74.55,77.22
82.88,82.88,59.13,76.32,78.62
84.30,84.30,41.31,77.50,77.97
82.35,82.35,47.89,73.11,76.47
74.61,74.61,54.42,75.09,77.09
69.52,69.52,56.77,76.40,78.59
67.29,67.29,52.88,77.19,79.08
67.84,67.84,42.43,76.39,78.64
78.11,78.11,36.92,75.30,79.05
79.91,79.91,56.21,76.90,78.83
80.60,80.60,58.92,75.76,80.74
83.23,83.23,51.80,78.37,80.27
77.33,77.33,43.81,75.16,81.19
77.18,77.18,51.71,74.69,80.03
77.09,77.09,63.04,75.86,81.39
82.22,82.22,67.48,78.97,80.48
82.03,82.03,65.33,77.47,82.79
84.64,84.64,60.82,76.33,81.60
84.65,84.65,55.59,78.75,80.96
84.60,84.60,47.13,76.10,83.39
81.81,81.81,45.20,81.76,81.06
84.29,84.29,45.20,78.17,82.01
84.41,84.41,43.42,76.34,84.16
84.53,84.53,44.95,81.07,78.92
84.79,84.79,45.93,76.55,81.76
84.74,84.74,51.90,81.19,80.65
84.56,84.56,49.77,79.62,80.38
84.32,84.32,46.87,78.19,77.68
84.14,84.14,44.83,81.60,77.36
83.84,83.84,37.40,74.54,81.14
83.22,83.22,36.96,77.12,80.79
84.52,84.52,45.08,77.98,76.31
84.09,84.09,61.91,74.34,77.57
84.15,84.15,69.09,79.12,76.28
81.58,81.58,76.17,71.11,74.37
77.53,77.53,87.92,72.77,74.29
79.05,79.05,84.60,75.14,77.39
80.31,80.31,81.74,73.18,78.99
78.36,78.36,79.15,77.50,80.73
79.74,79.74,73.96,74.38,78.57
80.22,80.22,65.32,77.74,75.41
79.90,79.90,69.21,76.68,76.94
79.70,79.70,70.87,73.79,77.09
79.80,79.80,62.66,77.57,75.58
79.72,79.72,62.05,74.31,73.40
80.19,80.19,67.95,78.51,72.67
83.60,83.60,63.05,78.13,72.59
84.34,84.34,59.50,72.17,70.67
77.35,77.35,54.87,76.96,72.04
76.13,76.13,51.98,68.77,73.61
75.76,75.76,48.05,74.92,76.65
74.14,74.14,46.41,75.95,74.81
76.78,76.78,43.33,74.55,81.04
77.74,77.74,50.59,69.72,80.99
77.51,77.51,60.47,72.59,80.10
76.82,76.82,66.38,76.31,81.82
77.05,77.05,68.11,73.40,79.50
80.55,80.55,66.22,73.97,80.53
78.29,78.29,59.89,77.79,81.80
81.04,81.04,62.47,78.34,82.03
81.15,81.15,66.92,77.83,79.10
82.72,82.72,65.68,72.78,78.81
81.23,81.23,60.37,74.28,80.78
82.89,82.89,61.85,79.14,80.66
80.86,80.86,63.30,81.84,85.07
79.29,79.29,66.12,75.47,80.79
79.17,79.17,70.34,79.75,81.49
79.36,79.36,66.04,63.91,80.07
76.76,76.76,63.27,69.32,82.03
74.92,74.92,63.41,75.41,81.79
78.21,78.21,58.73,72.46,82.26
80.17,80.17,54.80,78.48,80.52
79.57,79.57,64.15,77.55,82.35
77.34,77.34,70.49,72.52,76.30
77.65,77.65,77.83,72.29,75.92
77.87,77.87,89.91,71.66,75.59
75.55,75.55,87.36,62.27,74.00
74.12,74.12,89.85,64.21,79.17
71.70,71.70,90.25,65.46,81.28
71.20,71.20,90.35,67.08,80.77
77.93,77.93,90.04,68.61,79.72
80.85,80.85,86.77,70.05,81.78
80.46,80.46,92.76,74.30,80.78
78.98,78.98,90.16,74.12,81.61
76.17,76.17,81.47,75.73,82.92
73.19,73.19,88.82,72.74,81.82
72.68,72.68,82.77,76.39,80.34
72.93,72.93,91.85,75.61,82.16
72.29,72.29,77.22,73.07,81.51
66.85,66.85,75.64,74.94,79.91
75.18,75.18,91.39,74.36,79.27
78.60,78.60,88.36,80.18,80.31
78.67,78.67,85.99,73.44,81.74
73.62,73.62,82.34,74.68,81.96
70.22,70.22,76.79,77.73,80.84
72.33,72.33,69.34,75.68,80.42
67.70,67.70,69.60,76.46,78.54
72.95,72.95,67.35,75.74,80.99
79.05,79.05,58.17,76.91,80.82
80.74,80.74,57.81,78.34,80.64
80.69,80.69,65.45,76.55,78.82
76.22,76.22,63.28,75.17,80.19
74.49,74.49,57.58,79.09,77.56
73.32,73.32,61.89,75.30,76.82
71.09,71.09,60.24,72.83,80.20
70.10,70.10,69.16,74.11,81.95
69.82,69.82,61.80,73.41,76.63
73.88,73.88,54.93,76.43,78.42
72.41,72.41,47.48,78.65,77.51
71.06,71.06,41.49,73.99,79.51
71.40,71.40,44.13,76.12,82.01
71.30,71.30,54.44,76.43,77.88
68.33,68.33,56.55,77.92,77.36
62.83,62.83,68.84,77.47,76.69
61.78,61.78,79.14,75.83,78.94
59.92,59.92,90.87,73.10,74.59
65.26,65.26,88.71,72.83,73.22
67.21,67.21,81.71,70.18,76.46
64.81,64.81,77.79,71.06,74.78
61.26,61.26,76.89,73.96,74.36
58.75,58.75,68.17,72.72,76.43
60.40,60.40,68.88,75.74,74.97
59.33,59.33,68.72,75.26,74.88
55.01,55.01,66.18,74.12,75.73
53.35,53.35,62.58,71.96,73.21
54.67,54.67,63.16,70.85,77.59
57.73,57.73,59.72,74.16,77.70
61.05,61.05,52.80,74.18,75.78
62.20,62.20,46.80,70.71,77.07
62.27,62.27,45.21,68.39,78.89
60.80,60.80,46.87,69.93,74.47
57.22,57.22,49.97,72.06,72.60
58.36,58.36,59.52,73.36,73.49
59.62,59.62,65.40,73.16,72.00
67.70,67.70,76.69,72.44,72.93
80.17,80.17,89.26,67.65,74.40
83.93,83.93,86.60,59.37,75.71
81.41,81.41,88.52,51.63,78.29
79.55,79.55,89.84,57.78,78.25
79.12,79.12,88.87,59.45,78.72
79.02,79.02,90.51,61.89,79.71
81.03,81.03,88.95,63.38,79.55
81.71,81.71,88.69,59.48,81.31
81.12,81.12,82.35,65.68,81.40
80.27,80.27,87.61,66.09,78.66
81.12,81.12,89.35,66.47,79.15
79.63,79.63,90.61,66.21,78.68
76.13,76.13,88.67,67.98,81.04
76.92,76.92,88.36,69.85,80.66
77.33,77.33,81.35,66.73,81.72
78.40,78.40,90.04,70.47,80.15
77.80,77.80,81.99,70.17,80.92
77.30,77.30,83.34,69.13,80.22
72.56,72.56,66.71,67.89,78.77
76.16,76.16,71.18,66.46,77.97
78.17,78.17,71.89,67.58,77.72
82.92,82.92,71.45,68.32,77.75
86.19,86.19,69.53,64.58,76.76
83.96,83.96,66.81,71.80,78.05
82.22,82.22,52.08,73.36,81.22
81.43,81.43,67.56,70.79,82.08
83.59,83.59,69.11,68.61,79.78
83.78,83.78,69.55,70.51,79.33
83.52,83.52,67.95,73.75,80.47
80.79,80.79,63.59,74.50,78.31
79.33,79.33,50.63,72.60,79.55
84.16,84.16,55.47,73.24,77.79
82.53,82.53,62.75,75.11,80.44
77.28,77.28,63.38,73.86,79.72
77.53,77.53,63.16,75.62,78.71
78.73,78.73,59.18,74.01,78.06
80.05,80.05,55.98,74.50,78.68
77.40,77.40,49.68,75.61,77.73
73.70,73.70,51.68,75.04,78.68
77.65,77.65,62.05,76.76,79.68
80.32,80.32,69.20,76.35,77.29
83.16,83.16,67.27,73.66,80.58
84.55,84.55,62.01,74.33,81.74
82.65,82.65,57.25,74.49,83.12
83.98,83.98,50.55,75.18,81.37
85.07,85.07,44.50,75.93,79.42
84.42,84.42,41.53,75.42,80.21
84.08,84.08,43.20,74.63,81.10
84.03,84.03,45.48,75.05,78.97
84.46,84.46,53.34,73.50,79.36
83.24,83.24,59.32,72.98,77.69
84.98,84.98,56.68,74.20,79.43
85.66,85.66,49.60,71.37,80.16
82.97,82.97,43.92,72.03,80.35
82.84,82.84,37.86,73.97,78.46
84.91,84.91,36.15,70.83,80.19
85.19,85.19,43.61,72.62,78.73
83.63,83.63,56.02,72.83,77.63
83.89,83.89,68.57,69.36,76.83
83.04,83.04,76.29,69.72,74.45
79.68,79.68,90.49,64.84,73.45
81.71,81.71,86.25,69.08,72.43
82.79,82.79,82.25,65.81,72.49
82.65,82.65,79.31,68.11,73.68
80.80,80.80,73.77,65.74,73.81
81.05,81.05,67.44,65.34,77.35
81.52,81.52,66.63,66.16,75.98
82.15,82.15,68.98,66.53,73.53
83.09,83.09,64.10,64.52,73.33
83.62,83.62,59.72,69.17,72.14
82.91,82.91,59.86,68.75,69.95
82.60,82.60,58.84,70.30,71.85
81.89,81.89,49.87,66.64,76.01
81.57,81.57,45.54,69.33,74.92
82.14,82.14,43.96,72.11,76.76
82.15,82.15,42.64,70.72,74.79
82.20,82.20,41.21,73.21,72.47
82.11,82.11,47.72,72.60,71.19
83.29,83.29,57.87,74.33,70.67
84.06,84.06,69.28,69.72,69.85
84.26,84.26,78.80,72.92,78.68
82.42,82.42,81.28,71.96,81.29
80.31,80.31,80.52,73.31,81.12
82.99,82.99,79.03,72.91,80.44
84.64,84.64,75.49,75.37,79.40
82.65,82.65,69.13,76.62,80.55
82.04,82.04,59.90,74.79,80.86
82.63,82.63,57.49,75.66,77.72
81.60,81.60,57.00,74.36,80.46
80.93,80.93,62.11,79.00,77.40
81.39,81.39,77.53,75.18,79.14
79.91,79.91,83.10,76.29,77.95
78.12,78.12,81.82,77.60,74.34
80.81,80.81,77.23,79.35,77.93
82.53,82.53,69.97,77.15,74.83
79.72,79.72,66.23,77.68,75.87
77.19,77.19,61.24,78.99,76.23
76.08,76.08,59.41,76.64,74.06
76.85,76.85,66.73,77.99,74.16
77.21,77.21,72.80,76.00,74.59
76.84,76.84,90.07,74.62,73.81
75.08,75.08,89.29,74.92,71.89
74.95,74.95,90.53,68.10,70.43
77.56,77.56,91.65,66.34,71.00
78.46,78.46,90.90,68.27,74.56
76.20,76.20,88.93,68.31,73.67
78.65,78.65,91.26,67.66,75.92
78.56,78.56,89.59,65.13,78.53
79.13,79.13,93.67,67.50,76.28
79.95,79.95,90.22,69.68,77.33
76.35,76.35,87.26,69.92,76.27
74.14,74.14,87.07,71.50,81.25
71.58,71.58,85.03,76.30,78.16
75.25,75.25,89.42,74.69,78.63
73.27,73.27,80.34,75.08,81.60
76.37,76.37,86.20,75.02,76.04
76.38,76.38,91.25,72.40,79.87
75.04,75.04,83.23,74.73,75.08
71.68,71.68,86.29,70.64,72.39
69.78,69.78,84.12,71.14,72.12
72.11,72.11,84.27,73.90,74.95
76.98,76.98,75.80,70.39,78.53
77.80,77.80,64.36,71.47,78.34
78.81,78.81,59.12,70.96,80.15
77.42,77.42,58.40,68.04,81.77
79.08,79.08,55.64,65.69,76.61
79.31,79.31,59.55,68.36,77.02
75.12,75.12,60.43,66.82,78.58
72.66,72.66,54.28,66.79,76.48
71.22,71.22,56.79,68.90,77.86
67.77,67.77,67.44,65.31,78.51
64.82,64.82,66.50,65.25,76.69
66.52,66.52,64.81,66.87,79.01
65.06,65.06,64.16,64.60,79.49
65.61,65.61,54.49,70.39,77.37
64.38,64.38,46.09,69.29,75.77
66.88,66.88,56.02,68.71,77.85
66.95,66.95,59.46,71.88,77.44
65.58,65.58,69.48,68.00,78.90
64.15,64.15,77.35,68.40,79.36
60.55,60.55,87.13,70.52,79.79
58.88,58.88,85.29,66.85,77.08
62.31,62.31,82.10,71.09,78.30
59.19,59.19,75.74,67.16,80.37
60.27,60.27,72.46,69.16,77.55
58.57,58.57,68.53,72.61,79.70
59.17,59.17,66.09,70.21,79.87
62.66,62.66,66.54,74.53,80.23
66.99,66.99,64.10,72.10,78.03
76.22,76.22,54.84,71.64,79.52
84.69,84.69,54.62,74.47,80.74
80.80,80.80,52.50,75.71,81.62
80.54,80.54,55.51,74.59,81.05
78.93,78.93,54.17,76.22,81.44
68.57,68.57,45.19,75.04,81.41
66.12,66.12,38.80,75.80,79.88
63.89,63.89,43.34,77.07,78.89
59.31,59.31,59.06,76.34,77.03
62.97,62.97,67.02,76.85,73.78
69.00,69.00,76.38,74.30,74.50
81.60,81.60,88.44,70.65,74.40
80.54,80.54,87.66,68.34,76.48
78.30,78.30,88.72,62.87,77.00
68.23,68.23,90.31,63.26,75.69
69.04,69.04,89.79,58.65,78.77
73.11,73.11,89.04,61.46,76.95
70.66,70.66,88.19,64.18,79.85
70.97,70.97,90.01,67.61,79.17
78.40,78.40,90.34,70.46,77.09
81.83,81.83,82.27,69.10,77.15
79.26,79.26,78.18,72.78,76.06
79.92,79.92,85.73,73.15,80.28
81.26,81.26,85.50,76.12,77.73
81.57,81.57,87.05,75.40,79.04
76.46,76.46,77.77,75.25,77.07
74.35,74.35,81.74,76.68,78.80
75.85,75.85,90.19,75.75,78.74
77.80,77.80,79.47,77.04,77.29
77.21,77.21,89.73,75.56,79.44
81.06,81.06,76.91,77.44,80.50
83.71,83.71,74.92,74.68,80.16
84.93,84.93,56.86,72.00,75.81
83.25,83.25,66.11,72.87,79.41
81.76,81.76,63.96,74.59,74.89
81.33,81.33,52.55,73.70,78.42
82.36,82.36,47.77,70.63,77.35
78.36,78.36,44.17,70.57,76.17
74.68,74.68,42.96,72.77,77.30
73.32,73.32,46.80,74.58,76.61
72.53,72.53,55.80,72.80,78.11
79.46,79.46,59.10,74.35,78.43
81.21,81.21,57.34,74.24,73.57
82.75,82.75,52.54,73.27,76.08
82.74,82.74,46.49,72.38,78.12
77.05,77.05,37.00,68.66,73.38
77.39,77.39,27.43,72.65,78.56
79.24,79.24,34.75,71.64,79.63
77.94,77.94,45.47,72.28,77.40
78.77,78.77,54.52,72.67,79.08
77.65,77.65,64.75,73.01,81.03
80.27,80.27,68.82,72.51,80.91
81.42,81.42,74.82,73.09,82.55
79.52,79.52,68.95,70.19,83.29
79.90,79.90,61.47,74.56,82.35
80.21,80.21,54.48,72.43,82.63
80.13,80.13,48.58,71.90,79.49
80.56,80.56,45.03,71.23,85.95
80.64,80.64,43.99,68.92,79.34
80.14,80.14,46.71,73.99,83.82
78.77,78.77,48.86,72.50,81.14
77.96,77.96,53.92,73.11,80.91
78.73,78.73,49.62,73.54,84.09
73.10,73.10,40.46,73.01,79.83
70.00,70.00,32.44,74.07,82.70
75.15,75.15,28.53,74.03,80.59
75.63,75.63,28.11,73.02,79.94
71.93,71.93,42.59,73.37,80.07
72.05,72.05,60.75,72.43,77.43
73.75,73.75,67.59,72.67,78.20
78.66,78.66,77.43,74.65,76.15
75.23,75.23,88.33,72.75,75.61
77.62,77.62,86.67,72.25,74.60
79.49,79.49,79.49,74.30,75.64
80.67,80.67,76.42,71.87,79.44
78.58,78.58,71.85,73.92,80.51
81.16,81.16,67.84,72.16,81.72
81.75,81.75,66.55,76.12,82.11
80.85,80.85,67.51,74.04,81.98
80.33,80.33,56.91,73.22,77.63
81.29,81.29,61.35,73.38,79.68
81.13,81.13,71.41,72.67,81.40
81.14,81.14,70.68,76.60,82.76
80.79,80.79,65.02,73.44,82.75
82.33,82.33,59.30,71.62,81.52
81.86,81.86,54.83,73.74,79.12
79.09,79.09,43.44,73.54,75.47
76.96,76.96,45.66,71.63,79.64
79.52,79.52,48.80,72.96,78.02
79.02,79.02,56.72,73.56,79.39
79.39,79.39,64.59,74.05,79.72
82.77,82.77,66.87,68.81,81.21
79.38,79.38,67.83,67.89,82.93
81.05,81.05,60.66,72.05,83.23
81.33,81.33,56.26,76.14,82.51
82.47,82.47,58.75,76.17,80.77
81.77,81.77,61.23,74.33,82.42
83.30,83.30,59.60,78.25,82.30
83.61,83.61,57.11,72.88,81.46
82.56,82.56,67.80,77.52,80.55
79.97,79.97,67.00,72.94,79.50
80.76,80.76,71.17,77.35,81.51
80.92,80.92,75.89,74.61,79.14
82.33,82.33,72.14,73.62,82.94
77.66,77.66,70.79,74.97,80.06
76.19,76.19,73.95,77.20,79.88
75.04,75.04,63.70,77.12,78.35
72.53,72.53,62.78,74.68,79.68
73.94,73.94,64.71,74.45,79.82
75.96,75.96,65.88,75.36,79.23
79.09,79.09,76.76,73.29,79.72
76.27,76.27,88.42,65.11,77.81
76.61,76.61,87.62,61.70,81.75
74.90,74.90,90.68,58.66,78.16
72.03,72.03,91.69,59.05,78.63
71.74,71.74,91.06,59.54,79.59
77.63,77.63,87.91,61.87,79.60
75.22,75.22,81.23,61.37,80.42
74.94,74.94,91.33,63.56,79.69
79.08,79.08,83.96,65.33,81.35
80.15,80.15,77.35,69.26,80.66
75.86,75.86,79.84,70.66,80.79
70.19,70.19,88.97,71.70,79.89
76.35,76.35,87.61,72.85,78.38
76.40,76.40,89.47,71.95,77.87
74.92,74.92,92.21,72.68,81.55
72.52,72.52,81.16,70.41,82.00
76.20,76.20,78.88,74.56,80.76
71.19,71.19,76.84,72.21,81.86
68.67,68.67,87.31,74.77,81.70
69.42,69.42,73.88,74.57,78.03
74.44,74.44,72.71,77.25,80.31
73.59,73.59,73.24,75.37,80.89
72.12,72.12,74.51,77.22,81.87
70.69,70.69,74.66,77.25,79.49
72.38,72.38,70.57,76.18,80.28
73.10,73.10,59.80,74.59,81.35
70.44,70.44,66.72,78.72,79.59
70.98,70.98,72.29,76.20,81.58
70.83,70.83,72.91,75.17,77.38
68.86,68.86,71.31,77.32,77.67
68.07,68.07,68.00,76.69,78.48
69.32,69.32,63.20,72.05,78.53
69.11,69.11,67.85,74.63,76.86
69.53,69.53,66.81,77.79,78.68
69.25,69.25,68.27,69.69,75.18
67.66,67.66,66.50,73.36,79.93
67.38,67.38,58.77,75.64,76.98
69.39,69.39,56.14,69.47,77.30
65.99,65.99,65.83,74.58,76.95
59.01,59.01,76.95,75.00,75.57
54.45,54.45,90.40,71.80,74.13
55.32,55.32,87.25,74.85,70.78
54.22,54.22,82.18,77.16,72.66
57.92,57.92,77.48,75.25,78.06
57.49,57.49,74.09,77.28,72.42
60.94,60.94,72.51,77.52,73.78
60.10,60.10,70.70,75.67,73.87
65.89,65.89,68.10,76.65,72.98
63.55,63.55,64.66,77.44,73.65
75.49,75.49,60.57,73.36,73.86
83.32,83.32,61.85,73.38,76.60
82.17,82.17,55.21,76.88,76.07
81.30,81.30,50.22,74.34,74.59
83.81,83.81,44.96,72.25,72.63
82.21,82.21,42.60,78.09,74.53
83.29,83.29,39.90,77.64,73.09
82.28,82.28,42.13,74.88,73.63
78.22,78.22,59.88,78.68,74.19
75.57,75.57,65.97,77.42,68.85
75.15,75.15,71.17,71.22,71.15
73.40,73.40,90.67,65.98,74.92
76.66,76.66,88.85,63.47,76.94
77.68,77.68,89.19,57.79,79.78
81.74,81.74,89.22,59.84,78.27
79.52,79.52,89.32,59.78,78.45
68.53,68.53,87.72,65.62,81.02
71.84,71.84,89.74,64.72,80.20
68.87,68.87,87.22,65.54,81.70
71.41,71.41,79.10,66.75,82.02
72.84,72.84,74.50,61.11,79.10
74.81,74.81,90.15,67.96,82.80
79.34,79.34,89.18,70.01,79.89
80.15,80.15,88.59,63.79,80.36
79.47,79.47,80.67,67.90,81.01
79.97,79.97,89.88,71.14,77.86
79.83,79.83,84.99,73.12,80.13
80.13,80.13,89.54,76.80,78.00
79.83,79.83,81.23,70.29,77.84
77.59,77.59,83.48,71.28,79.92
80.33,80.33,67.87,79.30,79.64
83.01,83.01,69.20,77.06,78.95
81.53,81.53,71.86,73.97,75.09
83.37,83.37,71.60,76.69,74.84
80.76,80.76,70.07,76.79,75.02
82.22,82.22,57.83,76.22,76.01
83.67,83.67,54.46,78.38,76.73
83.57,83.57,59.54,79.28,73.42
83.33,83.33,64.21,77.69,74.80
83.68,83.68,67.87,79.74,76.27
84.42,84.42,67.73,80.11,76.50
80.17,80.17,63.81,77.13,75.68
71.76,71.76,57.33,80.20,76.46
74.67,74.67,48.59,80.64,77.84
73.83,73.83,52.72,77.23,74.74
70.68,70.68,52.64,78.63,78.21
76.00,76.00,49.04,80.97,77.70
79.61,79.61,50.21,78.48,77.55
77.86,77.86,48.24,78.12,74.48
72.92,72.92,45.70,79.85,73.03
76.56,76.56,55.37,79.73,71.19
78.54,78.54,66.01,77.54,73.19
78.79,78.79,62.30,76.78,72.08
80.43,80.43,60.17,76.89,79.42
80.26,80.26,55.24,75.01,79.07
80.61,80.61,52.09,71.88,78.97
81.81,81.81,49.18,76.82,78.24
82.02,82.02,45.05,76.17,78.74
81.57,81.57,44.32,74.43,78.08
80.41,80.41,47.65,74.42,80.86
80.56,80.56,50.52,76.00,80.30
80.77,80.77,53.03,74.71,78.38
81.09,81.09,53.11,75.05,80.22
79.39,79.39,44.58,76.83,79.85
76.98,76.98,39.19,76.20,80.37
76.29,76.29,34.30,75.97,81.00
79.59,79.59,32.61,75.51,81.88
79.90,79.90,41.85,74.16,78.51
79.08,79.08,61.43,72.95,79.00
77.44,77.44,70.47,71.85,76.62
75.91,75.91,78.20,69.20,74.99
74.63,74.63,90.12,65.70,76.29
79.11,79.11,86.53,69.65,74.87
80.70,80.70,81.84,70.48,72.99
83.13,83.13,77.07,71.93,74.50
83.64,83.64,70.17,74.57,73.11
82.38,82.38,66.18,75.31,72.57
82.19,82.19,65.58,77.37,71.75
81.62,81.62,65.32,76.66,71.46
81.48,81.48,61.99,78.92,70.48
80.25,80.25,60.49,80.72,73.60
80.68,80.68,58.63,79.25,71.72
72.14,72.14,56.79,80.22,75.20
72.86,72.86,51.95,80.40,74.66
74.61,74.61,46.42,80.54,70.82
76.33,76.33,38.56,79.33,73.89
77.93,77.93,35.68,78.37,73.49
79.37,79.37,34.21,79.18,72.26
81.30,81.30,45.87,77.05,72.71
81.50,81.50,56.12,77.41,72.97
79.71,79.71,63.60,78.89,71.42
78.04,78.04,79.25,77.40,76.15
78.99,78.99,82.68,77.48,78.38
83.83,83.83,81.13,79.01,81.50
83.89,83.89,79.66,77.92,78.77
82.40,82.40,70.93,79.09,78.50
82.14,82.14,59.68,79.99,81.42
80.86,80.86,55.58,79.32,82.12
80.68,80.68,53.99,79.76,80.25
81.91,81.91,58.37,81.42,78.74
81.78,81.78,65.83,79.11,78.17
80.68,80.68,75.81,78.59,78.52
80.83,80.83,82.84,82.00,77.71
81.68,81.68,82.75,78.58,76.81
81.53,81.53,78.78,74.81,76.19
82.24,82.24,73.87,75.89,76.85
83.54,83.54,64.04,77.66,76.52
83.51,83.51,46.87,68.47,74.80
83.13,83.13,53.32,75.82,75.53
78.67,78.67,65.93,77.51,75.18
76.65,76.65,73.63,68.83,74.88
78.23,78.23,89.77,72.30,74.87
80.11,80.11,88.51,70.87,74.09
79.90,79.90,90.63,71.61,74.11
77.78,77.78,92.44,67.99,76.04
75.52,75.52,90.33,59.03,77.04
77.92,77.92,89.79,71.31,75.24
82.08,82.08,81.98,71.84,78.88
82.05,82.05,82.42,73.32,76.87
81.72,81.72,90.10,76.46,76.85
80.68,80.68,89.19,74.94,76.90
76.60,76.60,84.52,72.82,79.54
76.12,76.12,85.56,73.16,75.80
79.16,79.16,89.09,74.05,78.25
78.55,78.55,85.60,73.75,76.10
76.69,76.69,92.43,72.74,78.61
76.61,76.61,88.32,78.33,75.16
76.92,76.92,83.50,78.03,78.32
78.33,78.33,68.48,79.02,78.86
71.50,71.50,60.91,73.12,77.05
69.24,69.24,69.01,72.75,77.03
74.01,74.01,68.97,71.38,76.50
76.14,76.14,66.74,70.48,78.62
77.68,77.68,62.02,71.92,80.56
82.41,82.41,58.50,75.82,82.59
81.73,81.73,57.88,77.86,80.96
80.03,80.03,58.88,78.09,81.77
76.61,76.61,58.10,78.18,81.32
76.85,76.85,51.99,74.55,82.51
75.86,75.86,52.02,77.34,78.90
78.14,78.14,59.47,74.63,79.66
79.27,79.27,67.11,75.09,76.44
76.42,76.42,67.55,76.24,76.84
75.19,75.19,66.05,74.18,79.37
69.92,69.92,64.75,76.54,81.70
73.30,73.30,54.51,76.46,81.30
72.46,72.46,46.16,76.02,77.38
74.56,74.56,45.46,79.04,80.79
75.54,75.54,55.98,77.26,79.61
71.01,71.01,67.99,77.01,78.90
66.61,66.61,76.04,76.67,77.61
64.27,64.27,87.59,72.58,78.57
69.40,69.40,84.55,73.83,74.79
71.41,71.41,78.95,74.17,74.70
69.37,69.37,73.94,73.32,76.12
64.22,64.22,69.96,76.26,76.63
64.62,64.62,67.95,76.77,81.75
68.21,68.21,70.20,74.06,77.69
67.23,67.23,68.28,73.86,78.27
69.01,69.01,64.98,77.46,77.99
77.61,77.61,62.74,73.00,79.64
81.35,81.35,59.36,69.00,81.37
78.85,78.85,56.60,74.90,79.73
81.27,81.27,53.71,71.11,76.01
78.35,78.35,51.35,70.01,75.14
79.27,79.27,46.68,74.96,73.35
79.77,79.77,44.18,69.59,72.65
78.26,78.26,43.67,74.22,71.07
76.31,76.31,52.94,76.19,70.23
78.21,78.21,69.95,71.69,73.34
79.31,79.31,74.83,68.54,75.85
79.54,79.54,88.68,72.18,76.03
79.18,79.18,86.95,66.46,75.57
79.32,79.32,88.42,66.59,79.18
76.28,76.28,92.62,60.44,74.18
72.32,72.32,90.14,70.33,77.64
71.02,71.02,90.37,68.49,77.45
73.92,73.92,70.78,69.74,79.52
73.04,73.04,89.03,71.83,78.93
72.09,72.09,86.57,73.50,78.23
81.07,81.07,81.20,74.46,79.46
81.90,81.90,70.21,73.25,77.74
81.56,81.56,86.86,72.81,79.15
80.35,80.35,91.38,75.67,78.91
78.53,78.53,82.06,78.88,77.94
77.11,77.11,84.50,79.06,78.86
70.87,70.87,91.87,78.74,78.20
70.17,70.17,73.45,78.05,77.89
67.46,67.46,80.67,80.08,79.30
64.34,64.34,77.80,80.97,78.56
65.97,65.97,57.02,78.26,76.42
72.04,72.04,53.82,81.75,79.10
83.90,83.90,56.56,79.81,80.57
83.66,83.66,54.40,78.31,75.58
80.76,80.76,53.86,80.39,76.12
82.86,82.86,65.03,80.16,76.91
83.21,83.21,63.54,77.50,75.22
83.13,83.13,55.81,79.20,77.17
83.59,83.59,43.15,79.90,76.48
83.67,83.67,53.01,77.34,76.37
80.62,80.62,54.31,79.37,73.25
72.29,72.29,52.07,77.66,71.78
71.96,71.96,42.60,76.76,76.48
71.15,71.15,37.08,79.42,76.58
78.35,78.35,43.29,76.84,76.23
83.81,83.81,48.76,77.61,75.94
83.19,83.19,50.69,80.10,75.97
80.28,80.28,46.31,75.61,73.10
79.14,79.14,40.80,75.15,72.97
81.78,81.78,48.91,79.12,74.77
81.10,81.10,60.39,73.69,71.56
81.86,81.86,66.99,75.66,74.75
83.12,83.12,63.99,77.75,76.16
82.33,82.33,60.56,74.44,77.40
84.11,84.11,58.40,75.33,78.36
84.09,84.09,55.80,77.20,78.75
84.64,84.64,52.19,75.51,77.55
84.93,84.93,47.52,75.38,79.45
83.92,83.92,48.80,79.25,78.95
84.18,84.18,47.38,74.89,78.07
85.19,85.19,50.53,77.67,74.01
84.34,84.34,56.57,80.21,75.73
84.43,84.43,54.31,77.02,79.86
85.02,85.02,50.35,78.95,75.02
85.06,85.06,47.08,80.83,79.34
84.63,84.63,42.77,77.65,77.68
84.51,84.51,41.75,77.40,74.62
84.21,84.21,43.90,81.43,80.57
84.56,84.56,55.10,76.46,75.97
83.95,83.95,65.45,76.47,72.99
82.38,82.38,75.10,80.91,75.91
80.81,80.81,88.76,73.53,73.39
81.92,81.92,86.35,70.59,72.27
82.44,82.44,80.83,76.51,76.74
81.42,81.42,75.74,72.94,76.15
81.35,81.35,66.42,72.95,76.33
81.87,81.87,61.78,77.96,74.55
82.26,82.26,65.06,75.94,73.19
82.84,82.84,58.91,74.77,78.55
82.77,82.77,60.64,79.87,80.70
83.46,83.46,62.02,77.88,80.94
83.64,83.64,76.13,76.88,77.51
79.71,79.71,71.70,78.21,78.09
81.17,81.17,65.42,80.22,79.50
82.68,82.68,64.70,74.17,80.10
84.12,84.12,64.19,72.39,79.88
83.39,83.39,63.71,76.78,78.79
81.09,81.09,53.60,71.50,78.82
75.73,75.73,51.38,77.48,79.43
77.60,77.60,52.72,75.20,77.42
78.09,78.09,59.34,76.00,72.87
77.70,77.70,69.84,74.13,74.11
77.62,77.62,75.17,74.17,80.91
77.98,77.98,72.52,73.96,83.88
78.95,78.95,70.94,75.02,83.09
82.17,82.17,67.03,73.79,80.27
81.51,81.51,68.98,74.72,81.51
82.57,82.57,67.08,74.98,80.53
81.21,81.21,68.23,75.13,79.23
80.36,80.36,67.41,77.02,78.79
82.40,82.40,67.91,77.40,77.88
83.58,83.58,72.93,74.00,77.63
83.55,83.55,75.54,70.11,79.24
82.53,82.53,70.55,74.49,80.38
82.04,82.04,66.48,75.34,81.84
80.81,80.81,67.47,79.13,79.48
80.37,80.37,63.58,78.63,82.52
80.69,80.69,64.46,73.58,82.68
76.91,76.91,64.58,72.85,83.21
77.88,77.88,69.91,72.42,83.12
79.34,79.34,77.19,73.62,79.75
78.98,78.98,88.55,63.64,81.35
79.67,79.67,88.78,60.39,75.81
79.77,79.77,89.52,60.42,79.83
80.08,80.08,90.63,56.90,80.08
79.67,79.67,89.58,64.14,79.83
78.14,78.14,90.38,65.00,81.63
78.96,78.96,90.83,61.86,80.86
74.76,74.76,84.77,64.02,82.76
74.75,74.75,91.90,66.69,80.66
81.37,81.37,89.53,68.35,80.79
83.47,83.47,78.28,71.69,82.42
82.55,82.55,83.81,70.19,79.88
81.80,81.80,83.45,70.31,82.36
80.12,80.12,86.49,65.17,79.65
76.48,76.48,84.58,71.66,80.71
75.43,75.43,90.34,71.54,81.65
73.93,73.93,80.79,69.20,78.16
73.14,73.14,86.38,69.35,79.40
73.33,73.33,82.92,72.02,78.32
76.21,76.21,74.65,72.79,77.23
76.35,76.35,69.08,69.99,78.50
71.49,71.49,66.59,71.28,81.40
72.87,72.87,73.65,71.64,81.67
69.88,69.88,76.60,73.95,81.23
67.81,67.81,76.16,73.42,78.92
75.91,75.91,70.99,70.08,82.67
80.92,80.92,56.99,69.61,82.02
83.45,83.45,64.84,69.12,79.80
83.90,83.90,71.79,69.89,81.69
82.08,82.08,72.37,69.50,78.73
76.04,76.04,71.26,66.77,82.42
74.43,74.43,66.61,68.69,81.00
78.32,78.32,54.86,68.30,80.65
79.16,79.16,53.44,71.34,78.48
78.20,78.20,61.62,72.26,80.14
76.17,76.17,61.54,71.79,79.30
68.59,68.59,62.41,71.98,80.18
66.90,66.90,61.03,72.32,79.38
72.64,72.64,70.32,72.87,77.74
72.94,72.94,75.98,72.11,78.37
70.23,70.23,90.13,69.46,74.90
69.73,69.73,87.91,69.18,76.81
66.58,66.58,83.35,67.10,74.77
70.31,70.31,76.61,67.54,75.57
72.97,72.97,70.70,71.02,77.96
74.64,74.64,73.83,72.57,78.44
72.76,72.76,63.73,71.41,77.04
67.67,67.67,66.34,69.47,76.62
56.97,56.97,65.25,70.85,77.52
59.82,59.82,56.70,72.55,78.52
64.73,64.73,59.22,73.87,76.56
63.38,63.38,56.70,72.51,78.12
61.74,61.74,46.34,75.02,78.51
62.43,62.43,39.31,74.96,76.78
65.53,65.53,33.84,71.92,76.89
67.76,67.76,37.13,74.85,77.96
67.64,67.64,38.44,73.10,77.97
67.97,67.97,55.50,73.32,76.63
66.44,66.44,66.94,74.04,75.46
64.69,64.69,69.62,65.21,73.84
68.17,68.17,89.37,63.20,77.80
80.83,80.83,85.79,59.97,79.82
78.98,78.98,88.66,53.73,79.08
76.98,76.98,89.76,62.19,82.98
76.72,76.72,88.72,57.31,81.15
76.56,76.56,88.58,58.51,80.92
75.77,75.77,89.08,64.05,80.42
78.04,78.04,84.22,60.35,82.46
79.62,79.62,74.04,64.51,81.22
81.64,81.64,88.23,67.69,79.97
78.77,78.77,87.80,67.72,80.30
77.07,77.07,92.33,67.13,79.92
75.51,75.51,81.75,66.07,81.69
74.36,74.36,92.00,66.63,79.42
75.73,75.73,76.55,66.85,80.44
75.42,75.42,81.63,69.22,79.64
73.24,73.24,84.20,69.56,80.60
73.39,73.39,91.31,71.86,78.67
73.40,73.40,82.27,77.00,81.82
75.28,75.28,82.94,75.29,79.82
79.10,79.10,72.73,73.93,82.05
84.85,84.85,57.78,75.84,81.75
84.66,84.66,53.72,73.93,81.00
83.68,83.68,64.25,75.01,80.05
84.37,84.37,69.65,72.94,81.88
83.85,83.85,72.57,74.45,81.25
83.06,83.06,69.04,76.76,79.42
82.28,82.28,58.22,73.69,82.10
82.42,82.42,52.00,71.89,79.58
81.58,81.58,65.41,75.80,79.63
79.54,79.54,69.09,74.23,79.75
76.45,76.45,67.92,76.70,79.20
76.01,76.01,65.39,75.67,76.96
79.55,79.55,56.99,73.26,76.63
79.51,79.51,42.24,75.06,78.70
79.55,79.55,54.13,72.21,79.86
82.03,82.03,59.77,70.42,78.96
80.80,80.80,61.75,72.35,76.72
78.18,78.18,58.13,67.21,76.73
80.70,80.70,56.42,67.63,79.80
81.26,81.26,57.40,67.75,78.91
82.90,82.90,52.26,64.11,81.51
82.86,82.86,50.89,67.06,79.82
81.49,81.49,48.34,66.92,78.53
80.94,80.94,46.75,68.95,78.62
84.04,84.04,44.95,70.37,77.93
85.37,85.37,40.76,69.93,80.75
85.74,85.74,36.65,68.62,80.40
83.91,83.91,40.34,69.67,79.60
80.70,80.70,46.87,68.86,80.38
82.65,82.65,55.23,68.63,78.31
85.30,85.30,54.35,68.68,81.30
85.58,85.58,50.69,67.55,79.56
86.05,86.05,46.29,67.30,78.17
84.84,84.84,37.75,69.83,79.62
83.64,83.64,33.06,69.89,80.03
83.40,83.40,42.07,69.80,76.43
82.66,82.66,55.79,71.56,74.95
84.32,84.32,66.25,69.21,76.20
83.64,83.64,74.14,70.87,75.18
80.21,80.21,90.47,70.07,75.29
81.21,81.21,86.28,70.43,73.27
81.92,81.92,83.33,69.77,72.94
81.69,81.69,77.59,66.46,74.18
83.18,83.18,73.08,71.21,76.43
83.23,83.23,71.76,69.21,75.76
82.84,82.84,66.86,72.90,73.89
81.30,81.30,67.29,72.15,76.16
80.09,80.09,65.30,74.01,78.65
79.80,79.80,60.79,73.42,75.16
80.28,80.28,58.69,74.46,76.45
80.99,80.99,57.83,77.11,78.15
81.23,81.23,50.92,74.99,77.39
83.42,83.42,42.76,76.30,78.60
83.08,83.08,38.49,75.40,78.32
82.70,82.70,38.04,75.35,79.77
81.44,81.44,38.27,77.77,78.01
81.53,81.53,40.18,76.24,77.04
82.18,82.18,48.93,75.09,76.35
80.20,80.20,64.75,78.31,77.65
81.00,81.00,69.95,76.27,76.69
82.33,82.33,69.86,77.62,83.23
81.16,81.16,66.17,77.82,83.91
81.04,81.04,62.50,77.40,79.56
80.38,80.38,57.55,78.97,81.44
81.72,81.72,50.85,77.12,79.94
82.61,82.61,47.70,76.85,78.15
82.56,82.56,48.77,78.41,79.47
83.84,83.84,58.27,74.32,77.55
84.43,84.43,61.78,74.73,78.67
84.41,84.41,76.76,76.30,79.32
83.20,83.20,80.67,73.34,76.92
82.18,82.18,79.48,77.07,79.62
82.53,82.53,75.00,74.46,75.93
82.98,82.98,68.01,73.97,77.17
82.33,82.33,55.82,74.64,77.85
77.41,77.41,49.47,72.50,74.33
76.57,76.57,51.63,77.10,76.32
78.49,78.49,64.30,77.31,76.33
76.47,76.47,75.55,73.40,73.53
70.83,70.83,89.36,72.80,71.74
71.25,71.25,88.98,66.21,71.48
75.17,75.17,89.53,59.95,72.59
76.89,76.89,91.64,63.33,73.56
76.80,76.80,89.28,64.38,76.70
78.22,78.22,86.35,62.57,79.86
78.11,78.11,88.85,63.93,76.57
76.26,76.26,90.89,60.00,78.14
77.72,77.72,93.99,64.25,74.89
78.60,78.60,87.36,61.34,78.25
76.26,76.26,89.07,62.24,76.57
77.60,77.60,89.70,67.08,79.12
77.96,77.96,73.03,61.02,79.40
76.16,76.16,86.89,71.32,78.11
76.63,76.63,85.69,74.04,80.74
78.07,78.07,85.39,74.42,80.37
76.56,76.56,91.74,75.26,78.14
74.66,74.66,86.74,74.31,79.76
75.38,75.38,85.21,75.54,74.91
75.73,75.73,83.78,67.18,78.68
74.40,74.40,81.81,71.25,78.71
74.17,74.17,73.39,70.47,78.35
75.09,75.09,63.86,73.37,81.70
76.32,76.32,63.29,74.83,80.57
74.63,74.63,59.12,74.50,78.26
72.07,72.07,55.54,69.44,80.93
70.30,70.30,63.25,65.90,80.82
68.92,68.92,63.39,64.95,80.85
71.18,71.18,55.35,67.27,81.83
69.92,69.92,58.73,67.06,80.65
67.64,67.64,68.42,68.61,81.01
67.45,67.45,67.47,67.62,79.64
67.39,67.39,66.30,66.41,80.30
67.66,67.66,65.09,63.37,77.02
69.00,69.00,59.35,64.95,77.42
69.49,69.49,46.51,66.39,79.93
66.64,66.64,46.55,67.84,77.95
61.13,61.13,58.90,69.82,77.78
61.92,61.92,68.26,67.07,76.85
63.34,63.34,74.31,65.61,76.70
59.18,59.18,87.88,58.19,76.65
57.46,57.46,86.79,61.98,75.99
58.89,58.89,83.00,62.77,76.37
60.01,60.01,74.69,66.27,78.84
60.07,60.07,71.86,64.95,77.91
62.14,62.14,71.76,68.66,79.40
61.86,61.86,66.85,67.42,80.12
59.57,59.57,66.85,66.80,80.75
61.22,61.22,67.00,70.18,82.10
61.02,61.02,56.04,66.41,76.36
62.39,62.39,58.17,67.49,74.32
60.69,60.69,55.28,68.14,74.52
59.31,59.31,48.63,66.27,77.59
56.49,56.49,39.40,68.98,75.70
56.88,56.88,34.83,70.67,76.93
56.99,56.99,34.27,68.34,73.72
60.16,60.16,52.21,68.71,72.59
58.71,58.71,61.62,68.96,74.16
60.56,60.56,68.05,67.42,74.60
66.49,66.49,76.53,72.05,72.62
77.49,77.49,90.30,66.07,75.20
83.02,83.02,85.97,63.03,71.40
81.38,81.38,88.07,54.91,74.30
79.30,79.30,90.14,60.27,77.23
79.51,79.51,88.14,59.89,78.67
77.77,77.77,88.88,62.25,74.90
70.52,70.52,90.64,71.12,77.80
66.06,66.06,91.30,72.62,74.90
66.87,66.87,87.07,74.53,77.00
72.39,72.39,79.35,72.78,75.51
77.60,77.60,88.34,71.78,74.79
75.61,75.61,89.71,70.96,80.53
73.03,73.03,87.97,72.25,75.79
73.06,73.06,79.75,68.48,78.62
75.01,75.01,90.03,67.46,82.15
75.93,75.93,88.04,65.27,77.98
76.43,76.43,85.13,63.00,78.86
75.98,75.98,90.23,63.70,78.09
76.55,76.55,81.74,64.95,75.82
77.18,77.18,76.47,58.62,77.71
77.70,77.70,61.87,55.71,76.61
85.68,85.68,71.88,53.39,76.00
84.32,84.32,68.30,52.08,77.47
81.54,81.54,62.76,57.21,76.92
82.95,82.95,58.97,57.29,76.97
83.89,83.89,43.36,56.91,79.12
83.93,83.93,52.72,55.21,76.71
83.87,83.87,65.41,54.66,74.99
80.54,80.54,69.04,54.48,74.66
83.67,83.67,68.62,54.74,75.51
85.80,85.80,65.88,54.11,73.93
85.65,85.65,59.99,54.10,74.53
80.88,80.88,44.53,50.89,74.61
74.75,74.75,53.30,47.60,75.64
76.59,76.59,58.59,45.33,74.52
77.84,77.84,60.77,45.03,78.44
75.59,75.59,60.18,45.15,77.42
76.35,76.35,56.84,47.10,78.37
79.20,79.20,53.13,47.42,79.18
80.95,80.95,46.29,45.62,80.52
82.66,82.66,36.38,46.38,83.07
84.37,84.37,35.02,47.79,77.73
82.37,82.37,40.62,49.77,78.84
83.40,83.40,37.84,47.20,83.03
83.21,83.21,40.07,47.49,81.37
83.54,83.54,47.04,49.69,80.80
84.99,84.99,44.09,48.60,83.24
84.63,84.63,37.71,49.18,82.15
85.43,85.43,38.22,48.89,80.96
84.84,84.84,35.24,46.64,82.33
83.72,83.72,29.69,45.38,72.03
84.61,84.61,28.70,45.18,70.19
84.54,84.54,25.60,46.65,71.30
84.78,84.78,26.40,45.93,70.82
85.09,85.09,29.50,45.91,71.88
84.88,84.88,25.52,44.34,71.95
85.29,85.29,28.57,43.88,72.81
84.95,84.95,29.50,39.59,73.63
85.21,85.21,25.75,46.23,74.69
84.38,84.38,22.91,42.01,73.88
84.45,84.45,30.43,43.11,73.81
84.51,84.51,34.50,51.38,79.27
84.27,84.27,30.22,50.98,85.43
83.95,83.95,25.47,56.92,86.16
84.08,84.08,22.73,60.89,84.79
83.80,83.80,26.34,62.24,79.53
84.27,84.27,22.77,61.18,75.69
83.41,83.41,20.60,62.37,76.62
84.38,84.38,22.67,62.10,77.24
84.62,84.62,23.07,59.96,74.73
84.58,84.58,21.10,62.11,77.30
84.90,84.90,27.07,59.83,76.08
84.88,84.88,28.54,58.26,76.39
84.43,84.43,27.14,55.89,81.86
84.42,84.42,25.46,48.10,83.47
84.02,84.02,37.06,49.04,83.32
83.13,83.13,22.96,48.32,83.77
79.92,79.92,23.31,45.92,83.05
78.17,78.17,21.45,44.37,82.88
79.24,79.24,22.28,49.48,82.09
82.00,82.00,23.45,51.74,79.54
80.95,80.95,24.68,54.88,79.79
83.55,83.55,28.23,53.67,80.13
82.39,82.39,25.70,53.23,82.20
83.16,83.16,33.50,48.27,83.29
81.94,81.94,31.05,45.00,84.79
81.55,81.55,26.54,49.79,84.45
82.30,82.30,24.45,44.60,83.97
83.30,83.30,20.11,53.55,82.13
80.65,80.65,18.80,49.36,80.66
81.49,81.49,22.83,54.55,81.85
79.81,79.81,23.89,55.85,83.05
79.59,79.59,22.19,56.41,84.91
78.18,78.18,17.38,59.12,83.27
77.90,77.90,16.77,59.62,83.33
80.08,80.08,14.54,61.21,82.48
79.42,79.42,11.91,61.08,82.97
78.31,78.31,10.99,61.63,83.68
79.70,79.70,12.83,63.95,79.64
80.22,80.22,16.94,61.08,71.43
77.86,77.86,19.38,54.44,70.19
73.80,73.80,19.62,55.59,76.18
71.90,71.90,15.94,61.19,82.56
72.90,72.90,9.57,61.73,82.12
74.91,74.91,4.57,57.80,78.51
77.07,77.07,6.29,57.75,77.50
75.12,75.12,8.78,58.15,77.46
75.32,75.32,10.02,55.37,79.73
79.25,79.25,11.98,59.22,78.26
77.40,77.40,11.20,58.80,79.36
74.90,74.90,10.80,58.26,78.35
74.61,74.61,9.32,57.05,80.38
68.92,68.92,18.33,55.39,80.20
71.47,71.47,18.66,56.07,79.73
70.85,70.85,18.93,55.87,77.71
74.24,74.24,19.22,55.26,77.02
72.30,72.30,16.33,54.48,74.67
72.65,72.65,31.78,57.24,76.70
73.39,73.39,46.10,59.10,79.60
74.19,74.19,56.53,57.03,80.13
79.93,79.93,65.15,53.45,77.73
83.30,83.30,66.28,52.15,74.24
84.59,84.59,60.33,56.01,74.23
84.18,84.18,53.88,58.93,75.86
85.28,85.28,48.56,61.08,75.55
86.16,86.16,41.93,60.61,77.46
83.92,83.92,34.90,60.51,76.83
79.70,79.70,31.39,60.58,77.14
77.03,77.03,30.98,60.91,77.80
72.31,72.31,34.74,57.54,78.20
79.74,79.74,40.06,55.86,78.66
84.06,84.06,42.17,56.13,77.05
81.11,81.11,42.95,55.92,75.22
82.19,82.19,47.39,55.46,75.71
83.30,83.30,46.51,56.81,71.33
75.64,75.64,40.16,56.40,72.78
75.05,75.05,34.96,57.15,73.23
72.72,72.72,32.19,58.04,73.56
78.28,78.28,36.56,59.29,72.35
78.02,78.02,39.80,56.25,73.59
76.18,76.18,37.68,57.56,71.57
75.64,75.64,34.53,55.74,68.89
78.40,78.40,35.58,57.78,68.97
83.15,83.15,38.78,54.38,67.00
83.66,83.66,37.27,53.13,68.08
83.91,83.91,30.95,56.02,67.68
82.01,82.01,32.43,53.55,68.57
79.93,79.93,35.59,50.54,70.60
84.56,84.56,33.94,47.18,70.89
83.52,83.52,31.04,46.25,72.57
83.76,83.76,31.77,43.31,71.13
82.56,82.56,32.71,45.14,69.87
82.77,82.77,31.00,47.77,68.71
83.21,83.21,29.48,46.48,69.35
80.76,80.76,27.67,45.11,67.38
82.47,82.47,24.65,42.92,64.81
79.66,79.66,23.91,43.82,64.43
79.36,79.36,22.85,45.60,62.34
78.31,78.31,27.20,46.95,62.83
79.42,79.42,36.88,44.85,64.02
79.34,79.34,43.30,42.83,67.57
80.75,80.75,54.67,46.52,78.62
82.41,82.41,56.49,48.58,78.45
78.97,78.97,58.96,48.93,77.32
78.44,78.44,46.56,47.77,79.43
78.20,78.20,35.97,52.00,78.98
78.17,78.17,35.24,53.01,79.33
78.56,78.56,37.56,52.61,76.82
78.14,78.14,37.11,53.45,78.01
77.75,77.75,39.16,52.51,78.55
78.51,78.51,48.83,55.31,79.43
79.67,79.67,59.62,52.26,80.67
79.33,79.33,65.78,53.04,81.01
78.45,78.45,67.20,53.72,80.17
78.27,78.27,64.95,53.62,79.05
78.36,78.36,61.40,50.88,75.90
80.20,80.20,58.66,56.22,75.68
80.14,80.14,55.03,57.55,74.55
80.17,80.17,52.29,55.34,73.99
80.68,80.68,50.85,53.25,72.93
80.51,80.51,50.83,49.90,74.55
80.97,80.97,48.83,50.72,73.84
80.25,80.25,46.75,51.32,73.10
78.46,78.46,46.81,50.82,73.05
79.16,79.16,45.70,53.13,72.34
79.66,79.66,44.39,55.05,71.45
80.23,80.23,45.05,52.98,70.88
79.70,79.70,45.58,54.18,70.05
79.21,79.21,46.04,53.88,70.05
79.04,79.04,42.99,51.53,71.26
77.82,77.82,43.36,50.30,72.58
77.30,77.30,40.47,49.96,69.92
78.11,78.11,38.84,49.58,71.07
79.81,79.81,40.48,50.72,70.33
80.34,80.34,40.79,52.01,69.91
80.91,80.91,40.54,49.77,71.49
80.02,80.02,38.31,47.29,72.82
75.72,75.72,35.11,45.78,72.69
77.78,77.78,32.51,48.14,73.26
74.48,74.48,34.39,48.41,73.83
77.58,77.58,34.19,46.76,70.71
78.94,78.94,35.17,48.18,72.80
80.29,80.29,34.54,46.76,72.25
78.17,78.17,34.58,47.04,75.37
80.10,80.10,31.86,47.48,73.78
80.10,80.10,30.31,47.85,72.05
80.11,80.11,30.57,48.59,72.77
78.15,78.15,29.48,50.30,72.14
78.57,78.57,31.24,49.61,69.01
79.49,79.49,33.13,48.79,69.81
79.68,79.68,34.64,52.46,67.70
79.64,79.64,32.10,54.16,69.30
78.85,78.85,27.07,53.43,70.80
79.61,79.61,26.12,54.19,72.73
79.09,79.09,24.34,53.36,70.83
79.18,79.18,25.95,52.85,73.40
77.28,77.28,27.81,54.84,71.92
77.32,77.32,23.47,54.82,71.51
76.24,76.24,22.38,53.77,68.28
76.73,76.73,22.48,52.02,66.81
78.14,78.14,23.51,48.13,69.27
80.44,80.44,27.05,49.41,69.57
80.85,80.85,31.42,47.08,67.98
81.08,81.08,31.02,45.94,66.86
82.06,82.06,32.80,44.85,65.44
80.71,80.71,32.36,43.55,63.41
81.39,81.39,34.08,43.21,63.10
81.08,81.08,36.70,42.69,62.07
80.31,80.31,35.19,41.29,62.86
80.22,80.22,37.93,41.28,63.03
79.09,79.09,38.12,38.58,59.70
77.75,77.75,35.43,35.26,57.06
78.76,78.76,33.57,39.37,56.59
78.62,78.62,32.43,37.59,58.89
78.72,78.72,32.45,39.12,57.72
78.36,78.36,29.95,37.07,56.36
78.78,78.78,29.83,36.03,56.72
78.59,78.59,29.80,33.59,54.27
76.55,76.55,30.05,30.45,58.16
75.55,75.55,28.41,31.38,60.01
77.91,77.91,29.32,28.19,66.13
80.14,80.14,27.85,30.66,72.70
80.61,80.61,28.21,29.85,72.24
80.69,80.69,28.39,32.40,72.07
81.48,81.48,28.01,30.36,67.67
79.55,79.55,26.98,27.19,67.11
78.04,78.04,24.70,29.52,67.39
76.04,76.04,26.75,27.03,66.26
76.70,76.70,29.55,26.36,64.79
75.62,75.62,26.44,26.52,61.98
74.19,74.19,27.08,25.49,63.21
70.37,70.37,28.60,25.09,63.95
64.32,64.32,25.91,27.78,61.52
60.46,60.46,24.28,26.63,62.96
58.50,58.50,27.69,29.39,63.02
59.59,59.59,28.80,30.22,63.09
57.72,57.72,24.44,30.51,64.28
55.89,55.89,27.69,30.59,62.20
59.04,59.04,42.46,30.20,64.22
64.83,64.83,46.93,34.12,70.49
63.55,63.55,44.78,28.83,72.37
60.91,60.91,42.67,27.60,68.89
61.97,61.97,42.74,34.07,69.65
63.94,63.94,42.97,29.20,69.36
66.31,66.31,42.15,31.88,68.51
69.87,69.87,40.96,29.48,69.80
74.99,74.99,39.84,33.71,66.22
78.45,78.45,37.44,34.32,68.56
74.54,74.54,34.21,32.31,67.64
75.25,75.25,29.96,30.11,68.42
71.86,71.86,28.29,26.12,73.78
75.56,75.56,28.32,28.68,74.05
76.82,76.82,29.02,29.94,76.97
78.71,78.71,30.50,24.97,76.32
79.53,79.53,29.16,26.28,77.39
79.56,79.56,23.70,24.18,75.56
80.89,80.89,25.56,21.17,73.55
82.79,82.79,31.78,29.43,76.76
81.21,81.21,34.99,29.43,69.44
77.20,77.20,35.48,26.10,69.46
81.96,81.96,41.78,32.63,69.15
83.81,83.81,39.55,29.32,69.41
83.29,83.29,56.25,35.80,72.23
85.33,85.33,68.74,35.13,75.14
82.86,82.86,67.61,39.56,75.58
84.27,84.27,55.35,45.73,75.58
84.08,84.08,43.28,53.37,73.84
84.80,84.80,26.02,53.38,75.03
84.24,84.24,25.83,55.69,77.02
84.04,84.04,22.42,52.51,76.65
83.65,83.65,23.34,49.20,78.75
83.77,83.77,23.64,50.77,79.59
85.80,85.80,25.92,45.58,79.69
86.40,86.40,27.34,49.88,79.07
86.03,86.03,29.24,47.24,76.14
85.02,85.02,31.64,50.55,76.31
83.45,83.45,31.51,45.53,75.31
80.72,80.72,30.60,43.75,74.85
80.16,80.16,25.11,43.38,74.89
82.59,82.59,22.53,43.58,74.98
79.76,79.76,29.91,39.72,76.46
81.50,81.50,37.00,38.80,73.61
83.37,83.37,37.28,37.95,70.00
84.48,84.48,34.84,37.06,72.08
83.58,83.58,34.18,37.10,74.63
83.19,83.19,35.16,41.10,74.49
84.24,84.24,32.10,37.86,73.77
84.06,84.06,30.09,37.15,75.61
82.76,82.76,35.88,34.49,76.80
83.84,83.84,38.19,39.23,72.49
84.39,84.39,36.99,40.47,72.97
83.48,83.48,35.54,40.43,74.04
82.97,82.97,30.58,41.43,76.93
83.74,83.74,32.97,42.94,75.58
80.90,80.90,29.40,38.16,74.31
80.04,80.04,29.48,41.71,74.67
78.37,78.37,25.21,36.79,75.11
77.36,77.36,27.09,42.19,75.59
77.01,77.01,26.92,45.43,74.91
74.98,74.98,33.56,47.63,73.82
76.02,76.02,38.69,42.26,75.90
76.55,76.55,46.46,37.91,78.65
75.23,75.23,56.12,37.08,79.63
76.86,76.86,66.41,35.59,79.34
78.39,78.39,64.23,35.95,77.58
78.19,78.19,55.30,38.06,78.02
77.06,77.06,45.08,38.95,76.60
79.83,79.83,37.38,40.45,77.83
77.96,77.96,33.77,38.11,74.85
74.87,74.87,29.51,43.19,77.72
78.26,78.26,32.32,45.24,77.64
76.35,76.35,33.45,43.19,77.92
76.73,76.73,39.33,41.27,75.66
79.06,79.06,42.61,39.29,74.67
77.74,77.74,40.81,41.42,75.64
80.25,80.25,38.08,39.90,74.78
82.60,82.60,32.32,40.22,71.78
80.63,80.63,28.02,41.57,72.20
81.85,81.85,29.35,39.45,72.34
80.63,80.63,32.50,36.05,74.88
80.35,80.35,28.89,40.27,72.76
81.19,81.19,31.66,39.51,69.68
79.52,79.52,31.47,39.47,70.14
79.74,79.74,30.88,38.61,73.00
78.87,78.87,35.76,36.30,74.29
79.58,79.58,36.15,39.44,75.39
79.68,79.68,34.06,40.48,73.80
79.18,79.18,33.15,39.53,71.08
77.30,77.30,31.13,37.46,68.89
77.07,77.07,30.40,37.68,68.72
76.68,76.68,32.96,37.77,71.44
77.45,77.45,33.55,39.46,72.66
77.08,77.08,30.56,37.85,71.47
77.95,77.95,29.98,38.80,74.34
79.57,79.57,31.71,44.36,75.58
78.63,78.63,29.22,40.54,77.74
75.31,75.31,28.55,34.18,77.88
74.73,74.73,31.55,32.94,78.53
76.52,76.52,40.08,35.73,80.37
75.24,75.24,43.50,34.52,79.79
75.15,75.15,53.28,41.43,79.92
79.63,79.63,72.62,38.79,81.21
80.92,80.92,67.39,43.46,79.03
80.89,80.89,55.38,41.92,78.80
79.89,79.89,41.41,41.62,79.30
78.94,78.94,29.70,40.83,80.86
80.50,80.50,27.68,44.90,80.41
79.85,79.85,27.05,42.83,80.12
78.73,78.73,26.40,45.78,80.35
79.87,79.87,29.22,45.69,80.49
79.56,79.56,28.80,48.15,80.05
79.21,79.21,31.43,46.68,79.67
77.91,77.91,31.24,48.08,78.78
80.06,80.06,29.97,46.86,79.15
78.42,78.42,28.85,48.26,78.00
80.03,80.03,32.09,46.92,75.78
75.07,75.07,44.49,46.04,72.79
80.45,80.45,58.91,40.20,70.65
81.23,81.23,66.02,40.78,65.90
70.95,70.95,76.32,32.91,68.24
73.68,73.68,88.72,31.20,67.89
75.90,75.90,85.78,38.66,70.82
76.53,76.53,81.76,39.36,75.86
77.62,77.62,76.45,33.09,76.60
78.01,78.01,72.71,27.95,76.91
79.66,79.66,70.84,20.78,75.39
79.39,79.39,68.76,19.64,75.85
78.83,78.83,66.07,17.26,73.96
79.53,79.53,65.88,21.71,71.64
78.68,78.68,59.85,20.90,69.18
78.31,78.31,73.61,19.42,69.59
80.67,80.67,73.90,15.58,70.11
80.31,80.31,67.13,19.83,68.91
78.09,78.09,59.34,26.88,69.54
75.78,75.78,58.88,30.57,69.96
73.95,73.95,46.68,37.02,69.64
70.45,70.45,44.76,41.32,70.41
67.22,67.22,47.20,44.46,73.11
68.90,68.90,50.76,36.92,73.61
70.39,70.39,58.68,30.14,76.27
70.70,70.70,70.60,35.58,72.63
74.41,74.41,76.82,27.83,76.73
71.36,71.36,76.02,23.55,74.34
74.80,74.80,73.18,29.76,77.00
76.26,76.26,68.91,22.42,75.82
76.69,76.69,71.82,25.27,76.97
74.66,74.66,73.63,28.44,75.95
72.24,72.24,73.06,27.27,75.73
72.26,72.26,72.60,30.18,74.78
76.38,76.38,70.68,31.88,80.25
73.74,73.74,70.85,24.95,77.79
72.29,72.29,75.08,28.50,75.77
73.20,73.20,72.53,25.03,77.16
77.45,77.45,71.73,22.36,78.58
76.72,76.72,72.19,25.04,75.92
76.56,76.56,70.71,21.14,74.76
76.56,76.56,68.50,32.12,75.52
78.00,78.00,69.08,32.67,74.15
74.27,74.27,71.91,26.67,70.15
71.10,71.10,78.94,20.72,70.66
63.02,63.02,90.40,17.39,69.36
57.65,57.65,88.17,12.00,62.06
62.44,62.44,90.10,15.73,66.91
63.32,63.32,92.30,16.68,68.98
61.41,61.41,91.59,15.39,69.51
64.48,64.48,90.99,9.60,69.86
61.82,61.82,88.06,4.01,67.54
62.52,62.52,82.51,3.85,71.35
62.30,62.30,83.12,8.30,71.22
64.85,64.85,86.70,9.57,74.23
68.66,68.66,88.68,11.57,76.06
70.15,70.15,88.88,10.48,72.86
69.31,69.31,87.77,17.02,73.35
67.67,67.67,86.41,23.09,72.84
65.53,65.53,89.49,25.03,73.55
66.95,66.95,85.44,23.78,72.15
68.12,68.12,89.68,25.46,69.28
76.38,76.38,77.20,27.35,73.87
82.52,82.52,73.31,24.77,73.96
83.97,83.97,63.52,30.86,69.91
79.91,79.91,72.21,31.36,67.20
81.03,81.03,74.23,24.71,70.16
85.30,85.30,69.82,28.88,69.02
83.48,83.48,62.72,31.64,72.77
83.16,83.16,57.16,21.52,72.71
82.96,82.96,59.13,24.07,72.08
82.23,82.23,66.24,29.14,73.03
81.60,81.60,67.19,27.47,69.94
81.08,81.08,66.83,28.70,71.65
82.31,82.31,64.05,34.12,73.61
84.22,84.22,60.79,24.40,72.51
84.39,84.39,57.31,32.38,71.04
78.38,78.38,55.01,24.76,70.56
76.45,76.45,54.18,33.75,69.12
78.20,78.20,58.69,31.24,71.73
77.30,77.30,57.03,27.39,69.09
76.66,76.66,56.35,27.42,68.91
77.15,77.15,61.27,22.00,67.69
74.75,74.75,68.35,17.59,65.68
75.36,75.36,77.14,8.45,62.03
78.46,78.46,90.72,3.92,61.14
83.40,83.40,86.55,6.95,62.67
80.90,80.90,84.24,11.62,66.05
82.24,82.24,75.96,19.58,70.59
83.50,83.50,75.80,21.47,69.97
82.27,82.27,70.56,23.77,67.51
82.38,82.38,74.09,28.48,64.73
82.53,82.53,63.66,26.62,63.24
82.75,82.75,70.53,23.48,62.12
82.04,82.04,66.59,17.39,63.33
81.99,81.99,59.21,16.36,66.48
80.68,80.68,56.89,16.18,66.99
81.43,81.43,52.98,16.73,70.75
82.76,82.76,49.12,18.77,70.20
78.15,78.15,40.03,19.33,70.96
77.25,77.25,37.86,22.42,71.04
74.16,74.16,40.34,37.01,66.12
74.29,74.29,57.53,29.20,68.98
74.28,74.28,67.14,26.12,65.17
74.40,74.40,73.43,17.03,63.76
75.54,75.54,90.66,8.72,68.29
76.25,76.25,87.62,12.66,67.89
76.19,76.19,88.89,15.57,72.86
76.42,76.42,90.77,13.30,77.77
78.14,78.14,91.56,5.11,79.02
74.93,74.93,88.11,9.51,77.30
75.69,75.69,89.46,21.32,77.58
75.19,75.19,89.66,28.19,76.32
76.12,76.12,85.87,28.97,72.35
78.19,78.19,84.58,24.49,70.16
77.63,77.63,89.19,14.45,71.26
78.50,78.50,88.64,22.65,71.74
79.43,79.43,92.62,16.22,71.46
80.00,80.00,86.36,13.37,69.35
80.33,80.33,86.25,6.40,68.12
79.58,79.58,86.67,10.54,69.03
80.72,80.72,82.41,11.40,72.99
80.24,80.24,79.89,12.31,72.33
80.22,80.22,63.90,17.06,70.83
81.46,81.46,76.74,23.93,74.38
80.17,80.17,71.41,23.30,73.03
80.04,80.04,68.71,17.70,71.85
78.75,78.75,61.99,21.22,72.82
78.91,78.91,55.10,26.36,75.37
78.90,78.90,66.58,26.59,75.71
77.95,77.95,71.90,29.37,72.29
78.06,78.06,73.69,36.37,74.95
76.87,76.87,72.06,31.80,71.75
76.00,76.00,68.00,33.34,72.36
77.51,77.51,52.73,28.81,73.11
78.59,78.59,57.16,33.15,73.87
79.36,79.36,66.85,32.81,73.13
80.35,80.35,66.94,33.82,74.38
81.04,81.04,68.25,31.14,75.35
81.82,81.82,65.99,35.63,73.79
82.14,82.14,61.03,32.65,73.21
82.05,82.05,53.70,28.02,71.81
80.75,80.75,49.48,29.12,73.73
81.42,81.42,52.36,24.43,73.56
77.26,77.26,57.36,27.37,75.89
80.25,80.25,59.80,27.37,77.28
79.92,79.92,58.16,33.14,76.33
81.23,81.23,53.88,34.62,75.70
85.37,85.37,50.22,37.33,73.24
85.00,85.00,45.40,37.38,73.55
83.11,83.11,41.77,39.11,75.24
83.14,83.14,40.27,38.44,74.99
82.55,82.55,39.58,41.21,74.00
82.45,82.45,41.91,39.33,73.22
82.42,82.42,45.16,37.99,70.05
81.44,81.44,54.17,38.97,68.88
79.32,79.32,52.23,34.73,71.91
73.73,73.73,46.72,30.99,69.94
69.91,69.91,41.48,30.67,71.90
70.60,70.60,39.01,29.62,72.76
71.73,71.73,39.86,33.72,71.88
74.42,74.42,43.15,33.68,69.32
76.11,76.11,57.45,28.73,72.01
76.05,76.05,64.00,21.74,70.92
78.64,78.64,71.72,24.29,70.11
80.08,80.08,90.64,23.33,67.01
78.95,78.95,86.60,20.45,59.74
82.09,82.09,83.20,14.39,62.07
82.79,82.79,79.31,8.79,60.94
81.58,81.58,72.17,20.27,65.23
83.27,83.27,71.65,20.04,63.79
82.94,82.94,71.00,22.56,61.59
82.39,82.39,69.88,17.76,59.28
81.85,81.85,64.79,8.70,59.07
82.00,82.00,62.97,14.03,62.89
82.53,82.53,61.24,19.25,62.85
83.29,83.29,59.58,19.58,60.60
83.27,83.27,52.91,24.19,63.47
81.88,81.88,50.08,25.78,63.76
82.14,82.14,49.26,28.58,65.28
80.52,80.52,47.18,30.44,64.30
83.00,83.00,42.89,31.90,62.60
85.28,85.28,45.20,35.04,65.79
82.15,82.15,53.47,30.46,62.90
77.00,77.00,67.86,25.46,62.33
81.55,81.55,78.92,25.10,64.63
82.12,82.12,80.04,30.86,67.81
83.35,83.35,74.55,28.49,69.33
82.93,82.93,67.86,26.96,67.81
83.10,83.10,57.69,31.32,68.44
81.80,81.80,50.62,30.14,68.19
81.92,81.92,46.55,30.81,68.36
80.70,80.70,46.84,32.26,68.19
77.04,77.04,54.84,27.01,67.87
75.38,75.38,60.30,19.27,66.45
76.16,76.16,78.07,19.96,67.75
76.03,76.03,81.41,23.29,65.71
77.23,77.23,80.12,25.11,66.77
76.42,76.42,74.99,27.60,68.24
73.29,73.29,67.74,36.22,71.53
71.02,71.02,58.91,35.68,75.60
72.44,72.44,48.12,30.38,75.67
63.61,63.61,50.37,33.02,71.13
61.17,61.17,61.09,27.80,67.55
59.45,59.45,67.34,30.00,67.71
61.62,61.62,90.90,30.62,69.83
59.87,59.87,88.85,25.69,69.61
60.27,60.27,90.88,26.53,70.14
65.50,65.50,91.84,32.58,75.03
65.41,65.41,89.48,32.66,76.77
65.70,65.70,84.20,27.66,75.62
67.41,67.41,87.29,23.87,73.77
65.12,65.12,92.91,19.90,76.79
64.15,64.15,91.47,23.08,74.73
65.46,65.46,89.07,28.70,76.23
64.76,64.76,89.99,26.28,77.15
60.37,60.37,91.55,25.15,76.87
57.85,57.85,78.25,30.50,77.66
56.04,56.04,79.70,33.98,77.40
55.62,55.62,88.44,37.65,78.17
58.23,58.23,86.62,33.76,77.72
59.09,59.09,91.26,31.37,77.29
60.18,60.18,87.10,29.62,74.37
75.41,75.41,82.45,38.37,67.86
73.93,73.93,83.80,38.07,68.47
80.74,80.74,79.70,33.42,65.44
78.87,78.87,72.54,42.63,71.20
83.29,83.29,62.39,48.32,72.63
80.03,80.03,59.19,52.03,76.10
82.50,82.50,53.83,48.80,77.46
82.93,82.93,51.19,49.63,77.10
83.64,83.64,56.58,47.87,77.26
81.46,81.46,59.88,46.83,78.35
81.37,81.37,57.28,49.42,77.08
82.10,82.10,59.86,51.19,77.16
82.68,82.68,63.85,50.27,76.67
80.78,80.78,64.37,53.23,77.57
83.53,83.53,62.57,48.43,76.34
82.20,82.20,60.43,47.30,74.77
82.52,82.52,53.91,46.40,74.16
80.12,80.12,47.57,47.01,73.68
81.20,81.20,49.53,47.49,69.15
82.70,82.70,59.19,47.30,70.51
82.10,82.10,70.18,46.84,69.55
81.26,81.26,79.04,48.86,69.60
77.53,77.53,87.74,47.84,63.87
75.74,75.74,84.99,43.93,66.27
76.98,76.98,79.82,42.24,64.75
77.09,77.09,77.14,41.60,69.86
77.81,77.81,69.78,44.22,68.26
76.67,76.67,70.37,46.16,71.35
75.67,75.67,71.39,49.86,73.80
75.13,75.13,68.81,48.48,72.90
76.00,76.00,72.82,49.41,73.74
75.73,75.73,66.46,52.26,75.69
75.81,75.81,65.47,52.63,75.58
76.40,76.40,60.19,53.72,77.64
78.51,78.51,52.15,51.36,75.97
78.96,78.96,48.08,50.48,76.61
79.78,79.78,47.73,49.36,76.32
79.78,79.78,47.00,48.80,75.26
77.93,77.93,46.84,50.54,67.87
77.33,77.33,55.15,47.83,69.23
77.64,77.64,63.51,46.06,66.52
78.79,78.79,72.67,43.02,65.91
77.51,77.51,89.78,40.36,66.80
77.23,77.23,87.77,34.80,70.69
78.49,78.49,88.58,33.82,71.51
76.01,76.01,89.85,36.34,72.26
74.93,74.93,88.11,40.63,76.67
77.27,77.27,85.08,37.82,75.55
76.00,76.00,69.97,37.50,76.78
76.66,76.66,88.91,39.54,78.18
77.25,77.25,78.89,38.80,75.62
78.20,78.20,82.87,34.80,76.07
80.39,80.39,81.18,30.43,75.65
79.25,79.25,85.28,33.89,75.33
79.34,79.34,87.65,33.29,75.42
79.26,79.26,84.82,37.38,75.66
79.80,79.80,85.75,39.78,75.11
81.78,81.78,87.51,42.70,74.39
81.89,81.89,82.83,40.68,74.63
82.96,82.96,81.19,39.71,73.66
83.80,83.80,83.54,44.06,74.63
82.66,82.66,80.19,49.32,75.58
81.47,81.47,73.77,50.21,77.41
81.13,81.13,56.27,48.09,72.09
80.13,80.13,46.23,47.20,76.97
79.95,79.95,47.95,47.68,74.59
79.17,79.17,44.43,47.58,71.05
79.69,79.69,56.60,45.42,72.87
79.29,79.29,60.47,44.22,73.15
78.91,78.91,59.21,42.24,73.24
78.98,78.98,51.54,38.86,72.13
77.78,77.78,48.79,36.61,73.22
76.73,76.73,54.31,37.02,71.86
76.57,76.57,53.31,39.19,73.92
77.65,77.65,53.15,40.57,72.90
79.10,79.10,44.54,33.27,77.83
80.91,80.91,37.87,33.90,71.85
76.97,76.97,43.30,35.74,74.12
78.11,78.11,43.53,34.63,78.60
75.32,75.32,45.67,33.48,74.93
74.28,74.28,50.01,34.14,75.90
75.48,75.48,56.55,32.33,81.65
80.33,80.33,60.16,36.95,77.56
84.08,84.08,60.17,36.66,77.35
83.61,83.61,51.73,38.18,79.23
83.01,83.01,46.73,39.00,79.07
80.96,80.96,43.26,38.94,79.89
80.44,80.44,42.77,36.55,78.84
80.81,80.81,40.65,36.42,80.76
81.23,81.23,39.55,37.69,77.93
80.55,80.55,42.32,36.46,81.06
81.79,81.79,44.62,37.55,81.18
81.46,81.46,53.94,34.05,77.24
81.57,81.57,48.57,33.04,81.02
79.17,79.17,40.93,31.63,72.69
71.80,71.80,34.09,29.19,73.96
74.32,74.32,33.86,30.39,76.33
77.84,77.84,34.71,30.75,74.19
78.00,78.00,43.71,30.82,78.07
79.32,79.32,58.41,22.84,73.67
76.59,76.59,67.52,19.32,70.10
75.35,75.35,76.91,10.84,65.41
76.36,76.36,88.35,9.15,67.48
84.06,84.06,85.39,11.68,69.02
83.66,83.66,79.97,9.26,69.12
82.02,82.02,77.36,10.24,69.02
79.96,79.96,70.89,12.34,69.92
79.84,79.84,70.63,12.45,67.87
80.92,80.92,68.79,10.79,68.10
81.08,81.08,69.42,11.84,65.06
81.56,81.56,65.32,16.20,67.79
82.85,82.85,61.27,22.09,64.92
83.29,83.29,57.17,25.54,64.42
81.43,81.43,51.60,21.51,61.57
81.93,81.93,48.38,26.40,65.63
80.92,80.92,48.55,30.58,62.37
78.45,78.45,43.91,31.16,63.18
75.40,75.40,42.77,32.59,65.57
71.97,71.97,39.58,31.43,61.73
72.14,72.14,42.73,35.35,65.21
72.83,72.83,39.10,38.13,67.71
69.68,69.68,41.63,36.61,65.65
65.83,65.83,50.04,34.51,63.62
73.50,73.50,67.00,33.81,72.55
70.45,70.45,63.65,35.50,74.97
69.85,69.85,58.06,31.91,76.11
71.10,71.10,47.81,33.81,74.95
71.52,71.52,44.50,29.74,77.79
72.20,72.20,43.52,32.47,75.92
71.31,71.31,41.12,35.84,77.21
72.72,72.72,40.10,38.56,76.10
73.98,73.98,38.95,38.75,77.13
70.54,70.54,40.14,37.44,76.37
73.51,73.51,41.58,39.47,76.22
75.65,75.65,40.63,39.35,76.30
75.30,75.30,37.33,37.97,78.67
73.50,73.50,40.50,44.82,76.19
73.48,73.48,39.34,47.45,74.76
74.60,74.60,45.14,48.60,75.76
76.39,76.39,57.32,46.54,74.58
74.17,74.17,66.66,43.24,72.33
76.99,76.99,72.76,39.11,72.51
80.45,80.45,89.38,35.65,74.13
82.94,82.94,88.19,38.22,72.39
84.06,84.06,89.46,42.55,70.48
83.41,83.41,89.24,44.46,73.62
83.92,83.92,78.86,44.03,71.95
81.99,81.99,87.93,46.81,72.28
80.05,80.05,88.90,47.68,71.54
80.00,80.00,91.64,44.49,74.36
79.04,79.04,87.74,45.04,73.41
79.61,79.61,90.49,46.36,74.74
80.57,80.57,79.79,47.01,76.79
79.47,79.47,87.96,47.26,76.82
81.50,81.50,88.81,45.46,75.10
78.70,78.70,92.70,44.99,75.37
81.32,81.32,87.69,45.02,77.62
77.80,77.80,84.73,46.31,75.38
76.67,76.67,78.39,49.18,75.29
73.72,73.72,85.38,50.32,76.07
69.00,69.00,69.60,49.78,75.56
69.62,69.62,68.30,52.14,75.90
70.78,70.78,73.69,54.07,74.54
72.38,72.38,68.79,56.53,74.68
72.60,72.60,67.72,56.43,74.03
73.27,73.27,62.66,51.47,73.66
74.41,74.41,54.06,50.15,73.63
71.46,71.46,65.56,47.66,73.62
73.23,73.23,68.21,50.62,73.47
74.02,74.02,66.57,50.80,73.10
75.60,75.60,61.37,51.11,73.35
72.75,72.75,60.39,53.46,72.68
75.33,75.33,67.28,54.14,73.91
75.43,75.43,61.45,54.58,76.50
76.72,76.72,61.70,55.86,76.97
74.29,74.29,59.96,55.22,76.60
73.40,73.40,57.14,52.41,76.64
71.46,71.46,53.47,55.76,76.46
67.93,67.93,51.03,53.32,73.50
72.39,72.39,56.31,50.39,76.26
74.47,74.47,63.16,44.73,75.85
74.98,74.98,75.23,46.38,73.15
74.01,74.01,90.58,46.87,68.91
82.16,82.16,85.76,43.11,69.18
81.37,81.37,82.15,35.69,67.50
83.36,83.36,76.31,41.26,67.53
81.79,81.79,72.64,38.33,71.67
82.32,82.32,67.74,38.01,71.49
79.14,79.14,69.36,35.52,68.12
77.08,77.08,65.53,35.74,68.31
77.02,77.02,65.80,38.70,69.68
78.68,78.68,64.10,39.42,69.98
84.67,84.67,58.48,39.26,70.11
82.33,82.33,57.75,41.51,71.10
80.68,80.68,60.37,42.37,68.76
83.55,83.55,54.40,42.29,73.70
80.72,80.72,58.39,43.30,73.51
72.16,72.16,48.52,38.54,71.52
68.76,68.76,45.34,42.44,67.90
71.72,71.72,53.65,42.83,70.09
76.90,76.90,60.58,43.04,67.92
77.38,77.38,68.08,41.22,64.79
76.07,76.07,90.60,38.95,64.60
77.07,77.07,87.70,33.77,65.47
83.28,83.28,89.24,28.95,68.68
79.84,79.84,88.06,26.46,67.09
80.35,80.35,90.36,30.10,67.34
80.37,80.37,89.92,33.71,72.75
80.51,80.51,88.45,28.11,72.32
80.73,80.73,81.22,29.76,75.32
79.19,79.19,81.81,30.07,73.55
76.86,76.86,80.58,30.50,73.91
81.31,81.31,87.40,31.21,72.65
81.43,81.43,90.40,27.72,74.48
82.30,82.30,86.80,25.47,73.27
81.65,81.65,88.11,29.38,73.19
81.75,81.75,88.18,34.06,70.62
80.83,80.83,83.68,37.20,71.79
79.86,79.86,90.03,33.48,74.65
80.70,80.70,81.05,28.01,71.76
81.23,81.23,79.33,38.40,74.44
80.58,80.58,65.77,32.48,74.71
79.94,79.94,72.68,41.93,77.28
84.95,84.95,72.89,37.59,77.29
84.66,84.66,72.28,43.39,74.91
83.50,83.50,69.55,42.61,73.55
82.38,82.38,54.84,45.66,76.73
81.04,81.04,55.80,46.22,75.34
82.54,82.54,65.70,45.10,76.29
82.69,82.69,67.92,48.68,75.43
82.08,82.08,68.69,49.51,75.81
81.55,81.55,65.62,50.71,76.24
82.68,82.68,61.63,50.83,76.93
79.82,79.82,54.48,48.48,73.50
78.52,78.52,49.38,44.90,74.41
75.31,75.31,55.27,47.17,76.62
70.26,70.26,57.01,48.45,73.18
71.43,71.43,55.17,48.77,74.15
73.38,73.38,54.62,47.83,73.50
70.56,70.56,52.36,46.78,72.99
72.63,72.63,47.09,49.94,72.01
71.99,71.99,55.97,48.04,73.75
73.45,73.45,62.76,49.61,73.92
73.71,73.71,61.33,48.61,73.39
78.83,78.83,58.66,48.52,73.99
80.50,80.50,53.13,50.20,70.66
82.64,82.64,48.63,48.67,73.86
82.51,82.51,48.89,47.21,73.72
82.45,82.45,50.49,49.21,74.19
81.32,81.32,52.14,46.05,73.74
82.37,82.37,53.17,46.41,72.72
81.30,81.30,54.42,41.36,70.02
81.40,81.40,60.73,44.16,72.16
81.71,81.71,61.29,45.64,71.77
80.99,80.99,56.38,45.58,74.36
81.61,81.61,52.11,44.54,74.34
81.35,81.35,47.05,37.56,72.35
78.10,78.10,41.63,43.02,75.13
78.26,78.26,44.57,42.67,74.24
74.86,74.86,58.03,39.65,70.92
76.07,76.07,64.59,36.93,67.90
78.90,78.90,74.07,40.67,66.08
78.62,78.62,90.69,38.12,65.06
81.85,81.85,86.86,37.83,60.41
81.05,81.05,82.16,31.07,61.56
79.62,79.62,78.36,38.47,67.18
81.67,81.67,73.12,37.55,65.71
81.78,81.78,69.98,38.48,65.55
79.91,79.91,71.46,41.43,67.96
80.23,80.23,67.16,44.16,68.53
81.06,81.06,63.78,43.40,68.63
81.65,81.65,59.99,43.77,67.17
81.87,81.87,55.21,44.27,69.89
83.04,83.04,50.01,43.19,70.87
83.26,83.26,44.40,40.73,71.24
82.63,82.63,41.93,42.38,68.60
82.43,82.43,39.52,43.41,68.08
81.60,81.60,39.48,44.35,67.38
81.85,81.85,40.35,46.36,69.61
82.40,82.40,48.09,43.52,66.62
80.76,80.76,57.26,43.61,68.95
79.07,79.07,68.79,40.44,69.70
78.02,78.02,78.70,39.88,72.48
72.84,72.84,82.23,37.88,72.33
72.36,72.36,81.64,38.02,71.28
74.43,74.43,78.84,42.81,72.22
76.77,76.77,73.73,43.05,72.52
75.67,75.67,63.44,40.02,73.83
73.68,73.68,53.05,40.54,72.00
75.06,75.06,54.68,39.77,71.58
75.57,75.57,58.37,43.72,71.85
76.89,76.89,62.50,40.48,73.64
75.75,75.75,78.14,41.59,73.91
74.50,74.50,83.01,38.15,72.67
75.55,75.55,81.79,45.82,73.94
74.88,74.88,79.94,43.66,73.82
76.80,76.80,74.51,44.08,76.24
77.15,77.15,61.33,44.42,75.57
77.26,77.26,59.63,44.18,73.28
76.67,76.67,63.60,48.77,75.00
75.90,75.90,62.24,45.31,76.96
77.21,77.21,70.11,43.99,74.88
79.55,79.55,89.77,39.62,73.26
81.67,81.67,87.16,37.76,70.90
81.28,81.28,89.80,36.66,67.16
78.38,78.38,91.05,39.01,70.04
75.81,75.81,88.32,40.78,71.17
68.64,68.64,88.04,40.21,70.39
65.34,65.34,89.34,42.54,71.52
64.12,64.12,86.71,47.86,75.38
64.72,64.72,89.16,48.13,74.83
68.82,68.82,86.06,46.69,74.79
75.19,75.19,81.61,47.48,73.12
81.85,81.85,90.14,47.09,73.55
83.92,83.92,74.70,49.17,74.83
81.28,81.28,82.32,49.96,73.38
81.90,81.90,90.06,53.87,76.02
80.08,80.08,71.51,57.12,74.16
80.03,80.03,73.60,58.02,77.69
81.11,81.11,86.93,59.04,71.20
78.48,78.48,82.30,58.20,74.01
81.33,81.33,74.55,56.73,71.47
82.43,82.43,72.96,52.22,73.33
82.84,82.84,68.17,50.25,75.47
81.74,81.74,69.00,54.03,78.05
82.76,82.76,66.02,54.76,78.04
82.68,82.68,65.25,51.08,78.28
80.06,80.06,55.21,52.06,77.49
84.91,84.91,58.43,51.48,77.57
79.04,79.04,65.26,51.14,77.42
81.19,81.19,64.36,51.54,76.66
81.87,81.87,60.81,56.18,74.53
79.42,79.42,64.94,55.73,73.39
83.78,83.78,66.47,57.65,75.64
81.05,81.05,64.23,55.92,77.24
82.86,82.86,60.34,59.48,75.94
77.86,77.86,52.09,59.60,76.13
76.45,76.45,42.39,56.59,74.46
74.09,74.09,46.86,60.84,78.17
75.63,75.63,57.77,57.31,76.32
76.42,76.42,66.53,59.51,73.30
75.44,75.44,70.27,60.01,73.96
74.01,74.01,88.34,56.95,71.08
74.33,74.33,84.97,56.25,66.27
84.61,84.61,82.11,58.06,69.63
83.23,83.23,75.38,57.13,68.71
80.00,80.00,69.72,57.54,72.47
83.43,83.43,65.52,56.97,73.68
82.30,82.30,68.12,55.76,73.41
81.87,81.87,64.04,57.64,73.17
81.36,81.36,63.80,57.26,74.79
83.08,83.08,57.68,53.37,70.86
83.41,83.41,52.63,53.27,70.01
83.69,83.69,50.62,54.25,68.22
82.74,82.74,45.67,55.05,72.17
80.41,80.41,47.36,49.81,70.79
82.89,82.89,44.21,51.38,70.35
82.21,82.21,40.61,49.97,69.56
77.52,77.52,41.82,53.99,71.67
80.81,80.81,53.67,54.36,70.10
76.68,76.68,64.87,50.91,66.82
76.40,76.40,74.44,44.98,66.30
75.50,75.50,90.55,53.41,67.44
77.65,77.65,87.50,52.48,65.38
81.22,81.22,89.25,49.16,70.03
82.12,82.12,89.50,47.91,72.43
78.99,78.99,89.90,44.23,69.55
79.10,79.10,88.29,48.33,71.67
79.19,79.19,92.52,45.53,71.82
79.25,79.25,89.49,47.27,72.96
76.62,76.62,86.41,50.28,76.69
77.00,77.00,80.49,50.51,74.86
82.88,82.88,85.76,47.89,75.40
83.76,83.76,81.03,49.77,77.49
86.15,86.15,84.29,51.35,78.08
81.18,81.18,87.88,49.79,74.60
77.60,77.60,82.40,52.21,79.01
73.85,73.85,78.85,52.05,77.44
76.65,76.65,73.28,54.06,75.04
75.10,75.10,80.07,57.53,76.91
78.56,78.56,86.45,56.10,76.52
78.16,78.16,71.36,60.32,78.30
76.34,76.34,74.91,59.64,73.15
75.09,75.09,76.78,56.76,74.04
76.59,76.59,76.27,57.61,75.99
84.77,84.77,73.94,57.32,75.11
83.46,83.46,68.07,52.32,76.21
82.55,82.55,54.91,52.78,76.15
82.76,82.76,69.15,50.05,73.73
82.52,82.52,72.25,49.41,73.77
81.24,81.24,73.54,49.65,72.12
81.66,81.66,71.89,46.91,74.22
81.68,81.68,66.90,46.38,73.04
82.05,82.05,48.35,45.79,73.22
82.03,82.03,58.48,42.84,73.67
81.86,81.86,62.87,47.43,74.41
81.89,81.89,59.97,46.93,73.19
81.58,81.58,59.03,49.84,74.40
81.51,81.51,57.15,48.34,73.40
81.34,81.34,53.69,48.13,71.69
80.04,80.04,53.22,49.42,71.98
80.55,80.55,63.69,47.69,69.70
76.95,76.95,67.54,49.18,71.80
83.00,83.00,64.72,49.92,73.51
83.05,83.05,58.51,44.24,70.16
82.19,82.19,54.56,41.69,71.86
82.74,82.74,46.20,41.57,71.81
82.52,82.52,42.22,45.92,74.21
82.60,82.60,39.07,47.04,72.70
81.89,81.89,34.64,49.38,75.75
82.34,82.34,35.38,48.62,74.84
83.12,83.12,41.69,46.00,74.77
82.80,82.80,50.91,51.72,76.15
82.30,82.30,50.47,50.24,74.32
81.00,81.00,41.36,51.13,72.25
80.72,80.72,37.92,46.46,75.39
80.47,80.47,32.46,45.57,74.92
80.16,80.16,29.35,45.05,74.31
80.23,80.23,39.83,45.20,74.78
81.09,81.09,55.33,44.94,74.40
80.83,80.83,66.86,40.26,72.50
80.32,80.32,77.23,42.88,69.37
79.99,79.99,88.32,44.49,70.70
81.23,81.23,85.47,45.36,68.28
81.53,81.53,81.22,48.06,67.84
81.15,81.15,76.52,47.69,73.02
79.72,79.72,71.50,45.59,75.07
79.53,79.53,69.43,44.40,75.70
80.45,80.45,67.47,46.52,74.67
81.29,81.29,64.81,44.54,72.88
81.47,81.47,63.82,39.90,72.75
81.55,81.55,60.87,36.09,74.64
82.05,82.05,73.27,42.54,72.45
84.66,84.66,74.39,41.38,73.43
84.87,84.87,67.99,44.27,72.86
84.64,84.64,60.93,41.90,74.24
83.27,83.27,62.28,40.94,72.65
82.22,82.22,53.48,41.37,71.67
81.23,81.23,44.52,41.58,73.32
81.38,81.38,49.21,44.18,74.45
80.32,80.32,45.88,46.94,73.55
78.23,78.23,55.76,45.27,69.20
77.34,77.34,67.49,39.77,70.73
82.18,82.18,73.48,45.57,77.47
83.25,83.25,75.34,43.08,78.56
82.29,82.29,71.67,40.44,80.46
81.74,81.74,64.71,39.36,79.41
81.62,81.62,68.06,44.87,80.68
79.83,79.83,66.14,49.32,78.01
83.93,83.93,65.32,47.23,78.35
83.42,83.42,70.67,46.67,77.07
82.71,82.71,72.53,47.26,74.00
78.87,78.87,74.38,53.91,71.75
78.26,78.26,76.30,56.46,72.60
78.64,78.64,73.19,61.08,76.82
77.22,77.22,68.71,63.02,77.73
79.26,79.26,65.83,61.67,79.46
81.15,81.15,59.99,56.02,81.56
80.22,80.22,58.48,51.32,80.82
79.51,79.51,65.29,49.91,79.99
75.84,75.84,75.82,44.04,76.97
77.46,77.46,80.18,41.16,71.86
80.81,80.81,89.03,34.19,68.85
84.70,84.70,86.87,29.96,70.99
80.12,80.12,89.64,30.39,69.44
80.31,80.31,90.94,31.81,73.54
82.98,82.98,89.07,28.64,73.20
82.85,82.85,85.12,31.81,77.00
83.21,83.21,88.86,33.90,75.82
80.95,80.95,91.33,37.61,72.58
76.04,76.04,89.18,41.23,77.68
80.75,80.75,84.42,38.98,78.62
80.74,80.74,87.53,33.93,78.82
79.77,79.77,81.59,32.33,77.18
80.08,80.08,91.44,32.71,75.33
81.21,81.21,77.76,32.45,74.24
80.01,80.01,77.57,35.80,76.00
79.18,79.18,90.80,38.60,75.08
76.59,76.59,86.74,44.17,77.71
77.38,77.38,86.67,39.81,75.08
75.72,75.72,73.02,41.23,72.54
76.68,76.68,63.25,42.50,72.37
83.18,83.18,66.02,47.42,74.86
84.76,84.76,63.39,49.27,71.63
84.28,84.28,59.94,46.65,73.31
84.10,84.10,55.44,50.55,72.53
83.91,83.91,57.71,49.42,74.16
83.68,83.68,58.61,48.82,72.59
83.63,83.63,47.07,45.37,72.47
81.30,81.30,43.75,45.96,71.36
81.53,81.53,48.97,47.77,72.10
80.91,80.91,55.26,48.41,71.74
84.07,84.07,65.07,50.13,75.92
85.12,85.12,56.21,49.37,75.25
82.35,82.35,54.08,50.27,75.21
80.62,80.62,48.87,49.08,76.74
78.79,78.79,43.22,43.84,75.98
76.67,76.67,37.53,49.73,76.43
79.32,79.32,45.29,50.97,78.38
75.32,75.32,61.09,48.61,80.09
76.17,76.17,69.12,44.48,75.34
75.89,75.89,76.13,43.36,71.84
75.07,75.07,90.90,38.90,67.98
77.62,77.62,87.02,39.25,70.21
82.88,82.88,81.20,37.17,68.20
79.94,79.94,79.42,38.73,71.25
81.41,81.41,71.38,43.78,73.49
86.04,86.04,70.78,46.91,72.25
83.40,83.40,69.03,48.35,72.26
82.60,82.60,66.59,47.25,71.92
83.06,83.06,68.12,49.82,71.34
83.45,83.45,58.74,53.49,76.67
84.56,84.56,56.57,52.20,78.34
85.27,85.27,49.51,51.30,79.05
76.12,76.12,45.04,49.13,76.68
74.10,74.10,41.37,49.47,78.49
75.61,75.61,36.17,47.51,76.93
77.68,77.68,37.04,48.31,77.75
77.33,77.33,41.81,45.07,76.06
76.22,76.22,52.46,40.89,76.36
78.90,78.90,62.94,41.32,72.15
79.49,79.49,69.54,28.19,68.35
79.07,79.07,89.96,33.05,68.56
78.97,78.97,85.98,32.65,68.01
75.19,75.19,89.37,30.97,72.69
82.35,82.35,90.84,26.24,74.50
82.90,82.90,90.49,22.33,70.99
79.76,79.76,89.31,22.41,73.78
78.08,78.08,82.46,25.58,76.18
79.57,79.57,84.96,27.27,73.84
80.21,80.21,83.98,29.63,75.95
82.88,82.88,86.71,37.40,75.91
80.99,80.99,88.92,31.77,77.08
83.19,83.19,89.67,30.32,76.87
80.83,80.83,88.57,24.07,74.87
84.04,84.04,87.63,26.56,76.29
83.07,83.07,81.03,29.19,77.75
83.09,83.09,89.79,33.62,76.23
83.89,83.89,81.46,34.58,76.13
83.41,83.41,79.61,28.93,76.28
83.38,83.38,61.82,30.58,75.87
85.31,85.31,71.46,43.75,76.43
82.44,82.44,69.91,44.50,77.11
85.35,85.35,62.61,40.82,76.10
83.00,83.00,60.33,40.20,75.94
85.88,85.88,54.85,43.71,76.04
85.14,85.14,61.78,45.51,76.70
84.63,84.63,68.11,45.39,74.03
84.88,84.88,70.34,44.91,77.67
84.17,84.17,67.02,43.86,75.73
84.94,84.94,64.32,41.63,76.46
83.67,83.67,56.01,41.22,73.79
82.77,82.77,52.04,40.80,74.03
82.22,82.22,61.76,46.22,74.11
78.86,78.86,60.45,41.39,74.77
74.34,74.34,62.49,44.64,73.64
76.55,76.55,61.66,43.13,72.83
76.89,76.89,56.51,46.40,75.66
76.25,76.25,43.30,44.70,72.13
78.32,78.32,27.98,42.52,71.68
80.24,80.24,37.91,42.32,70.74
78.52,78.52,51.26,42.94,68.87
82.33,82.33,62.05,42.11,71.47
87.72,87.72,61.90,43.31,70.15
81.94,81.94,55.39,46.38,70.81
81.87,81.87,49.99,45.07,72.60
82.56,82.56,42.58,46.20,72.98
82.06,82.06,38.53,46.48,69.51
82.36,82.36,38.67,49.45,73.52
83.47,83.47,43.91,47.62,72.39
83.74,83.74,51.43,47.40,74.53
83.58,83.58,56.89,49.06,74.55
84.34,84.34,59.23,49.81,69.92
79.91,79.91,55.21,51.17,69.92
76.73,76.73,47.24,51.10,69.68
77.91,77.91,34.62,50.20,72.65
77.56,77.56,25.31,49.42,71.01
76.01,76.01,22.14,48.17,72.77
76.12,76.12,39.42,43.76,70.97
72.69,72.69,52.59,45.25,70.73
76.26,76.26,63.87,39.69,70.65
77.49,77.49,71.53,39.03,69.66
74.00,74.00,90.56,43.90,67.61
78.72,78.72,85.58,38.27,61.00
79.52,79.52,83.09,34.78,61.58
80.99,80.99,78.48,34.96,64.42
81.27,81.27,71.55,39.75,65.69
79.19,79.19,70.40,30.76,69.51
80.76,80.76,69.33,34.15,70.48
82.07,82.07,68.34,30.18,69.87
82.30,82.30,62.33,30.69,68.03
81.96,81.96,58.66,29.83,68.25
81.90,81.90,56.83,31.43,67.08
81.74,81.74,53.48,28.47,68.02
81.83,81.83,47.56,25.39,67.32
81.97,81.97,41.81,28.67,68.77
81.98,81.98,36.49,29.51,66.97
82.13,82.13,34.10,35.36,70.22
81.78,81.78,36.33,31.72,68.97
80.44,80.44,40.98,36.57,68.94
77.87,77.87,54.21,36.76,68.42
76.03,76.03,63.68,38.64,68.60
74.61,74.61,77.39,39.73,70.14
76.06,76.06,82.89,39.54,67.76
73.00,73.00,81.80,46.67,68.77
72.84,72.84,78.68,47.96,68.60
72.89,72.89,71.99,46.48,71.18
75.67,75.67,60.08,41.45,72.76
75.42,75.42,54.34,40.64,68.77
73.51,73.51,57.73,43.17,71.43
75.41,75.41,58.14,41.27,68.95
76.17,76.17,68.48,37.72,67.15
78.61,78.61,77.09,37.27,70.14
79.03,79.03,81.06,41.38,67.50
79.80,79.80,81.72,42.15,69.56
79.34,79.34,79.87,40.90,68.50
76.32,76.32,75.71,41.60,68.09
74.96,74.96,64.60,43.48,69.38
76.59,76.59,59.31,44.07,68.82
77.39,77.39,59.37,44.09,69.81
78.18,78.18,61.48,46.09,68.43
74.53,74.53,68.57,47.65,68.29
79.35,79.35,88.61,55.08,67.85
78.27,78.27,87.18,53.71,67.73
81.22,81.22,89.32,50.76,67.96
82.50,82.50,92.05,50.84,71.00
81.79,81.79,90.66,50.53,72.11
81.29,81.29,90.05,50.40,73.71
81.65,81.65,84.43,52.13,72.66
80.73,80.73,89.30,48.92,73.30
80.04,80.04,92.05,53.92,74.37
81.99,81.99,87.81,47.89,75.78
80.91,80.91,85.57,50.51,76.79
81.36,81.36,88.42,48.03,76.17
81.86,81.86,82.01,45.89,75.53
81.25,81.25,87.56,51.77,75.40
81.83,81.83,80.53,50.13,74.90
82.06,82.06,85.06,49.92,76.97
80.63,80.63,90.75,50.66,76.10
80.93,80.93,85.71,49.27,75.95
79.77,79.77,83.59,52.04,75.78
81.25,81.25,82.67,49.79,71.54
76.28,76.28,79.41,49.25,70.27
79.59,79.59,71.23,57.04,71.78
84.49,84.49,60.58,60.65,77.39
81.88,81.88,56.42,60.59,78.38
82.51,82.51,56.97,56.46,76.97
80.19,80.19,51.92,58.45,79.80
82.02,82.02,47.17,57.25,80.15
75.04,75.04,51.63,52.67,78.58
71.74,71.74,44.87,52.95,79.12
72.76,72.76,50.23,58.51,81.10
81.27,81.27,58.61,58.55,77.74
85.97,85.97,54.87,56.45,75.82
82.98,82.98,52.90,55.81,76.65
83.04,83.04,50.51,53.87,73.01
84.09,84.09,48.84,53.53,75.20
84.42,84.42,45.22,50.24,75.19
78.37,78.37,42.09,50.81,73.16
72.01,72.01,58.19,48.80,71.71
69.93,69.93,65.32,41.23,70.93
72.83,72.83,73.63,46.82,70.20
75.59,75.59,88.53,48.93,70.83
78.93,78.93,84.64,46.04,69.77
81.39,81.39,80.55,44.10,73.51
85.20,85.20,74.87,45.27,75.71
82.05,82.05,70.38,49.32,76.72
80.18,80.18,67.92,46.05,77.20
82.18,82.18,70.43,49.99,79.26
83.05,83.05,59.37,50.05,79.33
83.54,83.54,64.04,50.16,78.02
85.03,85.03,57.12,49.19,73.35
77.93,77.93,54.11,47.18,71.54
80.86,80.86,51.37,49.15,72.15
83.54,83.54,48.08,46.59,73.28
82.77,82.77,45.76,45.19,73.97
82.42,82.42,41.30,47.94,73.66
82.28,82.28,40.00,50.83,74.58
81.46,81.46,44.91,48.43,73.19
79.34,79.34,52.49,51.00,71.21
79.33,79.33,67.71,51.73,67.48
76.31,76.31,75.14,49.28,66.95
74.05,74.05,90.15,44.29,62.89
78.75,78.75,87.62,46.89,66.81
80.87,80.87,88.65,49.89,70.19
80.02,80.02,90.14,44.48,72.44
76.88,76.88,89.00,47.95,71.57
84.32,84.32,85.05,53.06,74.80
79.75,79.75,83.00,49.58,75.05
75.72,75.72,92.67,51.44,69.45
75.40,75.40,84.94,51.44,76.42
70.82,70.82,86.88,48.60,73.93
75.37,75.37,89.16,40.81,74.38
79.09,79.09,77.16,39.65,76.81
86.06,86.06,88.09,43.18,70.30
81.76,81.76,82.81,50.80,73.19
80.51,80.51,79.94,51.79,75.10
82.49,82.49,89.58,47.41,73.82
81.20,81.20,83.71,42.73,75.03
81.89,81.89,89.74,40.43,77.58
82.64,82.64,81.88,44.39,72.36
81.21,81.21,84.41,44.69,77.70
81.50,81.50,66.16,43.23,77.35
81.86,81.86,67.35,45.56,74.72
84.82,84.82,71.33,45.95,74.37
87.34,87.34,72.39,45.58,73.26
82.74,82.74,71.57,45.60,75.93
84.40,84.40,69.63,48.00,76.13
83.54,83.54,61.42,49.66,75.15
82.49,82.49,55.08,51.34,74.56
82.82,82.82,68.28,52.57,74.25
82.42,82.42,71.22,53.28,75.42
81.60,81.60,71.16,49.85,73.75
80.48,80.48,70.18,49.02,74.82
82.41,82.41,67.04,49.16,73.97
81.50,81.50,57.40,51.49,74.94
82.60,82.60,45.12,50.85,75.39
83.42,83.42,55.87,52.55,75.73
84.02,84.02,60.06,52.63,74.71
81.49,81.49,58.43,54.30,77.54
74.73,74.73,54.18,54.22,76.79
77.08,77.08,60.38,50.73,76.73
77.64,77.64,67.69,52.38,82.11
82.04,82.04,67.19,54.79,77.05
83.08,83.08,61.38,51.02,74.85
83.44,83.44,58.04,54.74,80.76
81.47,81.47,53.64,53.84,79.05
81.88,81.88,48.98,53.25,77.77
80.83,80.83,46.81,53.61,81.48
76.78,76.78,48.67,52.02,79.99
78.00,78.00,51.24,53.56,77.95
80.46,80.46,59.30,55.85,80.58
80.29,80.29,65.42,53.90,69.74
78.26,78.26,63.92,53.26,66.14
78.03,78.03,60.25,55.17,62.68
77.74,77.74,58.26,57.91,63.23
75.25,75.25,52.32,60.29,66.00
80.42,80.42,42.73,58.53,64.79
78.14,78.14,44.41,56.37,64.74
77.90,77.90,58.56,57.85,66.11
73.69,73.69,66.68,55.12,66.72
77.57,77.57,76.44,54.97,67.36
74.72,74.72,88.18,53.38,67.12
74.46,74.46,84.55,47.94,66.06
81.93,81.93,79.57,44.32,73.92
83.39,83.39,77.65,43.51,75.03
82.29,82.29,71.42,43.72,73.66
82.04,82.04,64.56,47.20,73.22
81.92,81.92,68.00,46.22,73.35
78.83,78.83,69.23,46.45,75.82
79.93,79.93,67.08,44.81,73.63
79.67,79.67,65.10,49.50,71.04
81.88,81.88,71.68,51.89,72.02
83.89,83.89,72.30,52.08,74.23
80.61,80.61,60.05,52.26,72.92
79.91,79.91,48.44,50.63,73.45
81.00,81.00,40.91,51.80,76.50
81.40,81.40,38.95,49.41,76.13
81.76,81.76,39.04,46.95,76.92
82.60,82.60,38.90,51.81,76.67
82.74,82.74,44.69,51.44,77.88
84.64,84.64,52.64,51.23,79.29
83.20,83.20,62.26,50.59,76.04
83.86,83.86,62.60,53.60,77.68
83.41,83.41,60.79,54.84,77.21
84.93,84.93,60.20,55.31,80.85
84.33,84.33,64.32,55.73,81.30
84.07,84.07,68.04,51.41,83.57
82.08,82.08,73.51,51.73,80.74
84.48,84.48,71.10,47.60,82.49
84.79,84.79,75.01,51.30,79.64
83.45,83.45,72.41,43.54,78.54
83.36,83.36,69.48,41.88,82.57
83.06,83.06,71.73,48.22,83.57
84.31,84.31,66.37,49.42,84.60
83.95,83.95,56.32,52.80,83.78
83.18,83.18,56.17,49.02,84.77
83.64,83.64,55.93,53.99,83.21
83.62,83.62,54.31,54.25,84.69
79.85,79.85,49.07,55.80,84.28
80.27,80.27,42.86,59.92,80.18
78.13,78.13,49.07,56.57,71.33
75.62,75.62,59.15,66.36,71.29
77.32,77.32,51.59,74.01,74.62
75.12,75.12,42.90,75.53,75.85
79.37,79.37,37.51,78.28,73.37
79.73,79.73,30.52,73.99,76.14
78.33,78.33,29.81,73.85,73.33
80.11,80.11,28.57,78.97,74.29
80.69,80.69,32.08,75.57,73.05
78.85,78.85,41.16,80.60,73.88
74.48,74.48,48.09,75.23,72.59
74.72,74.72,60.08,77.14,75.01
79.12,79.12,63.58,78.39,71.58
80.23,80.23,62.33,75.22,75.15
82.44,82.44,59.38,80.36,72.54
79.00,79.00,53.46,75.97,73.76
78.26,78.26,46.89,77.20,71.50
80.40,80.40,41.55,79.45,71.46
81.05,81.05,39.40,75.58,72.18
82.80,82.80,44.04,78.93,73.52
81.57,81.57,50.33,77.26,73.11
84.99,84.99,58.58,76.19,75.51
85.92,85.92,54.67,80.33,73.18
84.51,84.51,45.02,74.19,74.72
85.49,85.49,39.67,78.34,75.77
84.99,84.99,34.27,75.91,71.16
84.42,84.42,37.12,74.54,75.70
83.60,83.60,41.79,80.36,74.72
82.30,82.30,44.85,74.64,75.92
83.49,83.49,47.64,75.77,74.41
82.33,82.33,49.18,76.36,74.49
83.73,83.73,51.51,71.48,72.57
85.28,85.28,43.58,78.55,73.79
81.70,81.70,41.07,70.25,71.59
80.26,80.26,43.28,77.64,75.36
79.73,79.73,37.91,76.45,74.47
78.09,78.09,38.48,70.53,74.54
77.88,77.88,38.23,78.16,74.55
74.54,74.54,47.24,70.76,74.14
76.39,76.39,64.67,73.39,73.68
75.61,75.61,68.47,79.22,68.69
78.20,78.20,83.67,69.80,71.23
79.02,79.02,74.55,74.11,73.22
83.75,83.75,62.66,74.38,74.95
83.31,83.31,56.14,70.16,73.76
85.58,85.58,49.17,78.34,73.96
87.59,87.59,44.79,72.87,72.75
88.05,88.05,45.32,74.36,71.20
87.74,87.74,43.14,77.16,68.96
86.91,86.91,44.58,72.69,68.65
84.58,84.58,49.76,76.89,70.49
80.89,80.89,58.54,70.82,73.66
79.40,79.40,53.13,73.21,75.78
82.85,82.85,47.78,77.99,77.62
85.52,85.52,44.69,73.87,78.30
83.75,83.75,45.15,74.88,75.44
85.97,85.97,43.35,74.77,76.41
84.02,84.02,41.46,72.77,77.15
85.58,85.58,42.65,76.28,77.83
82.62,82.62,43.92,74.17,77.29
82.14,82.14,50.66,73.71,77.73
83.44,83.44,62.02,77.81,77.89
81.49,81.49,57.71,73.34,81.33
81.68,81.68,49.94,74.75,79.90
82.04,82.04,43.34,75.22,82.36
82.89,82.89,37.64,74.68,84.10
81.94,81.94,37.90,76.44,83.85
81.76,81.76,35.69,73.81,83.32
81.35,81.35,37.98,72.66,82.48
82.18,82.18,43.75,74.09,83.00
82.94,82.94,47.31,73.36,81.38
81.91,81.91,55.31,73.83,82.30
83.59,83.59,50.60,72.56,80.39
83.68,83.68,46.39,73.63,80.10
83.07,83.07,44.94,73.68,81.08
83.57,83.57,41.70,73.20,79.98
83.06,83.06,40.50,69.99,81.57
81.59,81.59,36.72,73.89,78.69
80.13,80.13,36.43,73.13,80.99
78.11,78.11,36.33,73.84,81.08
79.83,79.83,40.25,73.15,79.82
81.27,81.27,46.87,72.08,79.59
79.41,79.41,46.91,72.59,76.96
83.00,83.00,49.86,73.07,75.73
83.28,83.28,48.17,72.16,79.07
83.60,83.60,45.85,74.05,77.09
84.59,84.59,41.84,73.22,75.34
85.01,85.01,37.83,72.72,75.28
85.68,85.68,37.38,75.16,75.82
84.96,84.96,36.18,70.91,76.15
85.78,85.78,38.96,74.52,72.64
85.48,85.48,48.72,72.61,72.56
84.80,84.80,43.12,71.34,74.36
84.27,84.27,39.37,75.08,75.85
83.12,83.12,37.59,68.52,75.94
83.70,83.70,34.35,74.45,75.72
85.05,85.05,29.72,69.54,75.07
84.85,84.85,28.43,69.45,75.88
85.18,85.18,32.35,75.53,76.99
84.52,84.52,40.43,70.64,76.23
84.44,84.44,47.85,70.79,77.35
83.93,83.93,60.89,73.62,76.69
83.81,83.81,53.76,66.63,76.98
83.36,83.36,44.93,73.00,79.27
80.62,80.62,39.06,67.62,81.53
82.15,82.15,36.99,67.82,77.59
82.55,82.55,33.96,75.33,79.79
83.50,83.50,34.60,68.78,78.81
83.29,83.29,42.00,72.98,75.37
83.54,83.54,48.59,74.18,76.02
82.37,82.37,55.92,69.75,74.26
82.61,82.61,69.04,74.48,74.50
82.92,82.92,62.30,72.03,75.33
84.50,84.50,51.81,72.72,75.53
84.39,84.39,43.83,73.67,76.44
82.49,82.49,34.63,73.33,76.40
82.59,82.59,31.18,73.64,74.77
81.96,81.96,32.53,76.32,74.01
82.14,82.14,50.02,70.92,73.76
82.61,82.61,65.21,76.58,72.94
81.37,81.37,73.92,73.39,73.37
79.31,79.31,85.46,71.43,69.70
78.08,78.08,73.39,71.21,70.92
79.49,79.49,67.28,67.86,73.95
78.07,78.07,59.00,74.24,71.83
77.98,77.98,51.05,70.43,73.07
76.65,76.65,44.55,70.96,73.98
74.73,74.73,39.97,75.29,76.11
77.07,77.07,35.82,71.41,74.56
77.23,77.23,45.37,70.16,74.21
78.46,78.46,54.83,76.18,71.86
79.92,79.92,69.01,70.53,75.28
79.02,79.02,61.59,75.73,75.93
78.88,78.88,51.81,74.33,72.28
77.95,77.95,39.75,68.09,74.47
78.14,78.14,32.58,78.14,75.80
76.22,76.22,26.60,69.49,75.02
73.92,73.92,29.90,74.34,73.53
75.77,75.77,45.92,75.65,72.30
74.71,74.71,61.87,71.47,72.13
73.14,73.14,70.18,77.72,71.12
76.26,76.26,81.55,72.64,72.91
76.33,76.33,82.06,74.67,73.50
78.11,78.11,80.40,75.22,75.09
78.90,78.90,76.75,72.98,73.42
79.85,79.85,67.91,76.93,75.01
77.40,77.40,50.66,75.50,75.69
77.45,77.45,43.61,71.55,72.83
77.11,77.11,48.85,77.78,71.30
79.32,79.32,58.78,72.39,70.94
78.61,78.61,67.54,77.63,72.42
77.57,77.57,80.21,74.43,72.64
77.19,77.19,82.58,69.62,72.80
76.67,76.67,80.58,76.52,71.42
76.61,76.61,76.82,72.68,74.59
75.92,75.92,66.16,74.93,75.28
76.77,76.77,52.54,76.03,72.88
76.37,76.37,53.74,73.78,73.13
75.78,75.78,51.02,75.79,72.45
74.39,74.39,50.86,76.18,72.40
76.27,76.27,54.61,73.16,71.31
77.29,77.29,61.38,76.33,76.42
76.29,76.29,54.82,72.68,78.95
74.07,74.07,50.07,75.71,78.48
73.24,73.24,45.12,76.83,78.90
77.06,77.06,43.01,72.95,78.60
76.09,76.09,42.29,75.46,81.25
77.28,77.28,47.39,73.66,81.27
77.04,77.04,53.68,75.54,80.54
76.17,76.17,56.69,75.11,79.84
75.63,75.63,60.10,72.84,80.22
78.01,78.01,62.36,74.05,80.31
74.31,74.31,58.13,76.18,79.89
73.35,73.35,53.45,74.16,77.13
74.58,74.58,47.16,73.74,78.13
72.32,72.32,39.04,73.56,77.99
71.74,71.74,34.94,75.11,79.33
69.35,69.35,30.07,78.11,77.26
69.64,69.64,34.01,70.88,73.70
70.07,70.07,44.22,75.33,76.39
70.81,70.81,49.88,73.15,74.06
82.52,82.52,59.89,80.00,77.10
83.87,83.87,57.47,75.56,76.83
84.26,84.26,55.06,74.59,76.50
84.72,84.72,61.15,70.53,76.67
85.70,85.70,59.09,74.91,77.24
85.18,85.18,49.17,77.66,74.83
83.59,83.59,49.32,74.64,76.71
82.89,82.89,50.45,74.30,76.41
83.59,83.59,53.63,77.10,77.80
81.99,81.99,54.96,74.72,78.90
84.49,84.49,62.11,77.46,78.42
84.41,84.41,57.11,72.91,79.07
84.08,84.08,52.26,72.04,78.92
82.78,82.78,44.76,78.82,78.76
85.31,85.31,39.29,74.81,81.03
85.23,85.23,38.41,76.44,79.13
82.04,82.04,41.90,74.26,80.41
81.25,81.25,52.27,74.41,79.43
81.27,81.27,61.60,78.93,79.74
81.14,81.14,70.02,71.30,79.12
80.97,80.97,83.27,73.90,80.37
81.58,81.58,76.00,73.38,78.25
84.96,84.96,66.76,74.29,77.60
83.78,83.78,66.91,77.54,74.98
82.76,82.76,65.16,73.90,77.16
82.99,82.99,59.79,74.80,78.98
84.06,84.06,65.84,77.71,78.64
82.97,82.97,69.45,74.90,77.79
82.31,82.31,70.81,78.97,76.84
82.52,82.52,71.27,74.16,77.45
78.70,78.70,71.88,75.02,79.24
83.67,83.67,69.70,79.20,75.66
81.81,81.81,71.15,76.32,78.21
83.35,83.35,71.68,77.95,79.56
82.74,82.74,69.58,75.90,78.87
82.76,82.76,63.30,77.63,77.85
82.53,82.53,54.27,79.91,74.24
82.60,82.60,48.52,74.82,75.06
80.61,80.61,47.46,77.71,75.20
77.51,77.51,54.75,78.61,74.66
78.21,78.21,55.92,79.14,74.90
81.56,81.56,55.36,80.02,75.94
82.75,82.75,51.96,77.64,79.32
81.26,81.26,53.17,78.47,79.56
81.42,81.42,52.17,80.01,78.59
80.59,80.59,50.12,80.26,79.31
82.87,82.87,45.64,78.46,79.68
82.44,82.44,43.43,78.07,78.05
80.94,80.94,47.00,79.23,77.93
80.78,80.78,51.79,80.14,76.34
82.07,82.07,57.93,79.37,76.36
81.55,81.55,51.24,77.34,78.83
81.86,81.86,45.02,77.28,73.87
82.57,82.57,42.17,79.05,76.15
82.73,82.73,40.05,80.02,75.02
81.91,81.91,38.36,78.34,74.58
83.11,83.11,34.98,76.73,76.80
82.96,82.96,36.40,78.05,74.10
82.26,82.26,37.72,80.41,77.00
85.26,85.26,42.67,80.02,74.13
83.33,83.33,48.46,77.07,77.61
82.96,82.96,45.48,79.19,72.38
86.35,86.35,42.66,78.48,78.21
84.19,84.19,41.36,78.31,77.31
83.24,83.24,39.10,77.85,78.70
83.73,83.73,38.30,76.96,77.90
83.00,83.00,37.49,79.17,77.99
83.44,83.44,34.72,79.62,77.16
84.00,84.00,37.77,78.52,77.77
84.27,84.27,40.97,78.24,77.62
84.55,84.55,48.14,78.51,78.17
84.31,84.31,44.88,77.75,74.48
83.84,83.84,38.29,81.20,71.03
84.16,84.16,35.70,75.87,74.64
84.92,84.92,31.40,79.25,74.79
83.16,83.16,31.62,77.65,76.32
83.59,83.59,32.37,77.23,77.48
84.04,84.04,37.08,80.58,73.48
83.46,83.46,44.30,76.82,76.14
82.03,82.03,52.18,80.76,76.11
84.33,84.33,63.22,78.71,76.57
85.11,85.11,57.55,77.65,79.53
83.95,83.95,48.34,78.81,77.25
83.71,83.71,39.86,77.63,76.68
81.75,81.75,32.83,77.28,79.05
81.78,81.78,29.69,81.96,79.73
80.47,80.47,30.95,76.84,76.78
82.55,82.55,39.92,80.14,80.26
83.36,83.36,50.05,77.57,76.66
82.41,82.41,57.52,77.63,79.63
80.53,80.53,68.79,82.36,80.49
81.68,81.68,62.19,76.32,78.71
83.78,83.78,52.54,80.68,79.63
83.31,83.31,43.39,77.89,78.78
82.66,82.66,37.35,76.81,77.59
82.20,82.20,32.80,80.71,77.71
82.23,82.23,35.76,77.30,74.58
82.53,82.53,50.99,78.55,77.02
81.75,81.75,63.18,81.07,72.18
81.03,81.03,67.19,77.96,70.86
78.23,78.23,83.13,79.22,74.23
78.77,78.77,74.32,77.23,76.83
79.62,79.62,64.18,77.18,78.87
79.68,79.68,53.45,81.39,79.54
82.00,82.00,51.16,76.79,76.86
79.47,79.47,41.80,79.78,74.45
78.47,78.47,40.56,78.97,73.51
77.51,77.51,37.33,78.16,70.91
77.34,77.34,47.63,79.89,74.69
79.13,79.13,56.68,77.53,74.29
78.32,78.32,67.29,80.99,73.12
78.70,78.70,62.32,79.64,75.40
79.36,79.36,51.46,78.17,72.73
79.93,79.93,45.68,79.35,74.71
76.33,76.33,38.15,77.72,73.60
74.94,74.94,32.02,80.22,73.67
76.00,76.00,33.17,81.04,71.27
77.46,77.46,41.17,78.24,74.76
79.08,79.08,54.38,79.57,74.66
78.86,78.86,62.15,78.01,78.03
77.98,77.98,73.84,76.69,74.12
78.03,78.03,67.27,78.95,76.27
80.31,80.31,63.03,76.87,80.85
79.18,79.18,57.79,78.53,80.80
78.35,78.35,56.32,79.06,79.15
78.91,78.91,51.71,77.52,78.53
77.50,77.50,48.52,78.10,80.22
77.62,77.62,50.21,76.25,83.89
74.55,74.55,57.10,79.42,83.76
75.47,75.47,61.19,80.40,84.30
74.71,74.71,74.33,74.79,83.28
74.81,74.81,66.94,78.31,78.54
75.08,75.08,57.34,76.29,76.94
74.45,74.45,51.86,78.22,82.30
74.36,74.36,43.28,79.94,78.76
76.02,76.02,39.61,76.14,82.75
75.46,75.46,39.40,77.70,81.75
76.52,76.52,36.55,75.99,80.76
78.31,78.31,38.10,73.60,79.03
78.27,78.27,40.34,67.21,77.17
79.51,79.51,49.05,61.14,82.78
78.90,78.90,46.49,71.10,77.12
79.03,79.03,46.14,76.84,78.64
78.37,78.37,33.99,79.99,76.37
76.95,76.95,29.54,74.92,78.99
77.40,77.40,25.65,74.84,80.37
78.06,78.06,24.93,74.27,81.86
75.69,75.69,30.98,77.95,77.70
76.17,76.17,37.52,78.88,77.51
74.98,74.98,44.79,79.03,77.79
78.45,78.45,49.93,74.94,79.90
79.03,79.03,51.90,75.95,77.08
80.67,80.67,51.66,77.56,76.84
76.03,76.03,49.03,77.29,79.60
77.62,77.62,46.48,79.02,76.46
82.46,82.46,44.50,76.71,77.06
83.95,83.95,39.82,76.90,75.80
78.74,78.74,35.75,76.28,79.68
77.89,77.89,33.92,79.39,78.69
81.77,81.77,35.61,80.34,77.28
85.07,85.07,42.09,79.31,75.50
86.56,86.56,44.58,76.81,74.76
84.23,84.23,44.41,78.00,72.90
84.15,84.15,38.58,78.86,75.11
85.27,85.27,35.65,78.65,73.69
84.99,84.99,32.04,79.42,72.35
84.23,84.23,32.08,79.10,74.39
84.94,84.94,34.19,77.26,72.64
82.63,82.63,33.15,75.46,77.63
83.24,83.24,35.12,77.62,77.10
82.51,82.51,40.15,78.32,74.38
83.94,83.94,36.53,77.48,78.36
83.52,83.52,36.28,75.68,75.53
83.53,83.53,34.84,76.22,76.71
82.73,82.73,33.87,76.62,75.83
84.44,84.44,32.32,77.08,73.53
84.94,84.94,36.33,78.93,75.60
84.96,84.96,36.40,78.62,71.42
83.43,83.43,35.83,77.11,73.49
84.45,84.45,36.39,76.76,72.91
84.97,84.97,37.53,79.00,72.02
85.57,85.57,35.25,79.28,70.96
84.84,84.84,35.57,78.42,72.70
85.97,85.97,33.65,76.54,67.84
86.23,86.23,28.64,77.98,71.51
85.88,85.88,25.37,77.67,72.18
84.56,84.56,24.12,77.97,70.27
84.56,84.56,32.29,78.01,72.79
84.79,84.79,34.86,77.45,72.90
83.01,83.01,39.23,77.50,71.25
84.33,84.33,39.66,77.03,74.40
83.53,83.53,37.05,78.11,74.06
82.54,82.54,36.45,77.86,72.12
78.34,78.34,36.85,76.74,74.61
77.09,77.09,37.77,76.10,75.11
77.42,77.42,32.04,78.41,75.70
74.10,74.10,29.32,78.14,77.27
75.72,75.72,27.17,77.80,75.81
77.02,77.02,29.76,76.95,74.71
77.30,77.30,36.63,76.64,71.58
79.55,79.55,43.59,77.23,74.78
82.84,82.84,46.21,75.08,73.89
82.97,82.97,46.31,76.48,71.10
85.14,85.14,38.97,75.75,70.94
85.44,85.44,38.06,75.13,68.45
82.69,82.69,35.67,73.80,72.96
82.67,82.67,33.85,74.95,71.18
82.22,82.22,30.97,75.30,73.28
82.39,82.39,26.26,74.60,71.73
82.31,82.31,29.22,71.51,71.39
82.99,82.99,34.85,71.27,73.32
82.03,82.03,32.43,72.70,76.41
81.56,81.56,30.96,73.10,75.96
82.83,82.83,32.03,73.41,70.68
81.60,81.60,34.26,70.19,71.30
81.70,81.70,35.45,68.52,72.74
82.07,82.07,31.77,66.22,74.44
77.23,77.23,34.80,71.44,76.72
77.09,77.09,37.58,70.78,73.57
78.21,78.21,44.46,67.13,72.08
79.08,79.08,52.80,68.19,75.61
81.73,81.73,55.19,65.81,74.20
81.46,81.46,51.49,70.90,76.21
86.44,86.44,46.85,73.74,76.95
88.36,88.36,42.97,72.91,76.26
84.95,84.95,37.70,70.94,77.22
84.56,84.56,37.60,73.06,73.77
84.42,84.42,38.55,70.49,76.96
84.95,84.95,35.76,71.85,74.74
84.68,84.68,36.18,74.01,74.75
86.72,86.72,37.40,74.98,78.19
86.47,86.47,40.04,71.96,73.50
86.89,86.89,36.87,74.55,72.59
86.60,86.60,32.65,74.13,74.09
86.83,86.83,34.43,75.27,74.34
86.54,86.54,34.57,76.20,76.80
87.14,87.14,31.88,72.82,75.53
86.88,86.88,27.90,75.93,75.12
86.00,86.00,28.03,74.74,73.59
85.90,85.90,29.23,76.36,75.05
84.66,84.66,28.23,75.63,75.44
85.85,85.85,27.60,76.50,77.60
82.35,82.35,28.42,75.98,74.76
83.25,83.25,25.49,77.45,78.45
83.37,83.37,20.34,77.06,79.38
84.32,84.32,18.95,76.59,78.25
83.83,83.83,19.04,77.27,80.26
83.00,83.00,27.91,76.06,77.12
83.36,83.36,35.76,77.76,77.80
81.79,81.79,33.81,77.14,77.31
83.02,83.02,33.52,76.76,77.13
82.94,82.94,32.48,76.42,77.48
82.09,82.09,27.41,74.08,77.55
83.71,83.71,28.79,76.77,77.53
83.36,83.36,30.07,79.02,76.79
82.34,82.34,32.91,78.86,78.47
83.37,83.37,34.93,74.84,77.94
83.29,83.29,38.87,78.03,74.08
82.80,82.80,35.27,74.74,73.93
79.33,79.33,35.01,77.14,76.61
78.64,78.64,36.05,77.35,74.64
78.62,78.62,32.83,77.40,75.46
81.06,81.06,32.95,75.98,75.79
79.29,79.29,28.63,74.09,75.19
82.19,82.19,23.54,75.21,74.90
81.40,81.40,21.55,78.71,74.24
79.96,79.96,23.84,78.64,73.97
79.75,79.75,25.82,73.06,75.07
78.49,78.49,29.45,75.52,75.10
84.21,84.21,30.77,75.30,73.40
83.15,83.15,29.07,78.28,75.29
82.82,82.82,26.95,77.51,73.87
82.62,82.62,25.02,76.03,74.42
78.62,78.62,27.10,76.59,73.57
81.15,81.15,24.40,74.79,74.81
80.99,80.99,27.83,77.57,73.75
78.15,78.15,30.97,79.33,74.29
76.23,76.23,33.29,77.77,74.42
78.79,78.79,33.71,75.12,76.64
84.59,84.59,32.51,76.65,75.75
83.47,83.47,30.09,79.38,77.37
82.50,82.50,26.60,76.94,77.29
82.96,82.96,25.90,79.39,76.39
78.30,78.30,27.12,76.92,75.63
82.05,82.05,29.35,78.18,76.67
82.89,82.89,31.51,77.74,76.25
79.84,79.84,31.38,79.02,77.09
77.49,77.49,29.11,80.26,77.32
76.07,76.07,28.81,78.27,77.53
78.28,78.28,31.03,77.12,75.37
77.70,77.70,29.04,78.13,74.93
73.90,73.90,26.42,77.84,74.82
74.83,74.83,25.92,78.19,75.38
78.17,78.17,25.21,79.47,73.07
78.29,78.29,24.87,76.42,73.69
79.82,79.82,25.34,77.61,73.03
80.45,80.45,28.81,76.36,72.66
78.91,78.91,32.09,78.29,72.94
79.73,79.73,32.42,79.65,72.68
79.92,79.92,32.63,77.03,73.88
81.74,81.74,32.92,76.48,77.78
80.24,80.24,30.57,78.07,79.61
81.10,81.10,30.05,77.34,76.03
81.51,81.51,29.56,78.48,77.87
82.32,82.32,28.02,77.76,77.85
80.47,80.47,26.49,75.83,77.28
78.29,78.29,23.43,78.22,76.27
76.61,76.61,22.12,75.51,77.89
74.80,74.80,21.08,77.38,75.56
73.43,73.43,20.81,78.47,76.68
72.98,72.98,21.79,76.42,75.60
75.05,75.05,22.90,76.55,73.26
73.10,73.10,25.37,77.46,78.94
71.16,71.16,22.60,76.18,74.05
71.77,71.77,19.12,76.76,76.80
74.03,74.03,18.93,76.73,77.26
73.83,73.83,17.61,74.50,75.15
74.36,74.36,20.96,77.12,76.35
72.28,72.28,25.15,74.91,74.07
69.91,69.91,32.17,74.93,77.37
71.25,71.25,40.95,76.79,76.19
85.53,85.53,42.38,72.34,76.12
87.55,87.55,40.08,74.78,73.58
88.42,88.42,33.10,74.16,77.07
87.26,87.26,31.30,73.57,80.33
85.42,85.42,28.82,75.95,78.84
84.33,84.33,26.56,72.72,76.67
85.53,85.53,27.78,71.54,73.81
84.14,84.14,28.74,74.72,74.91
78.73,78.73,25.17,72.29,79.24
82.30,82.30,23.13,70.55,78.06
83.21,83.21,23.50,73.23,75.70
83.17,83.17,30.78,69.13,71.40
83.33,83.33,37.26,72.21,74.26
83.57,83.57,33.14,74.21,75.70
82.85,82.85,35.48,69.81,73.04
79.87,79.87,38.24,71.48,72.65
79.23,79.23,43.25,72.08,74.00
78.40,78.40,33.25,71.91,75.48
78.00,78.00,42.55,74.10,76.48
78.65,78.65,25.82,73.29,77.84
82.12,82.12,21.11,70.60,78.40
82.28,82.28,26.12,73.70,75.19
86.00,86.00,28.77,73.88,77.27
86.92,86.92,26.26,75.16,77.79
86.48,86.48,25.35,75.59,80.80
83.68,83.68,20.17,74.20,80.71
84.59,84.59,21.61,75.94,80.94
85.45,85.45,21.59,74.29,79.30
86.96,86.96,31.58,75.47,72.38
78.27,78.27,34.45,75.27,72.92
81.15,81.15,34.02,75.83,72.53
82.05,82.05,28.72,74.69,75.13
83.39,83.39,34.24,74.98,71.54
83.76,83.76,34.70,75.91,73.14
81.20,81.20,29.18,74.79,75.40
79.71,79.71,23.84,76.00,72.63
82.88,82.88,22.52,75.36,71.49
84.59,84.59,19.62,76.17,71.93
80.06,80.06,21.58,75.55,71.67
79.44,79.44,24.95,76.36,73.09
81.10,81.10,28.05,76.72,76.04
85.72,85.72,27.49,76.13,75.06
83.73,83.73,31.64,75.17,74.93
84.98,84.98,30.59,75.29,79.31
83.75,83.75,33.14,75.87,76.31
80.73,80.73,37.85,75.38,76.82
79.66,79.66,32.19,76.23,76.92
78.16,78.16,28.95,76.21,76.21
76.37,76.37,28.18,76.25,76.97
73.83,73.83,35.23,76.49,76.64
74.61,74.61,39.75,76.67,78.02
83.88,83.88,40.21,76.29,78.68
84.85,84.85,36.26,76.70,76.67
83.96,83.96,38.06,76.03,79.21
82.63,82.63,36.77,74.85,74.85
78.88,78.88,34.03,75.67,77.75
71.11,71.11,31.31,73.13,78.10
74.44,74.44,29.13,74.54,76.68
74.94,74.94,32.79,75.69,77.10
76.51,76.51,36.66,75.12,74.47
77.94,77.94,36.13,74.27,75.85
78.19,78.19,31.90,72.18,76.82
80.93,80.93,28.75,73.00,73.59
86.36,86.36,32.85,71.67,73.27
84.92,84.92,37.27,73.57,69.25
86.93,86.93,40.42,72.82,69.65
87.65,87.65,35.01,72.95,72.49
87.37,87.37,33.69,72.32,69.04
86.40,86.40,34.04,73.84,68.19
85.88,85.88,37.42,73.83,72.41
85.95,85.95,41.11,74.27,72.23
87.21,87.21,43.41,74.19,69.89
86.20,86.20,42.63,71.94,77.55
86.83,86.83,40.42,76.46,73.30
86.49,86.49,35.67,73.46,75.88
85.29,85.29,37.16,73.80,76.93
83.92,83.92,39.91,71.76,76.39
85.61,85.61,42.15,73.71,80.66
87.64,87.64,41.31,74.37,76.19
84.95,84.95,42.18,74.85,78.72
86.67,86.67,40.87,71.36,77.58
85.21,85.21,38.93,74.09,81.10
86.33,86.33,38.62,73.22,79.99
83.56,83.56,37.35,71.06,79.81
83.88,83.88,39.22,75.92,79.16
84.38,84.38,42.46,72.67,78.78
83.80,83.80,43.24,74.51,80.77
83.16,83.16,41.94,72.38,78.17
82.89,82.89,43.95,71.79,80.13
83.42,83.42,41.67,73.21,76.65
83.16,83.16,42.28,75.68,76.21
83.19,83.19,42.65,72.47,73.15
82.52,82.52,45.93,73.51,74.20
83.27,83.27,48.59,72.84,75.73
84.82,84.82,51.05,73.10,75.36
83.34,83.34,52.27,75.54,75.97
82.82,82.82,61.79,73.37,75.67
82.37,82.37,73.39,71.93,74.09
81.95,81.95,76.18,64.09,71.97
78.40,78.40,90.74,50.35,69.51
79.25,79.25,86.91,47.66,68.31
80.25,80.25,82.99,38.90,74.74
81.18,81.18,76.98,33.43,74.46
82.56,82.56,72.28,31.82,75.32
80.68,80.68,70.89,27.23,76.59
79.94,79.94,69.89,31.27,77.09
80.92,80.92,67.36,24.41,77.39
80.74,80.74,63.89,23.20,76.39
80.48,80.48,61.03,23.52,76.80
82.43,82.43,57.64,32.43,78.30
81.49,81.49,54.86,30.30,76.96
82.17,82.17,47.04,29.21,77.76
80.84,80.84,45.72,27.15,77.11
79.92,79.92,44.46,29.76,74.80
82.18,82.18,41.18,28.09,77.10
82.07,82.07,41.03,27.72,79.39
83.73,83.73,44.20,29.27,78.04
81.72,81.72,48.80,28.44,79.74
82.54,82.54,56.69,24.56,79.55
81.37,81.37,73.41,24.14,79.93
82.25,82.25,70.21,25.21,81.17
82.11,82.11,72.03,23.94,82.40
82.91,82.91,71.04,8.25,81.25
82.98,82.98,67.12,7.09,80.61
81.87,81.87,73.71,9.47,82.64
81.89,81.89,73.24,11.51,82.33
85.82,85.82,73.26,11.41,82.45
86.15,86.15,76.10,12.38,83.50
85.66,85.66,70.66,25.59,82.75
84.34,84.34,70.52,28.95,83.06
83.93,83.93,73.21,11.27,83.65
84.02,84.02,66.36,14.23,82.73
84.61,84.61,58.35,20.82,81.92
83.97,83.97,61.29,29.99,82.24
83.97,83.97,60.10,33.61,81.80
82.89,82.89,63.87,37.01,81.90
84.18,84.18,61.96,34.50,81.30
84.22,84.22,73.48,36.34,75.63
84.86,84.86,74.08,43.03,69.88
83.89,83.89,87.35,51.77,73.14
84.28,84.28,86.98,50.31,72.22
83.76,83.76,89.36,55.78,77.31
83.38,83.38,88.12,57.93,78.52
83.84,83.84,88.52,65.12,78.17
84.30,84.30,80.11,64.52,76.80
83.68,83.68,89.58,60.55,79.89
84.25,84.25,81.90,59.19,79.60
84.58,84.58,86.89,62.93,79.21
84.41,84.41,86.50,68.53,78.00
85.32,85.32,76.90,65.07,79.74
86.63,86.63,82.77,65.67,78.38
85.34,85.34,81.80,64.55,78.41
85.47,85.47,83.25,68.79,80.29
83.97,83.97,73.17,73.74,79.61
85.64,85.64,86.42,72.94,79.49
84.97,84.97,82.77,70.99,77.62
84.64,84.64,87.67,70.00,76.35
84.39,84.39,69.68,67.89,79.33
84.66,84.66,83.49,69.01,76.92
84.97,84.97,76.33,72.15,80.38
86.86,86.86,76.48,71.34,80.52
83.67,83.67,72.74,69.58,81.89
83.46,83.46,74.87,78.07,78.82
85.27,85.27,64.62,72.23,81.38
84.66,84.66,69.51,74.62,80.76
83.95,83.95,69.07,73.49,79.17
84.80,84.80,67.31,76.87,79.53
86.20,86.20,60.01,73.79,81.95
87.27,87.27,64.87,75.64,79.53
86.18,86.18,66.95,67.31,78.65
85.68,85.68,66.09,74.61,81.58
84.38,84.38,68.05,74.75,81.32
85.39,85.39,66.75,76.12,80.47
84.83,84.83,61.29,79.22,79.95
82.53,82.53,61.14,72.47,80.56
82.75,82.75,62.99,76.46,81.87
84.64,84.64,61.99,74.43,79.66
84.46,84.46,71.90,70.07,80.39
86.28,86.28,76.44,72.97,79.24
84.65,84.65,88.99,69.12,76.61
84.03,84.03,83.17,71.34,76.40
83.62,83.62,78.46,71.67,78.85
83.78,83.78,79.46,69.33,78.61
82.00,82.00,74.71,73.45,77.61
78.24,78.24,66.24,71.73,75.50
80.97,80.97,69.50,67.52,77.32
76.52,76.52,70.16,71.99,76.35
82.95,82.95,67.63,71.40,76.63
86.24,86.24,59.42,71.21,74.97
82.75,82.75,66.08,74.82,75.52
80.53,80.53,64.78,78.02,74.16
78.31,78.31,72.73,72.74,75.41
78.14,78.14,70.24,77.68,78.21
80.46,80.46,71.61,79.79,77.75
82.32,82.32,58.99,76.93,76.83
80.16,80.16,64.46,78.69,80.08
80.09,80.09,68.85,80.27,78.66
81.17,81.17,71.25,75.16,76.92
78.46,78.46,74.72,72.29,74.50
79.27,79.27,90.46,68.12,75.38
83.52,83.52,84.80,59.84,74.05
81.70,81.70,89.15,65.21,75.10
81.22,81.22,88.90,68.01,76.78
84.25,84.25,89.09,66.62,78.48
84.63,84.63,83.03,70.26,77.72
84.52,84.52,87.41,70.74,78.71
81.94,81.94,86.85,70.52,78.50
79.84,79.84,81.19,69.07,79.39
79.13,79.13,75.79,69.42,78.51
78.92,78.92,88.54,70.15,77.67
77.83,77.83,87.31,65.80,79.98
81.74,81.74,89.53,71.01,79.26
82.74,82.74,78.91,70.10,77.75
81.39,81.39,90.71,68.61,77.17
82.49,82.49,86.05,68.42,77.36
80.16,80.16,85.69,68.04,77.26
82.31,82.31,80.16,66.08,76.15
81.69,81.69,83.31,75.21,78.15
83.00,83.00,71.16,70.46,77.77
79.70,79.70,67.95,69.65,80.02
82.17,82.17,68.58,76.28,80.66
84.37,84.37,64.13,71.15,80.95
89.21,89.21,69.98,71.52,81.17
87.51,87.51,61.05,72.97,78.85
87.62,87.62,55.56,76.85,78.40
88.23,88.23,60.32,76.01,76.06
87.32,87.32,66.12,75.36,76.55
87.53,87.53,65.56,75.23,77.89
89.36,89.36,68.85,77.68,73.67
87.82,87.82,66.76,75.89,77.22
70.96,70.96,61.06,74.19,75.46
72.19,72.19,52.85,76.15,78.49
78.98,78.98,52.47,76.28,77.96
83.14,83.14,56.98,80.17,77.62
77.25,77.25,60.07,72.81,78.04
85.56,85.56,59.45,71.46,75.25
86.10,86.10,57.63,78.29,77.59
81.87,81.87,55.54,70.19,75.60
81.33,81.33,62.37,78.76,76.39
83.55,83.55,66.76,75.77,73.58
81.02,81.02,66.78,72.91,77.80
83.18,83.18,63.01,75.21,79.44
85.08,85.08,58.69,73.06,81.74
83.57,83.57,53.05,75.64,81.04
82.56,82.56,49.87,78.00,80.26
83.35,83.35,51.65,72.05,79.66
83.02,83.02,54.81,75.78,79.79
83.31,83.31,59.24,76.11,80.53
84.70,84.70,61.66,79.06,78.19
86.31,86.31,63.27,76.69,78.83
84.49,84.49,60.99,74.25,77.84
81.53,81.53,56.70,77.37,77.14
81.18,81.18,51.77,64.31,78.60
81.65,81.65,46.53,71.48,77.26
85.91,85.91,44.29,71.38,77.28
84.77,84.77,43.91,69.37,76.41
85.31,85.31,58.08,77.71,76.60
82.96,82.96,65.12,75.08,76.61
83.86,83.86,77.04,71.01,78.95
82.74,82.74,87.77,65.20,77.38
82.42,82.42,84.23,69.15,73.21
82.01,82.01,83.54,68.82,75.41
83.41,83.41,77.57,74.87,78.31
83.27,83.27,69.21,75.92,77.08
83.79,83.79,68.95,75.83,77.25
84.23,84.23,66.80,77.65,75.67
83.01,83.01,61.34,75.28,73.37
83.56,83.56,62.55,67.43,72.57
83.07,83.07,59.31,75.10,74.57
70.85,70.85,57.84,71.03,75.57
72.76,72.76,56.17,69.95,78.91
70.64,70.64,52.68,75.59,76.71
70.41,70.41,48.69,73.10,74.66
65.48,65.48,52.96,74.52,75.27
72.39,72.39,50.63,73.14,75.82
75.91,75.91,45.46,76.77,74.51
76.54,76.54,44.86,74.20,75.89
76.21,76.21,51.09,66.73,74.63
79.44,79.44,59.02,75.30,72.75
81.70,81.70,73.09,68.19,79.07
85.07,85.07,79.95,70.90,80.38
85.84,85.84,77.58,72.86,80.76
88.79,88.79,74.80,72.91,79.60
87.67,87.67,68.07,73.26,80.61
88.14,88.14,59.33,70.43,81.58
88.01,88.01,44.14,69.74,80.49
88.53,88.53,47.05,72.00,80.08
88.47,88.47,56.45,68.32,78.16
88.31,88.31,62.98,69.40,77.10
88.59,88.59,75.17,69.22,75.89
88.80,88.80,82.53,61.76,78.34
88.14,88.14,81.61,71.03,78.48
84.96,84.96,80.06,71.27,78.09
79.99,79.99,72.86,74.85,80.54
81.88,81.88,63.95,72.35,76.18
83.58,83.58,62.74,73.25,77.05
86.89,86.89,54.73,73.61,78.48
86.15,86.15,60.48,72.78,76.04
86.39,86.39,70.61,59.00,76.36
83.75,83.75,88.01,70.46,79.23
81.85,81.85,87.62,69.19,74.49
81.70,81.70,88.61,67.63,76.07
80.98,80.98,90.58,65.70,77.85
75.58,75.58,89.50,60.93,76.50
76.43,76.43,88.01,67.11,79.08
75.69,75.69,83.31,61.52,79.66
75.47,75.47,85.52,61.90,78.15
76.18,76.18,82.51,67.23,78.31
74.23,74.23,84.34,67.45,79.47
74.12,74.12,87.19,71.48,79.60
74.80,74.80,93.23,68.42,75.55
74.74,74.74,76.52,72.49,76.11
79.27,79.27,88.60,71.15,79.24
82.34,82.34,76.86,70.68,78.18
81.60,81.60,74.47,73.27,78.74
75.03,75.03,80.02,73.33,76.10
75.70,75.70,91.62,71.25,76.11
82.58,82.58,77.72,70.26,76.54
83.79,83.79,79.39,72.84,75.66
79.75,79.75,74.44,76.65,74.40
78.67,78.67,70.44,72.36,76.50
77.14,77.14,67.99,72.29,80.37
77.91,77.91,61.59,73.83,82.53
78.77,78.77,59.18,76.42,80.85
80.05,80.05,67.64,69.37,79.75
80.63,80.63,67.76,76.89,78.54
77.04,77.04,66.66,70.38,79.68
75.75,75.75,53.45,74.49,80.28
81.78,81.78,57.52,77.06,80.56
81.84,81.84,68.63,75.25,79.75
79.59,79.59,65.90,75.81,80.23
75.60,75.60,66.12,76.19,78.60
75.10,75.10,63.29,78.41,77.57
78.28,78.28,57.67,76.22,79.23
74.00,74.00,51.29,76.33,79.66
73.21,73.21,54.78,77.24,83.19
74.07,74.07,62.58,77.36,79.97
75.64,75.64,68.64,78.77,81.62
71.98,71.98,77.61,73.35,81.86
69.09,69.09,87.75,69.88,77.89
72.01,72.01,83.34,71.77,77.61
73.89,73.89,83.19,70.51,78.42
74.04,74.04,74.37,71.27,76.19
74.51,74.51,66.65,70.00,77.53
73.68,73.68,69.63,69.90,79.43
76.15,76.15,67.64,69.79,80.51
77.59,77.59,62.88,73.75,79.96
75.78,75.78,62.61,73.35,80.72
74.51,74.51,62.86,73.49,79.03
75.21,75.21,61.15,72.59,79.50
77.75,77.75,59.35,71.52,80.95
78.20,78.20,54.14,77.33,81.73
80.01,80.01,49.89,73.82,82.39
79.08,79.08,47.55,75.28,80.77
79.75,79.75,44.47,71.99,79.54
79.36,79.36,46.05,75.02,80.48
78.60,78.60,55.24,77.13,82.33
76.67,76.67,67.58,75.85,78.63
77.50,77.50,74.00,75.93,76.20
77.87,77.87,90.07,71.99,78.31
79.93,79.93,87.33,73.27,78.68
80.53,80.53,88.13,68.19,78.41
78.38,78.38,90.12,62.43,80.27
77.75,77.75,88.40,60.81,82.00
78.18,78.18,81.25,62.84,77.97
79.09,79.09,86.24,62.29,79.67
78.79,78.79,89.16,65.58,77.66
76.48,76.48,88.64,63.60,77.91
82.35,82.35,82.79,64.10,79.02
83.93,83.93,71.41,68.57,78.06
83.09,83.09,82.50,68.63,78.52
80.96,80.96,89.86,71.73,78.05
78.51,78.51,79.41,76.57,80.02
77.31,77.31,86.90,71.44,81.37
78.59,78.59,89.03,71.59,77.88
80.33,80.33,74.95,71.68,76.83
79.31,79.31,84.61,73.32,79.70
79.12,79.12,78.93,74.22,78.64
77.89,77.89,60.42,73.82,77.91
80.44,80.44,50.65,70.41,78.86
85.65,85.65,46.52,71.29,79.55
87.37,87.37,60.15,72.96,78.67
90.87,90.87,66.02,68.52,76.70
90.58,90.58,69.48,72.97,76.43
90.28,90.28,64.08,71.67,76.61
90.06,90.06,47.77,75.05,77.70
89.93,89.93,59.42,73.87,76.88
89.70,89.70,62.01,65.89,76.25
90.33,90.33,61.37,70.84,75.67
88.57,88.57,58.64,71.19,75.23
78.47,78.47,51.90,75.05,74.96
76.72,76.72,44.01,72.68,75.07
80.63,80.63,50.50,66.82,78.23
85.25,85.25,55.32,71.96,77.32
87.20,87.20,55.25,66.48,80.46
86.85,86.85,51.58,75.22,77.29
88.67,88.67,44.49,72.73,79.18
88.28,88.28,43.06,73.11,78.21
87.30,87.30,54.20,76.64,79.29
84.65,84.65,59.44,78.15,78.43
84.22,84.22,56.43,74.39,81.82
88.29,88.29,52.09,73.40,80.46
85.96,85.96,49.57,75.47,78.19
85.91,85.91,47.39,73.96,81.73
86.89,86.89,43.12,79.85,78.33
86.27,86.27,40.69,76.45,77.65
85.59,85.59,40.75,76.46,81.70
87.59,87.59,41.74,78.48,79.33
84.73,84.73,44.53,75.22,78.20
86.11,86.11,49.59,79.68,80.24
86.27,86.27,47.94,77.74,78.94
85.08,85.08,43.38,76.90,77.68
87.34,87.34,36.16,79.40,75.57
86.81,86.81,33.82,73.44,79.98
85.10,85.10,34.14,78.04,79.32
86.06,86.06,47.14,76.38,76.77
86.74,86.74,64.28,74.51,75.85
85.28,85.28,66.47,78.53,72.16
84.95,84.95,76.58,69.87,74.05
83.33,83.33,88.04,73.60,73.66
83.71,83.71,83.26,72.71,78.52
84.44,84.44,80.42,70.34,81.22
86.45,86.45,78.02,77.00,83.19
87.67,87.67,71.58,72.51,76.97
86.97,86.97,63.92,76.83,75.09
85.53,85.53,66.04,74.51,74.95
85.23,85.23,68.86,70.07,74.41
84.14,84.14,58.75,77.40,81.06
84.62,84.62,59.20,71.83,73.13
85.88,85.88,68.90,77.87,73.03
87.71,87.71,67.36,76.31,77.91
88.26,88.26,58.83,73.00,73.61
84.11,84.11,53.86,75.54,74.66
77.82,77.82,50.87,73.50,75.13
76.42,76.42,48.03,75.55,76.91
75.54,75.54,42.05,76.48,76.43
75.42,75.42,44.12,71.85,80.05
75.31,75.31,51.11,72.86,79.60
76.36,76.36,60.06,74.06,82.37
76.40,76.40,67.86,75.74,79.29
79.33,79.33,70.61,74.74,82.55
85.38,85.38,67.06,70.80,82.54
89.40,89.40,62.52,75.91,80.28
88.53,88.53,60.11,74.59,79.67
87.68,87.68,63.17,73.55,79.91
88.91,88.91,62.74,71.61,81.15
89.39,89.39,59.77,74.67,80.17
87.88,87.88,63.04,74.39,80.67
88.55,88.55,63.47,80.05,82.09
88.68,88.68,67.42,74.19,79.35
87.92,87.92,68.31,77.76,81.79
88.32,88.32,63.84,68.39,77.45
86.84,86.84,59.48,67.77,80.48
81.05,81.05,56.02,75.79,81.72
81.38,81.38,54.47,71.79,81.51
81.43,81.43,51.52,76.21,79.16
81.59,81.59,61.44,76.06,80.25
81.68,81.68,67.12,71.27,76.03
81.21,81.21,75.44,72.29,75.84
81.22,81.22,88.86,70.14,79.23
82.09,82.09,86.23,66.13,75.38
82.37,82.37,88.45,63.14,81.72
81.65,81.65,88.86,63.87,82.75
80.22,80.22,90.94,62.46,78.80
78.38,78.38,88.59,63.43,79.09
75.76,75.76,83.66,62.76,82.90
70.89,70.89,84.42,66.67,80.67
71.59,71.59,86.66,70.55,80.47
72.73,72.73,80.01,70.13,80.68
75.32,75.32,88.69,70.05,79.69
73.80,73.80,76.84,71.14,79.56
69.36,69.36,91.15,72.48,80.31
78.35,78.35,72.83,71.33,83.10
84.01,84.01,75.37,70.57,80.25
83.26,83.26,90.03,71.93,77.92
79.06,79.06,86.75,77.04,79.48
77.23,77.23,86.46,71.51,80.79
77.39,77.39,80.41,71.35,78.81
76.50,76.50,77.12,74.82,80.37
76.19,76.19,69.07,73.52,78.12
76.94,76.94,66.59,74.28,77.72
76.99,76.99,61.94,70.67,81.76
72.21,72.21,55.36,73.94,76.99
75.63,75.63,46.25,75.22,80.99
75.49,75.49,40.81,73.80,81.29
71.14,71.14,38.89,72.12,80.25
72.28,72.28,37.56,76.37,79.30
71.89,71.89,49.96,74.32,76.23
76.14,76.14,59.08,71.86,78.76
78.05,78.05,69.67,73.88,80.88
79.79,79.79,63.40,72.43,76.97
81.17,81.17,55.58,75.74,76.54
77.41,77.41,48.94,77.33,76.80
77.36,77.36,54.73,72.05,75.94
78.11,78.11,37.88,75.06,79.95
78.32,78.32,50.15,75.07,78.16
76.93,76.93,58.95,76.91,79.00
74.63,74.63,71.13,76.41,76.98
73.38,73.38,78.43,74.49,76.43
67.30,67.30,90.45,73.08,74.22
75.14,75.14,87.84,71.82,73.20
81.61,81.61,81.42,70.07,76.87
83.25,83.25,77.25,71.06,74.28
83.86,83.86,75.34,72.65,76.74
83.35,83.35,69.68,70.34,78.86
79.29,79.29,68.69,75.71,77.61
75.10,75.10,67.50,73.67,76.84
70.94,70.94,64.75,70.75,75.36
74.94,74.94,59.92,68.75,75.58
73.81,73.81,61.07,69.42,74.96
76.01,76.01,59.46,74.33,77.05
77.05,77.05,48.29,72.06,77.57
75.00,75.00,41.51,67.00,78.58
65.91,65.91,37.51,69.89,78.49
62.89,62.89,37.39,68.40,74.14
66.83,66.83,45.05,69.66,76.36
71.74,71.74,59.64,72.27,78.92
75.04,75.04,69.25,71.71,78.12
76.33,76.33,78.28,72.31,74.93
77.12,77.12,87.76,66.79,79.96
82.42,82.42,86.13,61.04,78.18
85.30,85.30,87.66,57.00,81.46
81.52,81.52,89.86,56.94,79.77
79.85,79.85,90.30,56.12,81.26
80.93,80.93,91.77,60.00,82.06
82.00,82.00,83.15,59.14,84.25
81.73,81.73,81.12,62.45,81.88
81.00,81.00,83.60,68.73,80.70
73.69,73.69,85.54,65.43,78.60
85.60,85.60,77.08,66.90,76.95
87.53,87.53,80.30,68.17,79.58
84.82,84.82,82.31,70.76,77.27
79.71,79.71,87.73,70.23,78.49
78.82,78.82,87.86,68.20,78.94
77.81,77.81,85.55,70.28,77.93
78.76,78.76,82.51,67.16,81.81
77.65,77.65,72.30,67.89,80.87
78.53,78.53,73.87,66.72,82.25
78.24,78.24,72.72,64.27,81.61
77.26,77.26,63.39,64.02,80.40
76.97,76.97,54.07,64.35,81.91
84.78,84.78,50.68,59.38,83.12
85.67,85.67,53.84,64.56,82.15
88.28,88.28,61.86,64.26,82.67
88.54,88.54,64.83,68.38,82.22
86.28,86.28,64.99,67.66,81.56
86.08,86.08,57.64,65.77,81.96
84.35,84.35,48.38,72.31,79.56
80.85,80.85,52.99,70.90,79.76
80.12,80.12,57.57,70.26,80.29
83.09,83.09,52.37,70.93,77.86
83.24,83.24,54.83,72.29,80.48
75.04,75.04,53.73,72.74,80.37
74.76,74.76,44.10,72.99,78.83
82.48,82.48,41.99,73.40,77.80
78.08,78.08,41.86,71.99,77.60
80.91,80.91,41.00,73.17,76.59
84.75,84.75,44.58,74.07,78.38
80.19,80.19,50.02,74.97,80.76
83.07,83.07,53.85,75.09,80.16
84.03,84.03,52.95,71.02,80.57
85.02,85.02,48.60,72.97,81.65
89.08,89.08,47.91,74.35,82.90
85.08,85.08,42.62,73.25,82.40
84.81,84.81,38.74,73.09,82.19
85.87,85.87,38.30,71.48,80.19
85.59,85.59,42.38,71.87,81.46
85.85,85.85,47.66,73.09,81.88
86.26,86.26,51.44,67.05,80.18
86.80,86.80,57.55,68.92,78.23
88.63,88.63,55.27,71.30,81.08
87.63,87.63,48.55,67.59,80.12
87.07,87.07,43.12,69.36,79.68
86.35,86.35,37.83,69.81,78.18
82.96,82.96,37.43,66.38,82.07
83.62,83.62,45.15,68.34,77.02
82.88,82.88,58.82,67.10,71.45
84.34,84.34,69.33,65.69,72.27
83.87,83.87,72.32,67.91,74.51
81.67,81.67,89.39,62.41,72.36
82.50,82.50,84.97,64.40,70.06
82.30,82.30,81.69,62.06,73.09
82.42,82.42,77.43,66.35,71.61
83.29,83.29,72.86,66.47,72.32
82.91,82.91,68.13,63.79,75.26
84.40,84.40,67.04,66.69,74.14
84.15,84.15,67.27,68.40,72.82
84.77,84.77,64.33,66.71,71.69
85.46,85.46,61.45,69.80,71.48
85.97,85.97,60.49,67.59,72.26
86.02,86.02,59.16,69.74,75.43
85.18,85.18,50.76,64.87,77.56
86.31,86.31,45.35,69.58,77.01
86.13,86.13,42.20,71.66,77.13
84.55,84.55,40.58,67.40,76.72
84.55,84.55,40.03,70.31,73.56
85.49,85.49,44.99,69.78,71.42
85.42,85.42,50.81,73.58,69.37
84.44,84.44,64.59,68.76,70.69
84.66,84.66,74.08,71.52,78.86
84.78,84.78,76.28,70.31,81.02
88.43,88.43,72.54,70.92,81.83
88.86,88.86,67.15,71.15,81.79
85.61,85.61,62.65,72.34,81.97
86.65,86.65,55.40,73.72,79.85
86.83,86.83,45.18,72.92,80.33
87.87,87.87,51.74,74.64,76.57
88.34,88.34,58.36,73.00,80.98
88.01,88.01,62.66,77.16,78.30
87.94,87.94,75.89,74.25,79.42
88.24,88.24,81.99,73.42,78.15
87.73,87.73,80.14,72.55,77.00
82.03,82.03,75.91,76.10,78.87
78.27,78.27,69.17,75.60,78.21
79.01,79.01,62.90,74.97,79.51
83.86,83.86,54.54,76.28,77.60
82.98,82.98,56.11,75.72,76.51
81.72,81.72,64.01,77.08,77.45
83.16,83.16,71.46,73.14,75.60
81.38,81.38,88.35,71.22,74.85
77.97,77.97,88.78,69.96,74.72
77.74,77.74,89.82,61.29,73.48
78.99,78.99,90.41,62.92,72.83
79.00,79.00,86.35,62.18,72.81
76.62,76.62,90.56,62.81,74.34
74.91,74.91,93.01,63.79,75.26
77.61,77.61,79.56,67.05,75.71
77.38,77.38,81.48,69.66,77.12
76.45,76.45,68.06,72.28,78.05
78.49,78.49,82.81,67.46,77.10
80.90,80.90,86.36,73.10,80.91
80.33,80.33,91.28,72.38,75.73
77.42,77.42,82.74,74.60,78.39
78.06,78.06,91.61,72.95,80.66
76.17,76.17,85.91,74.06,76.63
75.63,75.63,83.54,68.50,80.16
78.21,78.21,86.35,71.99,72.78
80.26,80.26,83.20,71.70,72.22
79.16,79.16,76.35,69.49,74.52
75.57,75.57,69.93,71.49,75.83
74.27,74.27,68.02,68.68,77.63
72.72,72.72,63.34,69.38,78.03
77.39,77.39,61.10,71.77,82.00
74.21,74.21,54.39,69.03,81.51
74.12,74.12,56.70,65.60,77.26
75.06,75.06,62.84,66.35,77.33
73.30,73.30,65.65,68.04,78.09
73.65,73.65,64.59,70.43,77.04
73.93,73.93,63.29,71.10,78.05
73.07,73.07,67.97,66.74,78.72
72.91,72.91,66.73,68.61,77.86
73.17,73.17,65.13,69.38,79.21
73.79,73.79,63.56,69.24,79.19
72.81,72.81,59.69,70.62,77.02
73.36,73.36,56.77,66.40,76.73
70.99,70.99,56.38,66.08,77.39
70.72,70.72,57.79,69.82,75.38
67.32,67.32,67.99,68.57,75.78
70.45,70.45,74.98,70.28,78.42
66.90,66.90,86.90,70.38,80.33
61.94,61.94,85.17,67.21,74.32
63.44,63.44,81.78,69.01,80.25
63.32,63.32,75.94,64.93,79.56
65.96,65.96,72.96,66.05,80.47
67.11,67.11,69.30,70.18,78.43
63.14,63.14,66.77,69.15,82.34
63.58,63.58,65.26,73.22,79.40
64.98,64.98,62.44,70.72,78.42
71.79,71.79,57.56,70.98,79.89
82.37,82.37,56.67,73.04,79.34
84.79,84.79,55.42,74.38,80.61
83.93,83.93,52.64,72.85,80.85
84.05,84.05,51.60,75.72,81.10
80.36,80.36,49.41,74.37,77.41
71.80,71.80,43.79,75.20,78.33
69.84,69.84,47.22,74.68,74.99
67.99,67.99,57.35,75.02,77.11
69.41,69.41,64.21,75.21,74.34
70.53,70.53,71.94,74.74,74.92
72.90,72.90,89.03,71.71,74.08
75.06,75.06,87.12,71.14,77.72
85.06,85.06,86.28,64.74,74.95
78.34,78.34,91.30,58.03,76.69
72.69,72.69,90.17,58.97,77.38
69.53,69.53,88.13,59.34,77.10
72.33,72.33,82.45,67.40,83.73
70.99,70.99,88.52,68.13,79.64
73.36,73.36,92.07,71.10,78.25
73.27,73.27,86.60,69.51,79.38
78.52,78.52,88.86,72.41,77.79
81.29,81.29,88.36,70.23,81.24
81.63,81.63,76.95,72.43,79.12
83.63,83.63,85.42,72.58,79.91
80.75,80.75,87.15,73.87,79.10
82.99,82.99,82.30,74.26,79.68
80.32,80.32,90.22,70.87,79.53
81.08,81.08,79.61,73.22,78.75
82.20,82.20,86.54,73.41,77.61
83.76,83.76,79.17,74.89,78.69
86.60,86.60,79.64,72.73,77.74
85.71,85.71,70.09,69.25,78.49
82.32,82.32,48.66,70.97,80.66
84.42,84.42,38.42,72.94,77.78
86.10,86.10,47.64,72.29,79.39
86.05,86.05,61.01,69.59,78.98
87.08,87.08,62.03,70.15,77.81
78.60,78.60,60.72,69.60,75.71
76.61,76.61,56.64,72.80,77.68
76.92,76.92,53.30,70.91,78.71
84.76,84.76,58.64,72.29,79.11
85.76,85.76,59.21,71.92,77.56
84.05,84.05,52.73,70.09,77.30
84.45,84.45,46.98,68.50,78.72
85.43,85.43,50.29,63.94,77.04
80.01,80.01,41.39,67.34,77.46
84.47,84.47,37.23,67.61,80.82
77.00,77.00,41.67,71.40,78.47
74.59,74.59,48.57,69.76,79.65
80.89,80.89,59.56,70.40,81.07
82.92,82.92,68.40,69.24,81.43
86.67,86.67,67.90,69.29,81.57
85.60,85.60,61.04,67.41,82.48
85.97,85.97,56.24,71.98,80.39
86.09,86.09,53.63,69.07,80.66
86.17,86.17,46.98,68.40,79.08
86.26,86.26,46.05,67.59,83.58
86.75,86.75,42.77,69.91,79.07
85.63,85.63,45.21,69.49,81.43
86.74,86.74,49.51,67.91,81.48
84.98,84.98,56.48,67.30,81.45
75.60,75.60,51.62,69.58,83.08
76.81,76.81,40.34,68.92,80.93
78.24,78.24,32.72,69.87,81.36
78.33,78.33,32.08,70.61,79.85
80.97,80.97,38.07,69.57,79.11
81.47,81.47,47.28,70.43,77.56
79.49,79.49,59.42,70.39,76.31
79.34,79.34,67.31,70.45,77.56
79.72,79.72,73.54,69.90,77.88
78.04,78.04,88.24,69.88,75.37
82.37,82.37,85.10,68.17,77.26
85.80,85.80,78.80,73.42,76.68
83.77,83.77,76.43,69.88,78.58
83.84,83.84,70.92,71.07,79.00
84.41,84.41,65.52,70.53,78.94
84.65,84.65,65.71,73.80,80.14
86.18,86.18,65.68,73.88,79.94
86.27,86.27,56.20,71.25,77.39
86.25,86.25,58.92,70.46,78.27
86.38,86.38,68.92,70.09,81.02
83.92,83.92,69.07,74.75,83.28
84.51,84.51,64.64,71.10,82.39
85.50,85.50,59.40,70.40,81.20
86.50,86.50,55.56,72.78,79.47
84.40,84.40,42.26,72.56,77.65
85.47,85.47,37.65,71.02,76.88
83.08,83.08,40.63,72.59,75.54
85.90,85.90,47.12,74.73,77.57
83.87,83.87,55.73,71.38,77.99
85.75,85.75,63.81,69.06,81.22
85.42,85.42,63.71,64.39,80.17
83.15,83.15,60.18,70.97,80.85
84.50,84.50,56.80,73.98,82.55
85.76,85.76,51.46,73.51,81.12
86.03,86.03,48.22,72.74,81.94
84.16,84.16,46.19,76.09,82.35
82.75,82.75,45.09,69.57,80.65
84.89,84.89,49.24,75.86,79.52
84.77,84.77,55.87,75.67,80.82
84.18,84.18,64.59,76.11,79.94
85.04,85.04,63.64,74.48,80.43
85.53,85.53,59.15,73.18,84.17
75.26,75.26,51.11,75.84,80.57
80.60,80.60,45.10,75.81,80.14
78.22,78.22,43.61,75.96,78.85
78.16,78.16,50.43,73.10,79.21
81.32,81.32,60.09,71.07,79.44
77.24,77.24,65.41,75.45,79.32
77.55,77.55,74.20,71.23,77.97
74.75,74.75,87.66,62.42,80.03
76.07,76.07,86.77,61.26,80.48
75.70,75.70,89.84,52.13,79.24
76.30,76.30,92.01,60.38,78.93
80.19,80.19,90.48,58.57,78.47
78.14,78.14,89.86,60.81,80.52
82.09,82.09,85.16,59.17,77.55
78.40,78.40,87.28,61.07,79.78
76.56,76.56,88.06,63.66,79.38
72.86,72.86,82.78,65.14,85.41
76.93,76.93,88.27,68.23,83.36
72.79,72.79,83.27,69.87,81.70
69.02,69.02,85.17,71.23,84.70
78.16,78.16,77.88,72.32,84.93
79.50,79.50,81.03,70.02,81.34
78.50,78.50,90.23,71.44,83.11
80.66,80.66,82.00,68.95,85.01
81.73,81.73,88.69,66.81,81.29
81.08,81.08,85.41,70.91,83.85
83.67,83.67,78.35,70.72,82.95
83.79,83.79,79.56,73.78,78.66
83.44,83.44,61.01,72.42,82.47
82.09,82.09,59.77,71.37,82.28
81.47,81.47,61.28,74.69,79.74
80.30,80.30,60.05,70.39,82.94
79.18,79.18,61.65,68.37,80.49
77.01,77.01,60.25,75.46,81.69
74.52,74.52,54.36,74.43,82.37
73.14,73.14,58.61,71.31,80.49
72.44,72.44,66.25,74.11,80.00
73.64,73.64,69.19,75.31,78.65
78.77,78.77,63.61,71.27,81.25
79.85,79.85,59.32,71.36,80.22
71.22,71.22,48.31,75.79,81.37
71.23,71.23,57.20,69.23,75.79
72.73,72.73,63.33,70.10,80.18
74.84,74.84,62.63,74.59,80.19
73.86,73.86,56.88,67.41,77.78
72.89,72.89,69.68,68.17,75.83
74.38,74.38,76.89,68.37,77.11
70.85,70.85,89.69,65.09,76.30
68.70,68.70,86.23,69.67,74.64
66.38,66.38,81.12,73.37,74.37
68.59,68.59,76.57,71.62,79.19
69.93,69.93,73.84,73.88,77.25
71.29,71.29,72.00,73.28,77.07
71.66,71.66,69.20,69.73,76.18
68.42,68.42,65.14,72.98,75.16
68.92,68.92,61.88,72.04,74.39
79.03,79.03,61.22,68.71,78.11
81.44,81.44,59.79,71.85,77.09
80.83,80.83,56.91,74.07,78.77
83.60,83.60,53.61,69.70,76.64
80.57,80.57,53.24,67.19,75.78
79.61,79.61,50.90,74.97,78.52
81.24,81.24,50.72,73.34,74.49
82.28,82.28,49.12,71.26,77.44
82.08,82.08,58.88,75.28,76.50
81.14,81.14,70.42,74.83,73.83
79.66,79.66,78.79,65.20,74.52
82.74,82.74,88.85,64.20,75.30
86.08,86.08,86.44,56.32,77.14
86.14,86.14,87.89,59.46,76.94
84.49,84.49,88.72,61.80,78.92
84.38,84.38,88.22,57.08,81.37
75.94,75.94,90.89,57.78,81.09
72.33,72.33,87.56,56.47,81.79
69.47,69.47,85.61,59.34,82.93
74.41,74.41,79.24,63.31,82.28
77.24,77.24,75.26,54.27,78.56
78.16,78.16,88.67,59.79,82.51
77.60,77.60,88.36,67.20,76.86
78.67,78.67,87.21,61.36,79.97
80.79,80.79,81.72,67.52,80.39
81.66,81.66,89.89,68.44,78.67
82.05,82.05,83.54,64.85,78.17
82.86,82.86,89.10,72.70,77.28
83.52,83.52,78.71,66.15,77.76
82.85,82.85,80.65,64.18,75.81
82.53,82.53,65.49,74.27,77.31
83.99,83.99,68.41,73.44,79.95
85.40,85.40,72.28,70.83,81.20
89.53,89.53,65.15,74.51,78.82
87.55,87.55,63.91,72.97,81.76
82.01,82.01,54.41,72.33,81.24
86.77,86.77,56.14,74.08,80.79
87.78,87.78,53.44,73.92,80.82
87.06,87.06,63.25,74.22,80.71
87.68,87.68,65.56,75.33,81.11
82.29,82.29,62.36,75.92,76.99
74.59,74.59,57.95,74.19,76.53
70.53,70.53,47.07,77.47,78.38
73.05,73.05,49.62,77.73,80.23
83.10,83.10,55.23,75.49,78.46
77.31,77.31,56.84,76.41,77.37
80.47,80.47,56.15,78.62,75.61
85.25,85.25,49.30,76.84,76.72
80.13,80.13,40.12,75.62,78.10
85.24,85.24,43.73,76.88,78.70
83.76,83.76,54.12,76.74,77.39
75.62,75.62,70.92,73.94,76.63
81.17,81.17,70.72,73.82,82.49
84.67,84.67,65.90,73.71,80.41
83.16,83.16,61.68,74.32,79.91
80.12,80.12,57.57,70.87,79.58
81.00,81.00,54.17,69.72,81.94
81.88,81.88,49.83,72.22,79.85
82.60,82.60,48.29,68.75,80.76
82.91,82.91,48.83,67.75,81.19
82.67,82.67,53.79,70.35,79.60
81.77,81.77,58.02,69.62,80.09
83.50,83.50,58.72,69.23,80.39
84.24,84.24,57.03,69.49,80.43
82.42,82.42,54.68,68.42,82.23
79.90,79.90,52.09,70.09,80.87
80.98,80.98,40.91,67.78,79.36
84.36,84.36,41.60,63.93,80.24
82.85,82.85,58.97,63.15,81.11
81.32,81.32,66.65,63.15,77.99
83.89,83.89,74.85,58.94,78.23
82.98,82.98,89.75,64.26,77.73
80.82,80.82,87.03,65.58,76.18
81.55,81.55,80.94,64.03,76.30
82.25,82.25,75.51,66.61,75.42
83.95,83.95,71.09,71.10,76.66
82.10,82.10,67.39,70.44,75.51
82.30,82.30,67.45,73.46,74.21
81.72,81.72,67.61,72.39,72.97
79.78,79.78,63.68,72.96,75.00
70.04,70.04,61.64,75.72,75.83
66.10,66.10,61.55,73.27,71.33
66.21,66.21,58.99,74.51,75.72
68.37,68.37,51.95,75.38,76.72
70.68,70.68,46.66,76.20,74.84
69.67,69.67,40.50,74.36,75.44
66.76,66.76,37.04,74.08,75.91
69.48,69.48,34.22,76.09,73.71
66.46,66.46,39.25,73.03,75.58
70.81,70.81,49.72,73.87,75.95
76.52,76.52,60.80,76.52,73.80
76.96,76.96,75.29,76.14,78.65
82.14,82.14,78.06,72.23,81.27
86.69,86.69,77.19,75.49,81.18
90.52,90.52,72.62,75.92,78.55
90.09,90.09,64.19,75.08,78.62
88.94,88.94,55.79,77.04,80.42
89.03,89.03,49.39,76.70,81.75
89.41,89.41,47.33,76.53,79.56
89.12,89.12,52.25,78.42,78.69
89.48,89.48,61.90,77.37,76.13
89.65,89.65,72.56,74.96,78.00
89.34,89.34,76.26,76.91,77.32
83.83,83.83,76.05,76.28,78.33
79.13,79.13,72.61,67.22,79.42
79.44,79.44,67.88,70.53,77.77
74.73,74.73,60.61,75.23,77.44
77.15,77.15,48.99,67.91,75.73
80.77,80.77,53.87,74.48,76.80
80.72,80.72,63.39,75.06,75.49
81.65,81.65,73.66,67.84,76.81
82.09,82.09,88.67,70.74,76.44
80.16,80.16,87.64,71.10,74.56
74.09,74.09,90.10,71.79,77.08
77.88,77.88,91.77,68.43,77.86
83.61,83.61,89.92,56.94,75.86
79.05,79.05,88.34,66.05,77.85
72.50,72.50,81.64,66.67,80.40
70.30,70.30,85.64,65.17,76.87
71.90,71.90,89.58,68.16,77.73
72.56,72.56,88.08,68.46,75.68
77.48,77.48,81.55,71.82,78.89
73.30,73.30,83.15,66.37,75.94
79.21,79.21,87.08,69.96,77.78
82.52,82.52,84.56,71.74,78.51
78.61,78.61,91.59,69.47,79.74
74.80,74.80,87.47,74.33,77.10
73.40,73.40,82.15,73.00,77.77
80.84,80.84,67.42,75.00,79.52
81.47,81.47,56.24,68.71,76.21
77.89,77.89,67.96,70.27,77.92
76.85,76.85,69.45,71.82,77.03
78.16,78.16,66.76,66.60,79.86
79.76,79.76,62.70,66.86,81.26
77.96,77.96,58.72,73.23,82.36
79.30,79.30,56.56,72.50,82.84
76.86,76.86,56.71,73.95,84.31
72.93,72.93,50.49,75.52,82.21
71.82,71.82,48.42,73.35,80.29
78.42,78.42,50.96,74.70,80.36
82.91,82.91,55.61,73.70,81.10
80.35,80.35,69.31,72.40,77.38
75.39,75.39,67.99,69.83,79.33
73.46,73.46,64.83,72.25,78.76
73.00,73.00,63.26,69.75,81.07
73.53,73.53,52.76,71.50,79.38
75.32,75.32,40.01,72.82,80.29
77.69,77.69,40.64,75.53,80.30
81.88,81.88,53.02,73.05,78.31
78.74,78.74,64.33,73.97,76.54
78.15,78.15,72.91,72.94,78.11
75.06,75.06,86.32,69.81,80.43
71.73,71.73,83.75,70.57,74.50
72.42,72.42,79.26,72.42,71.72
73.76,73.76,71.41,68.42,76.09
74.61,74.61,67.38,68.19,78.51
73.25,73.25,65.90,74.69,80.90
74.82,74.82,67.33,69.95,78.09
75.20,75.20,65.90,69.09,77.63
73.10,73.10,63.13,73.56,77.84
71.72,71.72,58.10,72.07,79.29
78.67,78.67,57.25,69.54,81.87
78.60,78.60,54.06,73.50,81.58
78.15,78.15,46.05,74.46,78.83
79.17,79.17,43.11,71.73,77.57
80.07,80.07,41.41,72.95,76.17
79.12,79.12,39.34,72.67,76.31
77.84,77.84,43.24,68.48,76.01
77.92,77.92,52.94,76.17,75.16
76.98,76.98,66.41,69.49,74.06
76.96,76.96,73.44,70.43,73.99
78.41,78.41,88.23,72.51,76.61
78.40,78.40,86.32,67.96,77.17
75.50,75.50,88.46,67.42,80.20
77.30,77.30,89.12,64.12,76.66
76.40,76.40,88.16,60.34,78.97
77.74,77.74,86.40,63.04,82.67
76.00,76.00,86.88,61.32,77.78
75.51,75.51,90.17,65.23,79.86
77.91,77.91,89.38,69.54,81.31
82.19,82.19,85.86,67.88,81.78
83.39,83.39,79.55,66.84,80.34
77.57,77.57,85.89,68.86,81.30
77.86,77.86,90.90,69.05,79.33
77.17,77.17,81.89,70.66,80.69
75.53,75.53,85.00,77.00,80.83
76.66,76.66,90.65,73.26,79.54
69.30,69.30,76.67,74.71,80.23
65.05,65.05,82.92,77.66,79.08
64.08,64.08,78.50,76.75,82.49
67.44,67.44,63.56,73.99,79.44
75.93,75.93,60.65,78.94,82.69
83.15,83.15,63.46,75.93,79.98
84.75,84.75,57.93,74.88,79.06
89.27,89.27,63.45,77.24,78.73
89.26,89.26,67.94,77.47,80.49
87.84,87.84,64.49,74.97,79.43
87.57,87.57,55.53,76.87,80.08
87.04,87.04,42.27,77.70,80.79
86.84,86.84,46.12,74.21,80.38
86.60,86.60,47.42,76.03,77.93
83.64,83.64,47.80,75.78,76.35
72.22,72.22,44.72,73.11,80.19
74.25,74.25,37.32,76.11,78.23
75.89,75.89,35.73,73.47,80.17
83.96,83.96,44.43,70.22,82.13
85.61,85.61,42.33,75.83,81.05
83.89,83.89,33.57,72.28,81.85
83.74,83.74,37.11,74.29,81.76
83.73,83.73,44.21,74.34,79.79
84.16,84.16,56.98,74.12,79.35
82.56,82.56,66.57,74.98,83.13
87.97,87.97,61.74,73.70,81.55
87.55,87.55,56.25,73.97,80.47
83.63,83.63,53.10,74.66,80.89
84.55,84.55,50.25,72.59,80.28
84.09,84.09,49.52,74.25,78.14
83.08,83.08,48.07,74.93,76.92
84.65,84.65,48.58,75.22,79.16
84.09,84.09,45.76,73.89,78.11
86.11,86.11,49.11,72.98,79.04
87.91,87.91,54.17,76.69,79.61
86.54,86.54,50.64,72.46,79.54
86.99,86.99,46.49,71.27,79.80
85.86,85.86,43.61,78.10,80.95
86.16,86.16,41.35,72.38,79.44
85.34,85.34,39.02,72.69,74.87
85.63,85.63,44.74,78.71,78.96
86.44,86.44,55.53,72.79,74.02
86.67,86.67,64.04,71.71,74.58
84.41,84.41,74.29,77.60,78.27
82.73,82.73,87.27,67.80,78.97
84.66,84.66,84.39,66.77,73.25
85.58,85.58,79.16,73.95,77.68
85.30,85.30,73.11,70.07,77.29
85.72,85.72,66.57,68.19,74.48
86.10,86.10,61.82,75.52,78.33
85.62,85.62,62.86,70.67,74.47
84.52,84.52,57.82,70.82,78.60
85.67,85.67,57.86,76.69,81.34
86.26,86.26,59.84,75.70,79.65
85.82,85.82,76.42,72.90,80.05
84.95,84.95,67.49,75.02,78.96
81.59,81.59,65.34,76.97,78.78
81.88,81.88,59.14,70.43,77.42
84.21,84.21,57.52,69.42,79.42
85.32,85.32,54.48,75.37,77.55
82.07,82.07,54.19,70.82,75.22
77.57,77.57,59.52,75.48,77.97
75.73,75.73,61.21,73.94,79.20
76.51,76.51,63.45,75.38,76.68
75.80,75.80,65.99,70.99,78.78
78.49,78.49,67.02,69.91,82.54
82.09,82.09,66.03,69.67,81.96
82.97,82.97,62.66,72.41,82.89
86.55,86.55,57.49,68.61,80.78
88.22,88.22,52.66,71.23,81.98
87.13,87.13,48.62,73.74,79.83
86.32,86.32,48.41,71.97,81.02
86.88,86.88,50.77,74.82,77.82
87.49,87.49,56.01,73.70,79.28
87.73,87.73,65.19,68.09,81.34
88.88,88.88,64.96,69.73,81.56
88.28,88.28,55.86,73.50,80.26
87.40,87.40,50.00,72.71,81.80
86.27,86.27,47.34,76.45,78.73
77.18,77.18,46.45,77.71,81.49
79.49,79.49,49.14,72.55,81.09
77.23,77.23,58.59,70.46,80.81
78.62,78.62,68.65,70.51,81.93
81.36,81.36,74.68,70.11,79.34
81.60,81.60,86.74,62.74,79.11
83.01,83.01,86.17,60.54,79.10
80.47,80.47,88.56,56.55,80.17
80.89,80.89,89.99,55.97,81.04
79.87,79.87,88.51,61.83,84.03
78.81,78.81,85.62,61.99,84.23
76.27,76.27,88.55,61.61,84.18
73.80,73.80,91.32,67.20,83.25
73.97,73.97,88.02,68.75,82.81
72.50,72.50,83.32,69.28,83.90
70.52,70.52,86.73,68.82,82.15
71.62,71.62,81.30,70.75,80.22
72.15,72.15,91.09,69.43,82.75
68.83,68.83,77.86,67.22,80.50
67.40,67.40,77.02,68.40,81.63
70.19,70.19,89.91,69.38,82.01
75.63,75.63,86.43,70.36,78.18
69.53,69.53,84.66,68.78,79.82
68.18,68.18,74.63,67.32,78.98
70.29,70.29,62.74,68.51,80.80
73.99,73.99,65.31,67.83,85.94
80.13,80.13,64.09,68.74,84.24
76.65,76.65,60.15,69.51,83.35
74.42,74.42,55.04,70.54,82.54
76.44,76.44,57.36,70.87,81.70
76.77,76.77,58.13,67.58,84.62
75.48,75.48,55.18,67.98,84.36
73.92,73.92,38.27,65.61,82.06
70.54,70.54,45.58,66.09,82.31
73.95,73.95,52.19,64.38,79.32
78.47,78.47,67.11,65.03,80.67
82.76,82.76,59.26,61.77,83.49
81.80,81.80,53.86,63.18,81.36
78.68,78.68,51.43,64.53,81.23
82.22,82.22,38.32,71.00,81.25
82.21,82.21,26.77,69.03,80.18
79.96,79.96,45.06,69.67,80.86
77.17,77.17,58.19,70.30,78.82
77.45,77.45,65.97,68.79,74.27
77.16,77.16,75.74,71.10,79.58
70.98,70.98,89.37,66.60,78.53
70.52,70.52,87.55,65.63,79.10
76.60,76.60,82.68,68.93,79.24
75.38,75.38,76.94,66.72,79.60
77.31,77.31,70.95,71.84,80.41
78.82,78.82,71.80,68.58,79.76
79.46,79.46,65.70,70.62,78.18
78.95,78.95,65.85,68.64,77.77
77.65,77.65,64.50,68.19,77.04
74.40,74.40,58.02,70.11,75.31
73.08,73.08,60.15,70.58,76.67
74.74,74.74,59.67,69.60,79.49
75.18,75.18,47.95,72.13,77.22
76.59,76.59,41.76,72.55,77.32
76.07,76.07,36.57,72.12,76.91
72.90,72.90,36.24,73.13,76.88
73.49,73.49,42.00,71.37,80.12
72.79,72.79,58.17,72.13,81.63
73.18,73.18,69.37,72.40,81.66
69.46,69.46,74.31,65.51,78.76
72.80,72.80,90.00,59.54,79.89
77.87,77.87,86.28,63.74,82.09
84.23,84.23,87.25,62.43,82.78
80.92,80.92,90.11,56.92,82.40
78.65,78.65,89.99,50.88,81.85
79.99,79.99,89.12,52.90,80.98
77.98,77.98,82.96,61.82,82.22
72.98,72.98,85.06,63.20,82.70
76.49,76.49,83.31,64.15,83.28
75.87,75.87,84.39,59.62,85.07
78.49,78.49,88.55,59.87,84.54
77.63,77.63,88.95,66.04,82.93
75.64,75.64,88.22,67.62,82.20
77.06,77.06,87.06,68.18,80.49
76.59,76.59,78.68,70.93,81.27
77.64,77.64,89.58,72.54,81.63
78.06,78.06,79.40,73.04,82.04
77.62,77.62,80.03,71.97,80.16
77.73,77.73,65.71,70.21,79.86
76.27,76.27,72.50,72.86,81.83
75.00,75.00,67.34,71.84,83.45
79.68,79.68,66.36,68.98,83.18
84.29,84.29,58.50,68.47,82.35
85.88,85.88,53.07,71.42,81.28
86.54,86.54,64.53,70.62,82.18
85.65,85.65,68.41,72.20,81.02
86.14,86.14,68.23,72.15,79.96
86.61,86.61,66.23,72.55,79.69
85.61,85.61,61.34,69.79,78.65
83.10,83.10,52.93,72.25,80.39
78.20,78.20,53.94,72.30,77.83
74.11,74.11,62.98,73.87,77.67
74.44,74.44,59.78,73.00,78.68
73.72,73.72,58.92,69.85,79.12
73.16,73.16,62.14,69.81,81.19
74.25,74.25,62.40,68.49,83.03
78.01,78.01,58.90,64.34,81.75
77.56,77.56,41.26,71.46,81.35
76.61,76.61,42.04,65.42,82.14
75.94,75.94,47.07,68.03,81.76
75.42,75.42,47.19,68.35,78.87
82.17,82.17,51.68,65.20,81.91
86.88,86.88,50.28,67.04,80.18
89.84,89.84,46.03,68.62,77.99
86.99,86.99,43.07,68.82,77.99
84.73,84.73,39.12,69.20,78.56
84.70,84.70,36.37,68.53,80.24
85.87,85.87,35.85,69.08,80.64
86.38,86.38,39.97,71.01,79.34
84.99,84.99,45.90,70.76,78.68
85.53,85.53,52.43,70.23,77.38
87.81,87.81,51.08,65.31,80.25
87.79,87.79,44.31,67.98,78.99
86.33,86.33,41.27,67.52,78.08
86.47,86.47,37.02,67.40,80.28
87.08,87.08,35.08,67.10,78.47
84.81,84.81,40.45,67.86,76.23
85.59,85.59,56.30,70.79,75.34
84.34,84.34,65.72,65.13,74.93
85.17,85.17,74.74,70.50,74.78
82.82,82.82,88.69,64.29,74.64
83.04,83.04,85.53,64.59,71.03
83.84,83.84,82.66,65.63,72.50
84.62,84.62,75.95,65.99,73.20
84.81,84.81,70.58,66.76,74.85
83.82,83.82,69.92,69.77,75.10
82.59,82.59,65.45,71.51,72.10
81.29,81.29,64.59,70.74,74.08
82.21,82.21,62.92,72.17,76.45
84.52,84.52,56.37,73.16,72.61
85.26,85.26,60.59,73.54,74.87
85.23,85.23,59.30,74.87,74.36
85.79,85.79,51.89,74.69,74.41
86.07,86.07,48.37,74.74,76.45
85.85,85.85,42.85,74.08,77.07
85.80,85.80,37.95,74.48,77.06
84.42,84.42,36.50,76.07,75.51
85.69,85.69,41.09,75.51,76.13
85.13,85.13,49.43,74.30,74.37
84.54,84.54,59.94,76.32,76.94
83.20,83.20,68.80,75.46,78.32
79.38,79.38,68.98,75.07,83.60
81.41,81.41,64.98,75.97,82.39
85.64,85.64,58.68,75.11,82.08
85.46,85.46,51.22,76.70,80.31
84.26,84.26,48.96,75.39,79.03
83.33,83.33,47.76,74.55,78.75
83.73,83.73,51.42,77.71,79.85
83.06,83.06,57.86,74.40,78.35
82.11,82.11,62.74,74.89,79.11
81.11,81.11,70.72,76.19,79.12
82.44,82.44,68.89,73.02,82.43
84.97,84.97,63.34,75.56,82.46
85.72,85.72,56.98,75.88,77.87
85.58,85.58,48.91,74.74,76.94
83.42,83.42,45.00,75.22,78.06
84.86,84.86,46.32,72.95,75.08
84.70,84.70,53.41,77.54,76.00
84.13,84.13,63.64,76.55,75.76
81.43,81.43,72.12,72.10,74.43
77.86,77.86,88.88,72.05,73.68
73.66,73.66,88.24,63.54,72.43
73.63,73.63,88.67,60.54,78.65
72.17,72.17,92.33,61.60,79.63
69.88,69.88,89.84,58.50,79.80
70.40,70.40,89.81,58.28,78.68
76.03,76.03,83.65,62.48,79.70
75.63,75.63,89.99,63.08,78.32
74.45,74.45,92.41,61.35,77.49
76.18,76.18,87.15,62.66,79.21
76.08,76.08,86.84,59.53,77.85
74.19,74.19,88.49,65.25,77.41
73.44,73.44,80.34,67.21,79.01
79.68,79.68,88.00,65.60,78.34
83.95,83.95,79.57,68.32,80.24
84.73,84.73,83.73,66.69,81.04
84.41,84.41,90.68,68.86,77.55
85.70,85.70,85.66,72.68,78.17
85.66,85.66,83.98,69.94,77.04
85.60,85.60,85.13,67.78,78.43
84.91,84.91,79.30,69.99,75.17
85.97,85.97,73.86,65.03,79.43
86.29,86.29,60.66,69.56,81.78
85.11,85.11,60.03,68.97,83.09
82.94,82.94,54.34,64.45,79.36
83.78,83.78,50.55,65.58,80.45
85.68,85.68,42.39,63.53,78.15
85.59,85.59,54.46,64.48,81.48
85.21,85.21,55.53,65.91,81.74
84.32,84.32,57.95,63.44,78.00
82.94,82.94,66.30,65.11,80.96
80.17,80.17,65.25,63.45,80.76
75.79,75.79,64.24,62.39,80.36
72.71,72.71,61.13,58.53,78.93
69.93,69.93,50.49,60.57,79.28
68.89,68.89,39.21,60.93,78.99
69.58,69.58,40.36,60.99,79.30
72.71,72.71,55.07,59.89,75.83
71.20,71.20,67.96,57.66,78.98
71.74,71.74,71.81,61.46,78.18
69.16,69.16,86.74,61.90,77.87
69.03,69.03,85.48,58.87,75.27
72.43,72.43,82.52,58.79,73.59
71.02,71.02,75.09,61.78,75.86
67.66,67.66,70.12,61.04,78.00
68.28,68.28,69.84,64.24,79.49
67.85,67.85,66.26,66.46,80.56
69.77,69.77,64.66,66.82,80.02
71.00,71.00,64.11,67.88,78.90
65.34,65.34,55.04,66.04,76.57
65.10,65.10,56.57,68.60,77.92
65.18,65.18,53.17,67.32,78.90
64.22,64.22,43.31,63.65,79.76
58.45,58.45,35.05,69.57,77.17
60.71,60.71,33.66,67.54,78.15
61.48,61.48,30.63,65.27,77.15
64.39,64.39,46.19,65.35,75.47
70.54,70.54,57.76,67.33,76.51
73.79,73.79,68.20,65.18,77.65
75.43,75.43,75.53,69.48,75.61
75.60,75.60,88.95,64.22,77.71
78.37,78.37,84.13,63.28,75.71
84.84,84.84,88.41,65.44,78.47
84.19,84.19,89.72,62.73,78.45
83.63,83.63,88.11,55.93,79.17
79.56,79.56,88.80,60.39,77.29
80.13,80.13,90.73,60.31,80.98
79.92,79.92,88.62,61.10,81.28
72.46,72.46,84.04,61.17,81.57
79.27,79.27,81.93,61.36,81.11
84.16,84.16,90.44,59.33,81.10
85.42,85.42,86.54,61.08,80.42
79.59,79.59,84.16,60.22,79.89
75.61,75.61,87.36,62.97,79.64
78.45,78.45,85.82,64.69,80.55
77.45,77.45,82.14,63.67,81.09
76.82,76.82,90.28,66.32,83.76
77.37,77.37,79.69,69.43,81.80
78.09,78.09,80.61,69.99,81.37
78.29,78.29,63.55,69.76,81.66
75.99,75.99,70.21,71.32,81.50
77.06,77.06,67.47,70.86,81.36
81.68,81.68,61.10,69.33,81.22
84.27,84.27,62.06,68.40,82.37
88.27,88.27,59.04,67.98,78.34
84.99,84.99,52.45,68.47,81.40
84.00,84.00,58.11,71.41,82.72
83.88,83.88,58.63,68.62,82.37
85.64,85.64,60.10,69.59,78.85
83.31,83.31,58.94,69.03,80.15
78.36,78.36,46.49,68.64,78.29
76.69,76.69,41.21,69.45,77.91
82.12,82.12,50.70,68.31,78.90
81.00,81.00,55.51,64.93,79.26
77.07,77.07,52.85,68.19,78.61
75.68,75.68,51.92,64.18,80.49
73.53,73.53,51.11,64.86,81.62
77.69,77.69,49.13,67.65,78.29
76.73,76.73,43.79,68.61,81.05
76.03,76.03,46.79,69.94,79.40
81.29,81.29,50.34,67.58,81.47
86.03,86.03,48.98,69.38,80.80
84.61,84.61,48.32,65.14,81.58
88.88,88.88,42.61,63.11,82.21
81.83,81.83,36.97,69.77,81.71
83.85,83.85,32.47,65.28,82.18
84.77,84.77,33.11,69.36,82.53
83.95,83.95,40.70,72.22,82.32
85.11,85.11,45.66,71.00,81.92
87.52,87.52,44.45,67.82,83.16
88.55,88.55,44.96,68.46,78.52
87.70,87.70,42.41,72.22,76.48
87.09,87.09,35.12,65.46,77.72
86.89,86.89,33.55,66.61,77.37
86.62,86.62,32.07,70.59,79.11
86.48,86.48,31.73,68.30,79.26
87.06,87.06,41.26,72.66,80.85
87.22,87.22,56.03,69.49,78.00
86.67,86.67,66.45,73.44,77.17
84.92,84.92,75.91,64.42,78.07
82.73,82.73,86.54,63.84,78.04
85.62,85.62,83.28,66.20,76.09
85.83,85.83,78.58,67.19,79.58
86.70,86.70,74.52,63.07,82.17
87.79,87.79,69.52,65.75,81.61
86.00,86.00,65.58,63.82,78.99
85.32,85.32,70.73,60.93,76.88
84.63,84.63,70.17,64.71,78.29
85.56,85.56,68.99,66.71,76.66
85.65,85.65,69.20,63.62,76.61
86.35,86.35,73.07,67.72,77.22
88.38,88.38,65.70,68.02,77.20
85.61,85.61,71.12,62.84,77.07
85.25,85.25,68.69,70.80,80.48
86.29,86.29,64.65,65.99,82.59
87.09,87.09,65.34,67.72,82.12
82.30,82.30,69.88,67.43,80.86
81.69,81.69,66.76,67.80,83.03
82.13,82.13,56.93,70.59,79.99
81.44,81.44,58.20,70.35,81.31
81.66,81.66,66.93,67.53,78.77
81.02,81.02,67.38,70.74,81.51
80.95,80.95,63.40,69.19,79.99
81.90,81.90,59.80,68.64,83.05
83.10,83.10,56.18,72.35,80.29
83.24,83.24,53.45,71.47,80.65
82.22,82.22,47.89,69.35,80.05
81.00,81.00,47.42,71.43,81.26
81.71,81.71,50.22,67.11,82.35
81.69,81.69,53.04,71.52,82.30
82.05,82.05,61.54,71.15,82.35
82.52,82.52,59.73,68.43,81.97
81.07,81.07,49.06,72.85,83.89
82.95,82.95,46.99,68.46,81.06
84.75,84.75,42.43,72.73,84.34
83.73,83.73,37.71,73.24,84.03
80.87,80.87,37.89,70.06,81.33
80.93,80.93,39.06,68.80,81.91
80.07,80.07,37.95,69.27,79.21
80.00,80.00,37.17,59.20,77.37
80.82,80.82,36.49,53.82,76.22
81.29,81.29,34.55,60.10,79.54
80.49,80.49,32.82,62.04,80.07
77.85,77.85,28.87,61.55,78.87
77.19,77.19,30.08,56.82,77.78
78.16,78.16,31.80,67.88,77.73
83.46,83.46,30.75,63.41,79.83
84.28,84.28,29.35,65.76,81.29
83.20,83.20,28.48,67.07,79.30
80.93,80.93,28.61,64.70,78.54
79.06,79.06,28.26,67.53,79.71
79.28,79.28,28.07,67.55,80.25
75.47,75.47,28.86,66.47,79.33
77.22,77.22,30.41,67.23,78.23
77.13,77.13,31.47,66.14,81.49
78.10,78.10,34.99,71.57,81.98
81.72,81.72,38.56,68.79,79.73
84.70,84.70,36.39,69.29,80.46
84.11,84.11,34.48,72.83,80.53
82.29,82.29,36.00,67.70,80.47
81.54,81.54,36.73,70.99,82.35
81.50,81.50,35.77,68.51,81.00
83.44,83.44,36.92,69.09,82.83
82.85,82.85,39.88,73.13,79.43
82.35,82.35,37.73,69.76,81.49
79.24,79.24,38.26,71.41,79.86
79.47,79.47,37.35,70.97,80.48
79.64,79.64,37.52,68.91,79.22
77.17,77.17,39.20,70.19,80.39
74.99,74.99,38.35,68.43,78.63
71.33,71.33,38.69,69.87,79.76
70.02,70.02,36.55,69.78,79.23
72.34,72.34,36.20,68.20,79.15
72.90,72.90,35.11,71.35,80.47
70.97,70.97,34.73,71.46,79.16
72.89,72.89,36.17,68.93,79.81
72.35,72.35,35.26,72.62,79.76
75.01,75.01,35.18,69.38,81.40
73.02,73.02,36.60,71.63,81.74
72.04,72.04,37.49,70.77,78.97
73.59,73.59,37.65,68.54,79.74
75.00,75.00,38.12,73.02,81.52
75.62,75.62,37.69,68.43,78.61
72.85,72.85,39.70,69.98,80.45
70.64,70.64,38.21,70.37,77.65
70.99,70.99,38.07,67.26,79.50
71.63,71.63,36.84,71.17,79.43
71.23,71.23,33.73,68.46,78.00
67.69,67.69,32.45,69.67,79.15
66.71,66.71,31.78,71.21,79.77
68.67,68.67,30.53,68.48,78.46
72.19,72.19,31.23,71.70,80.70
71.83,71.83,30.75,69.39,75.22
70.31,70.31,29.72,71.21,77.77
73.34,73.34,28.37,69.98,77.79
70.14,70.14,28.54,66.43,76.71
72.20,72.20,29.64,72.89,77.32
72.15,72.15,29.62,67.48,79.01
72.09,72.09,28.49,70.55,77.10
71.43,71.43,26.70,71.58,79.48
66.44,66.44,26.38,68.86,77.90
66.50,66.50,23.25,71.54,78.23
66.53,66.53,22.51,68.68,79.16
65.98,65.98,21.51,69.35,78.38
65.93,65.93,20.29,69.08,79.51
61.61,61.61,20.33,68.74,76.84
63.80,63.80,20.07,72.33,75.66
64.57,64.57,20.42,69.66,78.63
65.62,65.62,19.10,69.38,76.47
62.71,62.71,19.40,73.64,78.08
61.81,61.81,19.95,69.22,77.88
65.05,65.05,17.99,71.45,75.21
65.60,65.60,18.06,69.03,79.32
65.52,65.52,17.46,69.25,75.77
66.05,66.05,18.07,72.26,79.07
62.94,62.94,17.61,68.72,78.15
61.54,61.54,16.97,71.20,78.46
61.93,61.93,17.67,69.34,75.85
62.11,62.11,15.88,69.22,76.44
61.35,61.35,15.99,69.15,75.84
59.68,59.68,16.14,64.26,76.18
63.76,63.76,13.81,69.19,76.29
62.52,62.52,12.17,67.41,75.06
63.72,63.72,13.39,69.32,78.21
60.02,60.02,13.60,71.75,78.15
60.39,60.39,14.49,67.74,75.75
62.05,62.05,12.42,70.75,77.67
61.26,61.26,11.74,70.69,76.31
60.30,60.30,15.45,69.57,77.08
61.08,61.08,16.62,72.74,77.85
61.26,61.26,17.64,67.07,76.10
61.53,61.53,19.83,70.35,77.00
62.29,62.29,18.56,70.92,76.84
62.90,62.90,16.38,67.47,77.76
63.32,63.32,13.66,72.54,77.12
62.78,62.78,10.10,66.19,73.22
61.56,61.56,10.03,67.77,76.06
58.96,58.96,9.18,69.08,74.44
56.22,56.22,9.39,65.22,75.68
55.39,55.39,11.80,70.20,75.50
55.32,55.32,16.58,65.76,73.30
56.29,56.29,17.22,65.74,77.07
53.63,53.63,17.84,68.47,75.86
53.20,53.20,17.37,66.24,76.11
49.52,49.52,17.95,70.19,77.78
47.58,47.58,17.87,69.42,74.97
49.98,49.98,18.20,70.68,76.43
52.95,52.95,17.22,71.97,76.86
55.16,55.16,18.69,68.88,76.63
51.39,51.39,20.30,71.36,78.27
53.79,53.79,20.15,69.59,76.70
51.44,51.44,18.50,68.30,79.28
52.13,52.13,17.04,71.68,77.58
44.38,44.38,19.16,65.61,77.29
44.13,44.13,17.97,70.35,77.04
41.48,41.48,19.49,64.45,77.21
42.72,42.72,21.21,62.97,76.53
43.82,43.82,18.63,67.50,76.52
39.86,39.86,18.38,62.60,75.49
34.84,34.84,19.06,68.77,76.73
36.18,36.18,18.21,65.14,75.29
37.73,37.73,20.79,63.56,73.05
32.11,32.11,23.10,70.07,76.69
32.47,32.47,24.83,63.34,73.58
34.85,34.85,23.44,69.50,75.60
35.32,35.32,23.16,67.58,75.69
35.76,35.76,25.93,62.97,73.91
36.18,36.18,26.63,72.15,74.79
32.55,32.55,24.96,62.80,74.59
34.72,34.72,24.13,66.76,73.64
31.92,31.92,23.14,69.90,75.16
35.26,35.26,20.42,66.42,73.85
31.94,31.94,18.30,69.68,74.42
33.65,33.65,19.91,64.17,73.65
31.20,31.20,19.93,68.48,73.41
29.34,29.34,20.27,65.65,73.98
31.03,31.03,18.32,64.67,73.13
28.03,28.03,14.62,69.22,73.61
24.42,24.42,10.92,63.62,74.41
16.93,16.93,8.64,68.77,72.48
6.81,6.81,10.11,67.74,75.25
11.84,11.84,17.22,64.82,76.17
22.86,22.86,19.71,69.74,76.83
26.56,26.56,20.12,65.73,76.32
23.77,23.77,17.44,68.33,75.22
21.98,21.98,17.57,67.41,75.76
21.21,21.21,17.85,65.69,75.48
21.29,21.29,20.30,70.73,73.99
23.92,23.92,22.15,67.32,73.75
27.25,27.25,25.45,68.71,75.22
27.77,27.77,23.30,68.06,75.69
31.87,31.87,19.57,65.59,76.66
28.21,28.21,18.38,66.10,76.72
27.53,27.53,16.18,65.06,76.80
27.52,27.52,15.36,66.99,76.41
27.77,27.77,13.81,65.67,75.09
27.56,27.56,13.15,65.20,74.33
25.21,25.21,15.10,70.40,72.74
21.24,21.24,16.39,65.98,74.42
17.25,17.25,13.60,65.91,73.84
18.81,18.81,10.77,69.53,77.47
22.61,22.61,4.38,64.13,76.56
27.13,27.13,0.75,69.33,79.53
26.95,26.95,0.06,67.64,78.38
31.37,31.37,0.05,64.50,78.75
32.50,32.50,0.11,69.57,78.98
30.34,30.34,0.12,62.97,80.85
28.17,28.17,0.26,64.86,80.86
26.28,26.28,0.07,63.69,81.17
24.99,24.99,0.05,62.44,79.79
25.34,25.34,0.05,64.85,79.54
25.54,25.54,0.05,61.47,82.04
26.54,26.54,1.40,65.85,78.24
27.10,27.10,3.86,62.53,80.44
28.07,28.07,2.65,59.50,78.20
26.12,26.12,0.12,64.91,78.33
20.72,20.72,0.05,58.61,77.75
12.11,12.11,0.05,65.37,78.59
13.88,13.88,1.44,61.47,76.15
18.07,18.07,7.18,66.20,79.52
18.58,18.58,11.17,66.61,76.73
14.70,14.70,10.55,61.96,78.46
12.90,12.90,6.60,63.74,80.89
16.29,16.29,8.17,63.64,80.60
16.60,16.60,5.16,64.81,79.94
16.60,16.60,0.73,66.66,79.92
16.64,16.64,0.05,65.92,81.58
17.32,17.32,0.05,64.09,78.31
17.23,17.23,0.07,65.71,80.18
18.07,18.07,0.85,66.15,82.21
19.66,19.66,2.43,67.37,79.60
22.61,22.61,4.11,66.79,81.88
24.68,24.68,5.16,68.89,81.43
27.21,27.21,4.12,69.66,79.37
26.26,26.26,3.42,66.57,80.71
28.37,28.37,3.46,71.07,80.72
25.52,25.52,6.83,69.79,80.30
23.71,23.71,10.32,69.42,82.07
18.57,18.57,11.55,72.44,79.37
21.98,21.98,9.43,67.04,80.19
23.19,23.19,4.85,72.06,80.53
21.25,21.25,0.95,68.40,80.12
24.01,24.01,0.10,67.86,84.93
14.34,14.34,0.06,69.94,81.32
13.50,13.50,0.05,66.46,82.41
14.10,14.10,0.05,68.94,83.63
16.28,16.28,0.05,64.52,80.58
15.69,15.69,0.05,67.08,84.22
16.21,16.21,0.05,68.72,83.28
16.69,16.69,0.05,67.58,82.54
14.68,14.68,0.05,68.45,83.24
7.16,7.16,0.37,67.94,82.99
6.31,6.31,2.63,69.47,78.93
4.59,4.59,8.58,69.80,82.59
6.48,6.48,11.26,69.10,82.88
6.52,6.52,4.29,68.63,79.15
11.13,11.13,3.68,67.21,79.69
14.60,14.60,5.97,68.02,80.37
15.07,15.07,8.45,68.49,80.22
14.57,14.57,7.58,65.20,74.94
15.34,15.34,8.19,65.48,79.46
12.38,12.38,8.24,66.05,79.42
13.16,13.16,4.80,64.02,79.22
18.24,18.24,3.24,61.21,81.99
14.55,14.55,1.30,60.73,78.75
15.19,15.19,0.44,67.31,80.19
19.63,19.63,0.23,65.16,76.55
23.31,23.31,0.09,65.61,79.10
23.70,23.70,0.18,68.60,79.19
23.07,23.07,1.11,64.14,77.95
24.05,24.05,0.38,68.38,77.86
27.21,27.21,0.88,66.14,79.08
28.60,28.60,7.07,65.88,77.20
28.50,28.50,10.93,68.55,79.34
26.57,26.57,8.90,63.66,78.28
26.76,26.76,2.64,69.03,80.22
25.40,25.40,0.50,64.29,80.08
26.12,26.12,2.33,66.78,79.00
25.01,25.01,0.99,68.79,79.45
26.33,26.33,2.00,65.06,77.24
27.56,27.56,6.02,69.52,79.73
28.35,28.35,9.73,64.03,77.67
27.84,27.84,8.30,66.04,78.35
28.65,28.65,3.25,67.96,78.76
27.36,27.36,1.22,64.46,79.21
26.61,26.61,3.18,70.62,77.61
26.97,26.97,1.98,66.83,76.50
25.09,25.09,0.97,67.35,78.61
27.63,27.63,0.36,70.84,78.49
30.57,30.57,0.92,67.14,74.99
31.70,31.70,1.04,67.75,77.47
31.15,31.15,0.82,68.68,76.92
32.71,32.71,0.39,64.99,74.76
35.77,35.77,0.06,70.04,77.86
38.12,38.12,0.05,64.05,75.21
37.89,37.89,0.05,67.55,78.92
35.61,35.61,0.07,66.76,78.14
32.55,32.55,0.05,64.41,79.09
28.83,28.83,0.06,67.87,78.45
29.22,29.22,0.08,65.74,80.22
25.58,25.58,0.30,66.47,79.62
32.34,32.34,1.19,66.42,83.66
33.56,33.56,1.81,63.47,83.86
30.01,30.01,2.34,66.51,82.75
28.74,28.74,5.29,66.35,84.53
31.93,31.93,3.39,69.46,83.69
34.88,34.88,4.37,67.97,83.42
37.72,37.72,5.02,67.44,84.05
37.76,37.76,6.90,70.79,84.01
42.75,42.75,4.89,66.64,82.38
42.70,42.70,10.09,69.36,81.47
46.09,46.09,10.27,67.08,81.35
47.07,47.07,7.20,67.11,79.53
49.36,49.36,1.25,68.85,79.86
48.60,48.60,3.18,63.76,78.66
49.82,49.82,3.45,68.68,77.05
50.69,50.69,1.29,65.28,78.47
51.44,51.44,0.56,65.77,75.53
52.98,52.98,1.58,68.79,76.87
50.08,50.08,3.89,66.93,75.97
41.94,41.94,2.38,69.58,81.53
43.98,43.98,4.67,69.53,84.81
42.82,42.82,4.81,67.30,84.37
32.16,32.16,2.59,72.01,84.15
30.27,30.27,0.62,70.08,83.22
26.55,26.55,0.39,70.54,81.48
27.04,27.04,2.42,73.61,80.24
28.09,28.09,1.81,69.99,78.69
30.21,30.21,0.12,72.21,78.03
36.37,36.37,0.11,71.47,78.52
31.22,31.22,0.60,70.87,76.01
30.93,30.93,0.24,72.09,75.41
22.69,22.69,0.17,66.97,74.21
22.06,22.06,2.41,69.29,75.19
12.10,12.10,6.22,68.22,76.55
10.07,10.07,6.21,67.29,75.07
8.59,8.59,4.69,64.61,75.98
10.11,10.11,2.96,64.94,78.52
13.60,13.60,0.68,64.14,79.38
12.27,12.27,0.05,59.45,81.69
12.84,12.84,0.05,58.71,79.51
14.59,14.59,1.98,60.11,78.13
17.00,17.00,1.53,65.49,78.90
20.23,20.23,1.03,61.80,80.17
25.39,25.39,0.52,64.67,78.24
12.57,12.57,0.05,67.20,82.25
11.31,11.31,0.14,66.11,80.92
11.02,11.02,0.09,65.61,82.99
13.71,13.71,0.61,66.05,83.13
20.60,20.60,2.29,72.41,84.46
21.16,21.16,1.64,64.82,84.64
15.56,15.56,2.38,72.27,83.91
16.40,16.40,4.95,66.43,80.56
18.02,18.02,3.67,71.53,83.37
17.03,17.03,1.68,69.44,83.01
13.81,13.81,0.33,71.49,82.39
9.94,9.94,0.22,64.17,83.63
13.60,13.60,0.79,67.81,81.73
16.94,16.94,0.45,61.74,81.50
22.52,22.52,0.57,55.21,82.31
23.57,23.57,1.21,64.88,77.49
21.83,21.83,1.01,63.54,76.17
23.05,23.05,0.43,66.72,78.72
20.54,20.54,0.12,64.16,81.70
15.96,15.96,0.13,63.44,83.28
20.30,20.30,0.05,69.02,82.17
28.50,28.50,0.13,66.81,82.74
29.50,29.50,0.74,62.82,80.86
32.21,32.21,6.33,65.85,80.04
30.08,30.08,16.35,65.30,77.56
26.77,26.77,23.68,68.54,79.25
26.64,26.64,24.69,69.76,79.53
21.44,21.44,25.07,66.78,79.86
20.35,20.35,28.57,67.62,77.56
22.61,22.61,32.96,66.82,78.97
22.73,22.73,34.02,66.12,79.83
26.30,26.30,29.73,68.51,76.46
28.19,28.19,17.84,69.50,79.72
28.50,28.50,29.71,63.25,77.95
35.58,35.58,32.11,68.26,76.47
41.04,41.04,29.73,66.71,79.69
40.80,40.80,29.23,68.00,78.70
47.28,47.28,30.28,69.43,76.14
46.00,46.00,30.18,67.89,77.39
42.28,42.28,29.10,68.62,78.23
43.13,43.13,25.81,63.96,78.41
45.27,45.27,23.19,64.93,80.39
44.84,44.84,21.76,65.94,76.39
41.10,41.10,21.36,68.47,78.45
44.03,44.03,21.50,67.82,79.53
46.98,46.98,24.19,68.33,78.83
48.08,48.08,24.53,67.38,79.29
48.42,48.42,22.38,67.90,78.67
49.03,49.03,22.09,67.26,78.45
44.28,44.28,23.42,67.15,76.81
44.23,44.23,18.21,66.96,77.35
48.67,48.67,22.68,64.72,77.89
50.20,50.20,22.04,63.77,78.98
49.88,49.88,19.83,62.66,77.60
49.43,49.43,24.15,65.46,76.71
48.38,48.38,23.42,65.34,77.49
51.23,51.23,17.17,63.72,76.62
50.26,50.26,8.84,63.31,76.96
49.47,49.47,9.28,63.22,74.55
52.88,52.88,11.92,64.80,76.99
52.39,52.39,10.44,64.87,78.88
50.88,50.88,5.00,65.51,73.58
51.86,51.86,10.87,66.03,77.09
54.04,54.04,18.37,65.72,77.13
52.42,52.42,18.57,65.59,76.72
52.52,52.52,20.68,66.41,75.87
52.65,52.65,22.94,67.38,78.34
54.31,54.31,21.01,68.38,77.91
52.95,52.95,13.98,69.25,77.16
49.71,49.71,10.94,62.75,76.60
46.08,46.08,8.42,64.49,73.69
43.39,43.39,5.17,65.14,76.59
48.14,48.14,1.61,65.73,79.56
50.06,50.06,0.12,63.35,75.86
50.15,50.15,0.05,60.91,75.90
47.29,47.29,0.53,60.94,75.90
46.80,46.80,6.74,64.95,78.39
50.33,50.33,8.06,63.24,75.63
50.93,50.93,7.61,67.14,79.41
49.71,49.71,5.58,64.54,75.52
47.67,47.67,4.37,65.85,77.03
46.16,46.16,5.03,64.93,76.75
44.65,44.65,4.37,63.72,75.97
46.92,46.92,3.55,68.17,77.75
45.40,45.40,4.91,64.84,77.86
44.84,44.84,5.01,64.01,76.74
47.71,47.71,4.93,67.19,77.79
48.31,48.31,5.02,62.78,76.19
45.94,45.94,5.70,65.17,77.60
48.10,48.10,8.47,64.86,79.60
48.55,48.55,9.17,66.18,78.94
47.15,47.15,5.78,66.26,76.50
46.11,46.11,3.29,66.65,77.40
47.85,47.85,3.37,65.59,78.44
45.36,45.36,3.01,65.45,78.67
44.42,44.42,2.03,60.73,78.10
45.11,45.11,1.71,62.29,77.43
46.98,46.98,2.17,64.87,79.10
48.30,48.30,2.54,65.44,77.97
47.35,47.35,3.00,63.25,76.84
46.91,46.91,2.55,63.53,77.52
49.76,49.76,2.54,64.85,75.55
46.90,46.90,3.58,63.81,76.25
46.84,46.84,3.81,62.68,76.30
48.58,48.58,3.03,65.46,75.93
47.21,47.21,2.78,67.90,78.03
46.08,46.08,2.56,66.01,77.02
46.49,46.49,1.74,64.64,76.64
49.11,49.11,0.63,64.50,78.01
45.22,45.22,1.19,62.32,76.92
44.87,44.87,0.88,63.57,77.60
43.92,43.92,0.63,64.30,78.85
47.28,47.28,1.46,64.31,78.72
43.56,43.56,2.79,62.94,77.69
44.36,44.36,3.68,61.30,78.34
40.19,40.19,4.45,62.97,78.11
46.35,46.35,6.04,64.31,78.52
47.01,47.01,3.60,63.91,76.53
44.94,44.94,12.08,63.33,78.22
46.16,46.16,16.93,64.17,78.17
48.60,48.60,18.58,64.14,78.41
48.85,48.85,22.20,66.47,80.35
48.87,48.87,21.21,64.09,77.60
50.56,50.56,18.37,63.13,77.41
51.80,51.80,23.61,60.32,75.94
54.47,54.47,23.96,62.00,75.48
50.69,50.69,20.65,67.85,77.72
50.61,50.61,14.64,64.16,77.80
47.59,47.59,7.12,64.50,77.55
46.73,46.73,1.62,63.86,77.35
47.74,47.74,0.62,63.38,77.27
49.07,49.07,0.55,64.78,77.76
49.54,49.54,0.47,62.70,76.74
50.60,50.60,2.29,64.09,75.35
51.66,51.66,8.20,64.78,74.72
51.46,51.46,12.21,61.13,76.31
53.02,53.02,16.99,61.99,75.99
52.77,52.77,20.26,65.20,74.41
53.65,53.65,20.52,62.62,76.70
53.17,53.17,18.58,62.58,74.73
54.95,54.95,12.43,62.38,75.15
56.90,56.90,13.04,62.82,74.28
57.07,57.07,19.10,62.79,73.97
57.74,57.74,15.91,56.49,75.20
56.23,56.23,16.48,64.19,74.14
55.63,55.63,18.18,58.80,74.83
56.41,56.41,14.88,61.96,73.59
55.97,55.97,7.76,62.00,73.20
55.73,55.73,1.48,57.72,71.01
56.07,56.07,4.84,59.12,73.20
55.53,55.53,13.64,56.25,71.81
56.14,56.14,16.14,61.35,74.46
55.17,55.17,13.19,62.59,74.76
52.83,52.83,3.81,61.58,77.10
52.70,52.70,1.96,63.11,77.11
52.10,52.10,8.87,63.46,76.06
49.44,49.44,16.01,61.02,78.61
48.72,48.72,17.70,63.75,75.62
49.38,49.38,16.20,60.54,75.74
51.78,51.78,15.11,61.72,77.04
52.79,52.79,11.26,62.08,75.67
54.24,54.24,10.02,59.55,73.38
54.71,54.71,11.49,64.91,75.10
55.27,55.27,11.32,61.62,74.47
55.05,55.05,9.20,61.97,75.18
54.47,54.47,10.01,63.41,75.53
53.44,53.44,11.96,61.94,75.17
53.49,53.49,10.27,62.16,75.57
51.86,51.86,11.35,56.25,75.26
50.66,50.66,11.47,58.80,75.43
50.03,50.03,12.42,61.53,75.30
50.87,50.87,14.25,62.20,74.60
48.91,48.91,14.79,64.96,74.75
46.98,46.98,10.83,65.50,75.20
37.58,37.58,7.15,62.42,73.70
39.80,39.80,7.39,64.70,78.18
38.57,38.57,5.03,62.94,80.14
31.37,31.37,3.34,63.33,77.77
18.57,18.57,1.47,65.93,74.94
20.11,20.11,0.56,63.56,76.04
26.83,26.83,0.14,62.34,79.92
30.41,30.41,0.05,57.57,79.38
32.73,32.73,0.05,61.89,80.02
30.80,30.80,0.05,61.49,79.02
27.51,27.51,0.05,63.06,78.57
26.49,26.49,0.05,62.53,80.75
29.96,29.96,0.05,56.36,77.39
31.76,31.76,0.05,57.71,79.65
26.87,26.87,0.05,57.23,78.90
26.12,26.12,0.05,56.50,77.28
23.04,23.04,0.05,53.74,80.65
28.78,28.78,0.05,57.92,79.65
30.03,30.03,0.05,57.07,78.66
21.72,21.72,0.05,61.85,78.68
28.15,28.15,0.05,60.96,74.37
35.84,35.84,0.05,62.31,75.07
41.01,41.01,0.46,62.90,75.02
39.08,39.08,6.15,64.34,75.49
27.87,27.87,11.85,67.91,76.26
22.81,22.81,11.50,64.49,76.28
25.34,25.34,5.01,65.82,75.85
25.98,25.98,0.09,67.99,76.50
25.85,25.85,0.05,62.05,78.44
19.61,19.61,0.05,64.44,76.91
32.03,32.03,0.05,63.56,72.88
36.11,36.11,0.06,64.40,75.64
37.12,37.12,0.18,67.26,72.71
26.33,26.33,0.39,66.09,73.37
33.03,33.03,0.42,68.81,73.88
35.96,35.96,0.19,69.91,72.94
27.79,27.79,0.31,69.05,72.35
32.86,32.86,0.08,69.66,71.76
36.52,36.52,0.22,70.10,74.06
32.20,32.20,0.06,69.84,74.09
26.36,26.36,0.51,69.92,75.77
30.09,30.09,2.21,66.43,79.19
29.17,29.17,2.41,65.19,82.33
23.89,23.89,2.68,66.33,82.99
23.16,23.16,0.24,66.33,79.26
20.88,20.88,0.05,65.52,81.99
20.91,20.91,0.05,64.94,83.31
22.19,22.19,0.05,65.88,82.51
21.66,21.66,0.05,65.58,83.47
20.06,20.06,0.05,68.05,83.19
23.95,23.95,0.05,67.13,73.64
23.83,23.83,0.05,65.08,73.65
24.81,24.81,0.05,63.09,74.87
23.17,23.17,0.05,64.30,70.25
25.94,25.94,0.05,66.47,72.71
20.96,20.96,0.05,68.89,74.83
15.95,15.95,0.05,65.83,73.98
15.43,15.43,0.05,64.35,75.32
13.13,13.13,0.05,66.08,75.55
15.73,15.73,0.05,62.23,69.50
16.83,16.83,0.05,65.96,73.39
17.22,17.22,0.05,62.83,74.30
14.77,14.77,0.05,63.66,74.78
15.11,15.11,0.15,59.64,76.01
14.62,14.62,0.09,63.77,79.21
17.02,17.02,0.05,65.85,79.33
23.77,23.77,0.06,65.87,78.69
26.66,26.66,0.08,68.02,76.55
24.17,24.17,0.36,70.14,77.16
22.35,22.35,0.62,70.94,77.53
16.09,16.09,0.16,71.69,76.03
17.97,17.97,0.07,71.08,77.89
17.99,17.99,0.06,69.97,75.87
18.44,18.44,0.15,70.00,78.71
17.99,17.99,0.09,71.05,74.88
16.91,16.91,0.05,71.21,76.67
15.96,15.96,0.05,70.29,78.73
17.10,17.10,0.07,69.49,77.45
18.44,18.44,0.29,67.59,76.29
20.16,20.16,2.57,68.75,77.90
21.45,21.45,4.34,67.53,77.44
21.34,21.34,3.70,67.89,76.49
24.12,24.12,2.73,65.99,78.38
23.30,23.30,0.63,66.32,73.85
21.78,21.78,0.26,67.01,77.30
19.91,19.91,0.48,65.70,75.42
21.59,21.59,4.33,69.62,74.10
21.50,21.50,7.44,68.98,74.39
21.03,21.03,8.06,67.55,73.80
22.27,22.27,17.31,68.58,72.95
22.12,22.12,14.85,67.91,74.37
22.37,22.37,12.25,67.43,72.97
22.77,22.77,5.99,67.62,76.53
22.90,22.90,2.54,67.22,72.61
23.47,23.47,0.89,67.99,74.17
23.66,23.66,0.06,67.03,77.50
22.41,22.41,0.05,64.07,72.55
23.38,23.38,0.06,62.96,80.82
23.46,23.46,0.21,63.90,75.44
24.92,24.92,0.08,68.56,78.34
24.17,24.17,0.05,65.58,79.88
20.53,20.53,0.05,65.71,77.53
21.73,21.73,0.05,64.14,83.27
24.70,24.70,0.05,63.91,80.39
21.51,21.51,0.05,62.55,82.26
26.76,26.76,0.05,59.00,83.34
28.01,28.01,0.05,57.33,81.50
18.92,18.92,0.05,63.11,82.30
21.01,21.01,0.05,61.60,80.62
16.92,16.92,0.05,59.26,76.34
27.66,27.66,0.05,55.27,72.84
30.82,30.82,0.25,54.28,71.00
32.84,32.84,1.21,52.27,70.29
31.96,31.96,2.63,51.53,72.35
26.93,26.93,4.38,52.06,68.73
23.76,23.76,9.09,53.44,66.43
22.42,22.42,17.02,56.74,66.91
23.79,23.79,23.80,56.49,64.77
22.41,22.41,26.40,52.21,59.50
16.69,16.69,31.01,50.06,56.60
19.07,19.07,30.70,40.87,52.84
17.82,17.82,35.92,35.72,49.65
15.48,15.48,38.60,35.79,52.00
19.73,19.73,39.33,40.84,54.96
15.32,15.32,40.72,37.41,54.60
10.79,10.79,35.98,38.69,54.25
8.36,8.36,41.15,38.87,51.84
9.26,9.26,43.15,38.58,54.08
10.55,10.55,46.65,38.94,53.36
7.47,7.47,43.96,32.37,52.66
7.30,7.30,41.56,38.12,53.90
8.73,8.73,44.99,34.04,53.33
6.89,6.89,45.29,33.44,51.88
8.71,8.71,44.03,32.75,48.42
8.51,8.51,43.78,36.56,47.73
11.47,11.47,43.49,34.15,47.08
11.90,11.90,47.09,37.79,46.55
10.74,10.74,44.47,33.69,45.87
11.01,11.01,45.94,37.14,43.83
10.27,10.27,46.71,35.33,46.11
10.50,10.50,44.36,34.76,43.55
11.43,11.43,44.86,31.69,39.78
11.06,11.06,47.64,31.62,43.00
10.84,10.84,44.50,27.90,42.49
10.70,10.70,43.04,30.85,43.31
11.79,11.79,46.26,28.35,43.73
11.37,11.37,44.51,30.60,41.55
11.44,11.44,46.76,31.56,42.39
13.25,13.25,43.87,31.55,42.49
13.75,13.75,43.93,31.33,41.81
11.77,11.77,41.48,31.00,39.08
12.26,12.26,46.21,28.98,38.01
12.82,12.82,44.68,31.42,36.26
12.36,12.36,43.94,32.33,33.44
11.15,11.15,39.45,27.90,29.59
12.86,12.86,41.66,29.20,31.03
13.07,13.07,40.95,27.28,31.12
13.49,13.49,41.02,27.54,32.11
14.23,14.23,41.55,25.61,33.26
15.68,15.68,41.14,27.42,33.15
13.22,13.22,40.51,23.23,34.04
13.27,13.27,39.67,26.74,33.32
13.36,13.36,40.87,25.63,32.79
11.32,11.32,39.20,25.81,31.58
10.82,10.82,37.27,30.03,30.52
10.24,10.24,36.12,26.01,30.16
8.72,8.72,34.07,26.51,31.55
11.26,11.26,33.90,27.88,31.30
11.27,11.27,36.34,25.73,31.57
10.14,10.14,33.19,21.79,32.68
10.91,10.91,33.85,24.90,30.50
9.09,9.09,37.79,24.87,30.46
9.96,9.96,34.07,23.39,28.67
13.88,13.88,36.93,26.60,28.50
12.42,12.42,35.95,26.10,27.09
12.95,12.95,33.93,26.95,24.18
11.96,11.96,38.30,26.17,25.30
13.72,13.72,36.46,18.45,20.06
12.50,12.50,35.49,25.77,20.91
13.73,13.73,36.89,25.71,22.11
10.99,10.99,36.12,24.21,22.79
12.17,12.17,36.71,26.54,25.01
11.42,11.42,37.25,20.84,26.37
11.97,11.97,33.50,22.88,26.97
10.38,10.38,33.85,23.64,26.18
10.81,10.81,36.50,24.37,25.58
9.21,9.21,35.04,21.92,23.00
10.41,10.41,36.05,21.72,21.05
11.14,11.14,33.15,20.26,19.43
10.30,10.30,27.72,18.11,17.36
7.59,7.59,28.06,17.62,15.38
5.68,5.68,31.08,16.41,12.06
3.60,3.60,28.56,13.95,10.64
4.44,4.44,27.82,12.50,10.91
3.88,3.88,26.04,13.00,11.75
5.65,5.65,23.40,12.17,11.81
7.00,7.00,26.31,11.04,11.85
7.30,7.30,27.15,9.76,8.68
7.87,7.87,25.54,9.85,6.92
5.39,5.39,22.41,10.22,7.52
3.64,3.64,21.34,7.00,6.39
1.26,1.26,15.46,5.53,5.62
1.74,1.74,18.81,6.82,5.37
1.03,1.03,18.77,6.54,6.29
0.77,0.77,15.84,4.61,6.01
0.95,0.95,23.08,10.30,16.35
0.43,0.43,20.72,8.55,15.03
0.26,0.26,20.31,6.18,17.75
0.24,0.24,16.92,4.53,17.89
0.17,0.17,12.57,3.08,5.73
0.18,0.18,14.17,2.66,5.20
0.18,0.18,12.98,2.34,6.14
0.17,0.17,8.88,0.90,2.24
0.17,0.17,9.14,0.79,0.06
0.17,0.17,5.79,0.56,0.05
0.17,0.17,5.91,0.40,0.00
0.17,0.17,5.72,0.20,0.06
0.17,0.17,2.49,-0.00,0.00
0.17,0.17,0.69,-0.00,-0.00
0.17,0.17,0.25,-0.00,-0.00
0.17,0.17,0.54,-0.00,-0.00
0.17,0.17,1.63,-0.00,-0.00
0.17,0.17,1.99,-0.00,-0.00
0.17,0.17,0.53,-0.00,-0.00
0.17,0.17,0.05,-0.00,-0.00
0.17,0.17,0.05,-0.00,-0.00
0.17,0.17,0.05,-0.00,-0.00
0.17,0.17,0.05,-0.00,-0.00
0.17,0.17,0.05,-0.00,-0.00
0.17,0.17,0.05,-0.00,-0.00
0.17,0.17,0.05,-0.00,-0.00
0.17,0.17,0.05,-0.00,-0.00
0.17,0.17,0.05,-0.00,-0.00
0.17,0.17,0.05,-0.00,-0.00
0.17,0.17,0.05,-0.00,-0.00
0.17,0.17,0.05,-0.00,-0.00
0.17,0.17,0.05,-0.00,-0.00
0.17,0.17,0.05,-0.00,-0.00
0.17,0.17,0.05,-0.00,-0.00
0.17,0.17,0.05,-0.00,-0.00
0.17,0.17,0.05,-0.00,-0.00
0.17,0.17,0.05,-0.00,-0.00
0.17,0.17,0.05,-0.00,-0.00
0.17,0.17,0.05,-0.00,-0.00
0.17,0.17,0.05,-0.00,-0.00
0.17,0.17,0.05,-0.00,-0.00
0.17,0.17,0.05,-0.00,-0.00
0.17,0.17,0.05,-0.00,-0.00
0.17,0.17,0.05,-0.00,-0.00
0.17,0.17,0.05,-0.00,-0.00
0.17,0.17,0.05,-0.00,-0.00
0.17,0.17,0.05,-0.00,-0.00
0.17,0.17,0.05,-0.00,-0.00
0.17,0.17,0.05,-0.00,-0.00
0.17,0.17,0.05,-0.00,-0.00
0.17,0.17,0.05,-0.00,-0.00
0.17,0.17,0.05,-0.00,-0.00
0.17,0.17,0.05,-0.00,-0.00
0.17,0.17,0.05,-0.00,-0.00
0.17,0.17,0.05,-0.00,-0.00
0.17,0.17,0.05,-0.00,-0.00
0.17,0.17,0.05,-0.00,-0.00
0.17,0.17,0.05,-0.00,-0.00
0.17,0.17,0.05,-0.00,-0.00
0.17,0.17,0.05,-0.00,-0.00
0.17,0.17,0.05,-0.00,-0.00
0.17,0.17,0.05,-0.00,-0.00
0.17,0.17,0.05,-0.00,-0.00
0.17,0.17,0.05,-0.00,-0.00
0.17,0.17,0.05,-0.00,-0.00
0.17,0.17,0.05,-0.00,-0.00
0.17,0.17,0.05,-0.00,-0.00
0.17,0.17,0.05,-0.00,-0.00
0.17,0.17,0.05,-0.00,-0.00
0.17,0.17,0.05,-0.00,-0.00
0.17,0.17,0.05,-0.00,-0.00
0.17,0.17,0.05,-0.00,-0.00
0.17,0.17,0.05,-0.00,-0.00
0.17,0.17,0.05,-0.00,-0.00
0.17,0.17,0.05,-0.00,-0.00
0.17,0.17,0.05,-0.00,-0.00
0.17,0.17,0.05,-0.00,-0.00
0.17,0.17,0.05,-0.00,-0.00
0.17,0.17,0.05,-0.00,-0.00
0.17,0.17,0.05,-0.00,-0.00
0.17,0.17,0.05,-0.00,-0.00
0.17,0.17,0.05,-0.00,-0.00
0.17,0.17,0.05,-0.00,-0.00
0.17,0.17,0.05,-0.00,-0.00
0.17,0.17,0.05,-0.00,-0.00
0.17,0.17,0.05,-0.00,-0.00
0.17,0.17,0.05,-0.00,-0.00
0.17,0.17,0.05,-0.00,-0.00
0.17,0.17,0.05,-0.00,-0.00
0.17,0.17,0.05,-0.00,-0.00
0.17,0.17,0.05,-0.00,-0.00
0.17,0.17,0.05,-0.00,-0.00
0.17,0.17,0.05,-0.00,-0.00
0.17,0.17,0.05,-0.00,-0.00
0.17,0.17,0.05,-0.00,-0.00
0.17,0.17,0.05,-0.00,-0.00
0.17,0.17,0.05,-0.00,-0.00
0.17,0.17,0.05,-0.00,-0.00
0.17,0.17,0.05,-0.00,-0.00
0.17,0.17,0.05,-0.00,-0.00
0.17,0.17,0.05,-0.00,-0.00
0.17,0.17,0.05,-0.00,-0.00
0.17,0.17,0.05,-0.00,-0.00
0.17,0.17,0.05,-0.00,-0.00
0.17,0.17,0.05,-0.00,-0.00
0.17,0.17,0.05,-0.00,-0.00
0.17,0.17,0.05,-0.00,-0.00
0.17,0.17,0.05,-0.00,-0.00
0.17,0.17,0.05,-0.00,-0.00
0.17,0.17,0.05,-0.00,-0.00
0.17,0.17,0.05,-0.00,-0.00
0.17,0.17,0.05,-0.00,-0.00
0.17,0.17,0.05,-0.00,-0.00
0.17,0.17,0.05,-0.00,-0.00
0.17,0.17,0.05,-0.00,-0.00
0.17,0.17,0.05,-0.00,-0.00
0.17,0.17,0.05,-0.00,-0.00
0.17,0.17,0.05,-0.00,-0.00
0.17,0.17,0.05,-0.00,-0.00
0.17,0.17,0.05,-0.00,-0.00
0.17,0.17,0.05,-0.00,-0.00
0.17,0.17,0.05,-0.00,-0.00
0.17,0.17,0.05,-0.00,-0.00
0.17,0.17,0.05,-0.00,-0.00
0.17,0.17,0.05,-0.00,-0.00
0.17,0.17,0.05,-0.00,-0.00
0.17,0.17,0.05,-0.00,-0.00
0.17,0.17,0.05,-0.00,-0.00
0.17,0.17,0.05,-0.00,-0.00
0.17,0.17,0.05,-0.00,-0.00
0.17,0.17,0.05,-0.00,-0.00
0.17,0.17,0.05,-0.00,-0.00
0.17,0.17,0.05,-0.00,-0.00
0.17,0.17,0.05,-0.00,-0.00
0.17,0.17,0.05,-0.00,-0.00
0.17,0.17,0.05,-0.00,-0.00
0.17,0.17,0.05,-0.00,-0.00
0.17,0.17,0.05,-0.00,-0.00
0.17,0.17,0.05,-0.00,-0.00
0.17,0.17,0.05,-0.00,-0.00
0.17,0.17,0.05,-0.00,-0.00
0.17,0.17,0.05,-0.00,-0.00
0.17,0.17,0.05,-0.00,-0.00
0.17,0.17,0.05,-0.00,-0.00
0.17,0.17,0.05,-0.00,-0.00
0.17,0.17,0.05,-0.00,-0.00
0.17,0.17,0.05,-0.00,-0.00
0.17,0.17,0.05,-0.00,-0.00
0.17,0.17,0.05,-0.00,-0.00
0.17,0.17,0.05,-0.00,-0.00
0.17,0.17,0.05,-0.00,-0.00
0.17,0.17,0.05,-0.00,-0.00
0.17,0.17,0.05,-0.00,-0.00
0.17,0.17,0.05,-0.00,-0.00
0.17,0.17,0.05,-0.00,-0.00
0.17,0.17,0.05,-0.00,-0.00
0.17,0.17,0.05,-0.00,-0.00
0.17,0.17,0.05,-0.00,-0.00
0.17,0.17,0.05,-0.00,-0.00
0.17,0.17,0.05,-0.00,-0.00
0.17,0.17,0.05,-0.00,-0.00
0.17,0.17,0.05,-0.00,-0.00
0.17,0.17,0.05,-0.00,-0.00
0.17,0.17,0.05,-0.00,-0.00
0.17,0.17,0.05,-0.00,-0.00
0.17,0.17,0.05,-0.00,-0.00
0.17,0.17,0.05,-0.00,-0.00
0.17,0.17,0.05,-0.00,-0.00
0.17,0.17,0.05,-0.00,-0.00
0.17,0.17,0.05,-0.00,-0.00
0.17,0.17,0.05,-0.00,-0.00
0.17,0.17,0.05,-0.00,-0.00
0.17,0.17,0.05,-0.00,-0.00
0.17,0.17,0.05,-0.00,-0.00
0.17,0.17,0.05,-0.00,-0.00
0.17,0.17,0.05,-0.00,-0.00
0.17,0.17,0.05,-0.00,-0.00
0.17,0.17,0.05,-0.00,-0.00
0.17,0.17,0.05,-0.00,-0.00
0.17,0.17,0.05,-0.00,-0.00
0.17,0.17,0.05,-0.00,-0.00
0.17,0.17,0.05,-0.00,-0.00
0.17,0.17,0.05,-0.00,-0.00
0.17,0.17,0.05,-0.00,-0.00
0.17,0.17,0.05,-0.00,-0.00
0.17,0.17,0.05,-0.00,-0.00
0.17,0.17,0.05,-0.00,-0.00
0.17,0.17,0.05,-0.00,-0.00
0.17,0.17,0.05,-0.00,-0.00
0.17,0.17,0.05,-0.00,-0.00
0.17,0.17,0.05,-0.00,-0.00
0.17,0.17,0.05,-0.00,-0.00
0.17,0.17,0.05,-0.00,-0.00
0.17,0.17,0.05,-0.00,-0.00
0.17,0.17,0.05,-0.00,-0.00
0.17,0.17,0.05,-0.00,-0.00
0.17,0.17,0.05,-0.00,-0.00
0.17,0.17,0.05,-0.00,-0.00
0.17,0.17,0.05,-0.00,-0.00
0.17,0.17,0.05,-0.00,-0.00
0.17,0.17,0.05,-0.00,-0.00
0.17,0.17,0.05,-0.00,-0.00
0.17,0.17,0.05,-0.00,-0.00
0.17,0.17,0.05,-0.00,-0.00
0.17,0.17,0.05,-0.00,-0.00
0.17,0.17,0.05,-0.00,-0.00
0.17,0.17,0.05,-0.00,-0.00
0.17,0.17,0.05,-0.00,-0.00
0.17,0.17,0.05,-0.00,-0.00
0.17,0.17,0.05,-0.00,-0.00
0.17,0.17,0.05,-0.00,-0.00
0.17,0.17,0.05,-0.00,-0.00
0.17,0.17,0.05,-0.00,-0.00
0.17,0.17,0.05,-0.00,-0.00
0.17,0.17,0.05,-0.00,-0.00
0.17,0.17,0.05,-0.00,-0.00
0.17,0.17,0.05,-0.00,-0.00
0.17,0.17,0.05,-0.00,-0.00
0.17,0.17,0.05,-0.00,-0.00
0.17,0.17,0.05,-0.00,-0.00
0.17,0.17,0.05,-0.00,-0.00
0.17,0.17,0.05,-0.00,-0.00
0.17,0.17,0.05,-0.00,-0.00
0.17,0.17,0.05,-0.00,-0.00
0.17,0.17,0.05,-0.00,-0.00
0.17,0.17,0.05,-0.00,-0.00
0.17,0.17,0.05,-0.00,-0.00
0.17,0.17,0.05,-0.00,-0.00
0.17,0.17,0.05,-0.00,-0.00
0.17,0.17,0.05,-0.00,-0.00
0.17,0.17,0.05,-0.00,-0.00
0.17,0.17,0.05,-0.00,-0.00
0.17,0.17,0.05,-0.00,-0.00
0.17,0.17,0.05,-0.00,-0.00
0.17,0.17,0.05,-0.00,-0.00
0.17,0.17,0.05,-0.00,-0.00
0.17,0.17,0.05,-0.00,-0.00
0.17,0.17,0.05,-0.00,-0.00
0.17,0.17,0.05,-0.00,-0.00
0.17,0.17,0.05,-0.00,-0.00
0.17,0.17,0.05,-0.00,-0.00
0.17,0.17,0.05,-0.00,-0.00
0.17,0.17,0.05,-0.00,-0.00
0.17,0.17,0.05,-0.00,-0.00
0.17,0.17,0.05,-0.00,-0.00
0.17,0.17,0.05,-0.00,-0.00
0.17,0.17,0.05,-0.00,-0.00
0.17,0.17,0.05,-0.00,-0.00
0.17,0.17,0.05,-0.00,-0.00
0.17,0.17,0.05,-0.00,-0.00
0.17,0.17,0.05,-0.00,-0.00
0.17,0.17,0.05,-0.00,-0.00
0.17,0.17,0.05,-0.00,-0.00
0.17,0.17,0.05,-0.00,-0.00
0.17,0.17,0.05,-0.00,-0.00
0.17,0.17,0.05,-0.00,-0.00
0.17,0.17,0.05,-0.00,-0.00
0.17,0.17,0.05,-0.00,-0.00
0.17,0.17,0.05,-0.00,-0.00
0.17,0.17,0.05,-0.00,-0.00
0.17,0.17,0.05,-0.00,-0.00
0.17,0.17,0.05,-0.00,-0.00
0.17,0.17,0.05,-0.00,-0.00
0.17,0.17,0.05,-0.00,-0.00
0.17,0.17,0.05,-0.00,-0.00
0.17,0.17,0.05,-0.00,-0.00
0.17,0.17,0.05,-0.00,-0.00
0.17,0.17,0.05,-0.00,-0.00
0.17,0.17,0.05,-0.00,-0.00
0.17,0.17,0.05,-0.00,-0.00
0.17,0.17,0.05,-0.00,-0.00
0.17,0.17,0.05,-0.00,-0.00
0.17,0.17,0.05,-0.00,-0.00
0.17,0.17,0.05,-0.00,-0.00
0.17,0.17,0.05,-0.00,-0.00
0.17,0.17,0.05,-0.00,-0.00
0.17,0.17,0.05,-0.00,-0.00
0.17,0.17,0.05,-0.00,-0.00
0.17,0.17,0.05,-0.00,-0.00
0.17,0.17,0.05,-0.00,-0.00
0.17,0.17,0.05,-0.00,-0.00
0.17,0.17,0.05,-0.00,-0.00
0.17,0.17,0.05,-0.00,-0.00
0.17,0.17,0.05,-0.00,-0.00
0.17,0.17,0.05,-0.00,-0.00
0.17,0.17,0.05,-0.00,-0.00
0.17,0.17,0.05,-0.00,-0.00
0.17,0.17,0.05,-0.00,-0.00
0.17,0.17,0.05,-0.00,-0.00
0.17,0.17,0.05,-0.00,-0.00
0.17,0.17,0.05,-0.00,-0.00
0.17,0.17,0.05,-0.00,-0.00
0.17,0.17,0.05,-0.00,-0.00
0.17,0.17,0.05,-0.00,-0.00
